{"type": "FeatureCollection", "features": [{"type": "Feature", "geometry": {"type": "Point", "coordinates": [122.0, 3.0]}, "properties": {"id": "PH-0001", "datetime_utc": "1907-03-29T20:46:30Z", "year": 1907, "mag": 7.3, "mag_type": "Ms", "depth_km": 500.0, "ms": 7.3}}, {"type": "Feature", "geometry": {"type": "Point", "coordinates": [123.0, 14.0]}, "properties": {"id": "PH-0002", "datetime_utc": "1907-04-18T20:59:48Z", "year": 1907, "mag": 7.6, "mag_type": "Ms", "depth_km": 33.0, "ms": 7.6}}, {"type": "Feature", "geometry": {"type": "Point", "coordinates": [123.1, 13.5]}, "properties": {"id": "PH-0003", "datetime_utc": "1907-04-18T23:52:24Z", "year": 1907, "mag": 7.4, "mag_type": "Ms", "depth_km": 33.0, "ms": 7.4}}, {"type": "Feature", "geometry": {"type": "Point", "coordinates": [125.6, 7.1]}, "properties": {"id": "PH-0004", "datetime_utc": "1907-07-20T13:38:00Z", "year": 1907, "mag": 6.8, "mag_type": "Ms", "depth_km": 1.0, "ms": 6.8}}, {"type": "Feature", "geometry": {"type": "Point", "coordinates": [127.0, 4.0]}, "properties": {"id": "PH-0005", "datetime_utc": "1909-04-25T22:36:00Z", "year": 1909, "mag": 7.0, "mag_type": "Ms", "depth_km": 100.0, "ms": 7.0}}, {"type": "Feature", "geometry": {"type": "Point", "coordinates": [126.5, 4.5]}, "properties": {"id": "PH-0006", "datetime_utc": "1910-12-16T14:45:00Z", "year": 1910, "mag": 7.5, "mag_type": "Ms", "depth_km": 33.0, "ms": 7.5}}, {"type": "Feature", "geometry": {"type": "Point", "coordinates": [126.0, 6.0]}, "properties": {"id": "PH-0007", "datetime_utc": "1911-03-06T17:30:00Z", "year": 1911, "mag": 6.8, "mag_type": "Ms", "depth_km": 100.0, "ms": 6.8}}, {"type": "Feature", "geometry": {"type": "Point", "coordinates": [126.0, 9.0]}, "properties": {"id": "PH-0008", "datetime_utc": "1911-07-12T04:07:36Z", "year": 1911, "mag": 7.7, "mag_type": "Ms", "depth_km": 33.0, "ms": 7.7}}, {"type": "Feature", "geometry": {"type": "Point", "coordinates": [127.0, 4.0]}, "properties": {"id": "PH-0009", "datetime_utc": "1912-08-17T19:11:48Z", "year": 1912, "mag": 7.5, "mag_type": "Ms", "depth_km": 33.0, "ms": 7.5}}, {"type": "Feature", "geometry": {"type": "Point", "coordinates": [126.5, 4.5]}, "properties": {"id": "PH-0010", "datetime_utc": "1913-03-14T08:45:00Z", "year": 1913, "mag": 7.9, "mag_type": "Ms", "depth_km": 33.0, "ms": 7.9}}, {"type": "Feature", "geometry": {"type": "Point", "coordinates": [124.0, 12.0]}, "properties": {"id": "PH-0011", "datetime_utc": "1915-03-12T14:48:30Z", "year": 1915, "mag": 7.0, "mag_type": "Ms", "depth_km": 40.0, "ms": 7.0}}, {"type": "Feature", "geometry": {"type": "Point", "coordinates": [123.5, 5.5]}, "properties": {"id": "PH-0012", "datetime_utc": "1915-09-11T23:59:12Z", "year": 1915, "mag": 6.7, "mag_type": "Ms", "depth_km": 600.0, "ms": 6.7}}, {"type": "Feature", "geometry": {"type": "Point", "coordinates": [126.5, 6.5]}, "properties": {"id": "PH-0013", "datetime_utc": "1918-02-07T05:20:30Z", "year": 1918, "mag": 7.5, "mag_type": "Ms", "depth_km": 120.0, "ms": 7.5}}, {"type": "Feature", "geometry": {"type": "Point", "coordinates": [126.1, 5.5]}, "properties": {"id": "PH-0014", "datetime_utc": "1918-08-15T17:30:11Z", "year": 1918, "mag": 7.0, "mag_type": "Ms", "depth_km": 33.0, "ms": 7.0}}, {"type": "Feature", "geometry": {"type": "Point", "coordinates": [126.0, 8.0]}, "properties": {"id": "PH-0015", "datetime_utc": "1919-01-01T01:33:42Z", "year": 1919, "mag": 7.2, "mag_type": "Ms", "depth_km": 33.0, "ms": 7.2}}, {"type": "Feature", "geometry": {"type": "Point", "coordinates": [123.0, 13.0]}, "properties": {"id": "PH-0016", "datetime_utc": "1919-03-21T10:02:23Z", "year": 1919, "mag": 6.5, "mag_type": "Ms", "depth_km": 50.0, "ms": 6.5}}, {"type": "Feature", "geometry": {"type": "Point", "coordinates": [123.0, 11.0]}, "properties": {"id": "PH-0017", "datetime_utc": "1919-04-27T00:22:05Z", "year": 1919, "mag": 6.4, "mag_type": "Ms", "depth_km": 33.0, "ms": 6.4}}, {"type": "Feature", "geometry": {"type": "Point", "coordinates": [128.0, 5.0]}, "properties": {"id": "PH-0018", "datetime_utc": "1920-08-03T03:02:28Z", "year": 1920, "mag": 6.7, "mag_type": "Ms", "depth_km": 250.0, "ms": 6.7}}, {"type": "Feature", "geometry": {"type": "Point", "coordinates": [126.1, 3.5]}, "properties": {"id": "PH-0019", "datetime_utc": "1921-02-14T01:00:47Z", "year": 1921, "mag": 6.3, "mag_type": "Ms", "depth_km": 33.0, "ms": 6.3}}, {"type": "Feature", "geometry": {"type": "Point", "coordinates": [128.0, 2.0]}, "properties": {"id": "PH-0020", "datetime_utc": "1921-07-15T18:06:22Z", "year": 1921, "mag": 6.0, "mag_type": "Ms", "depth_km": 140.0, "ms": 6.0}}, {"type": "Feature", "geometry": {"type": "Point", "coordinates": [127.0, 8.0]}, "properties": {"id": "PH-0021", "datetime_utc": "1921-11-11T18:36:08Z", "year": 1921, "mag": 7.5, "mag_type": "Ms", "depth_km": 33.0, "ms": 7.5}}, {"type": "Feature", "geometry": {"type": "Point", "coordinates": [119.91, 13.82]}, "properties": {"id": "PH-0022", "datetime_utc": "1922-04-03T22:51:33.900000Z", "year": 1922, "mag": 5.0, "mag_type": "Ms", "depth_km": 68.0, "ms": 5.0}}, {"type": "Feature", "geometry": {"type": "Point", "coordinates": [127.5, 7.5]}, "properties": {"id": "PH-0023", "datetime_utc": "1922-06-02T20:11:47Z", "year": 1922, "mag": 6.7, "mag_type": "Ms", "depth_km": 50.0, "ms": 6.7}}, {"type": "Feature", "geometry": {"type": "Point", "coordinates": [127.0, 6.0]}, "properties": {"id": "PH-0024", "datetime_utc": "1923-03-16T22:01:38Z", "year": 1923, "mag": 7.0, "mag_type": "Ms", "depth_km": 33.0, "ms": 7.0}}, {"type": "Feature", "geometry": {"type": "Point", "coordinates": [124.1, 6.5]}, "properties": {"id": "PH-0025", "datetime_utc": "1923-03-02T16:48:52Z", "year": 1923, "mag": 7.2, "mag_type": "Ms", "depth_km": 33.0, "ms": 7.2}}, {"type": "Feature", "geometry": {"type": "Point", "coordinates": [117.5, 2.5]}, "properties": {"id": "PH-0026", "datetime_utc": "1923-04-19T03:09:08Z", "year": 1923, "mag": 7.0, "mag_type": "Ms", "depth_km": 33.0, "ms": 7.0}}, {"type": "Feature", "geometry": {"type": "Point", "coordinates": [119.5, 4.5]}, "properties": {"id": "PH-0027", "datetime_utc": "1923-08-11T00:54:25Z", "year": 1923, "mag": 6.5, "mag_type": "Ms", "depth_km": 33.0, "ms": 6.5}}, {"type": "Feature", "geometry": {"type": "Point", "coordinates": [126.5, 6.5]}, "properties": {"id": "PH-0028", "datetime_utc": "1924-04-14T16:23:00Z", "year": 1924, "mag": 8.3, "mag_type": "Ms", "depth_km": 33.0, "ms": 8.3}}, {"type": "Feature", "geometry": {"type": "Point", "coordinates": [126.5, 8.5]}, "properties": {"id": "PH-0029", "datetime_utc": "1924-08-30T03:04:57Z", "year": 1924, "mag": 7.3, "mag_type": "Ms", "depth_km": 33.0, "ms": 7.3}}, {"type": "Feature", "geometry": {"type": "Point", "coordinates": [125.1, 5.5]}, "properties": {"id": "PH-0030", "datetime_utc": "1925-03-26T10:25:12Z", "year": 1925, "mag": 6.5, "mag_type": "Ms", "depth_km": 180.0, "ms": 6.5}}, {"type": "Feature", "geometry": {"type": "Point", "coordinates": [123.1, 9.5]}, "properties": {"id": "PH-0031", "datetime_utc": "1925-05-05T10:06:06Z", "year": 1925, "mag": 6.8, "mag_type": "Ms", "depth_km": 33.0, "ms": 6.8}}, {"type": "Feature", "geometry": {"type": "Point", "coordinates": [122.5, 12.5]}, "properties": {"id": "PH-0032", "datetime_utc": "1925-05-25T03:43:06Z", "year": 1925, "mag": 6.3, "mag_type": "Ms", "depth_km": 33.0, "ms": 6.3}}, {"type": "Feature", "geometry": {"type": "Point", "coordinates": [128.1, 3.5]}, "properties": {"id": "PH-0033", "datetime_utc": "1925-10-18T08:25:58Z", "year": 1925, "mag": 6.3, "mag_type": "Ms", "depth_km": 220.0, "ms": 6.3}}, {"type": "Feature", "geometry": {"type": "Point", "coordinates": [125.0, 13.0]}, "properties": {"id": "PH-0034", "datetime_utc": "1925-11-13T12:14:45Z", "year": 1925, "mag": 7.3, "mag_type": "Ms", "depth_km": 33.0, "ms": 7.3}}, {"type": "Feature", "geometry": {"type": "Point", "coordinates": [125.0, 12.75]}, "properties": {"id": "PH-0035", "datetime_utc": "1925-11-13T12:16:00Z", "year": 1925, "mag": 7.3, "mag_type": "Ms", "depth_km": 33.0, "ms": 7.3}}, {"type": "Feature", "geometry": {"type": "Point", "coordinates": [126.0, 11.0]}, "properties": {"id": "PH-0036", "datetime_utc": "1926-01-23T03:11:52Z", "year": 1926, "mag": 5.6, "mag_type": "Ms", "depth_km": 33.0, "ms": 5.6}}, {"type": "Feature", "geometry": {"type": "Point", "coordinates": [129.0, 2.0]}, "properties": {"id": "PH-0037", "datetime_utc": "1926-07-14T16:59:27Z", "year": 1926, "mag": 6.3, "mag_type": "Ms", "depth_km": 180.0, "ms": 6.3}}, {"type": "Feature", "geometry": {"type": "Point", "coordinates": [122.5, 3.1]}, "properties": {"id": "PH-0038", "datetime_utc": "1926-09-30T05:17:43Z", "year": 1926, "mag": 6.3, "mag_type": "Ms", "depth_km": 600.0, "ms": 6.3}}, {"type": "Feature", "geometry": {"type": "Point", "coordinates": [124.5, 9.5]}, "properties": {"id": "PH-0039", "datetime_utc": "1926-10-30T13:46:34Z", "year": 1926, "mag": 6.3, "mag_type": "Ms", "depth_km": 520.0, "ms": 6.3}}, {"type": "Feature", "geometry": {"type": "Point", "coordinates": [120.5, 16.5]}, "properties": {"id": "PH-0040", "datetime_utc": "1927-04-13T13:44:14Z", "year": 1927, "mag": 6.7, "mag_type": "Ms", "depth_km": 140.0, "ms": 6.7}}, {"type": "Feature", "geometry": {"type": "Point", "coordinates": [120.5, 16.1]}, "properties": {"id": "PH-0041", "datetime_utc": "1927-04-13T14:34:37Z", "year": 1927, "mag": 6.3, "mag_type": "Ms", "depth_km": 140.0, "ms": 6.3}}, {"type": "Feature", "geometry": {"type": "Point", "coordinates": [120.0, 16.0]}, "properties": {"id": "PH-0042", "datetime_utc": "1927-04-19T17:30:10Z", "year": 1927, "mag": 6.7, "mag_type": "Ms", "depth_km": 100.0, "ms": 6.7}}, {"type": "Feature", "geometry": {"type": "Point", "coordinates": [126.1, 6.5]}, "properties": {"id": "PH-0043", "datetime_utc": "1927-11-16T21:10:09Z", "year": 1927, "mag": 6.9, "mag_type": "Ms", "depth_km": 50.0, "ms": 6.9}}, {"type": "Feature", "geometry": {"type": "Point", "coordinates": [121.5, 12.5]}, "properties": {"id": "PH-0044", "datetime_utc": "1928-06-15T06:12:39Z", "year": 1928, "mag": 7.0, "mag_type": "Ms", "depth_km": 33.0, "ms": 7.0}}, {"type": "Feature", "geometry": {"type": "Point", "coordinates": [121.5, 11.5]}, "properties": {"id": "PH-0045", "datetime_utc": "1928-06-15T17:16:17Z", "year": 1928, "mag": 6.7, "mag_type": "Ms", "depth_km": 33.0, "ms": 6.7}}, {"type": "Feature", "geometry": {"type": "Point", "coordinates": [119.5, 16.1]}, "properties": {"id": "PH-0046", "datetime_utc": "1928-09-05T14:41:56Z", "year": 1928, "mag": 6.3, "mag_type": "Ms", "depth_km": 33.0, "ms": 6.3}}, {"type": "Feature", "geometry": {"type": "Point", "coordinates": [124.5, 6.1]}, "properties": {"id": "PH-0047", "datetime_utc": "1928-12-19T11:37:12Z", "year": 1928, "mag": 7.3, "mag_type": "Ms", "depth_km": 33.0, "ms": 7.3}}, {"type": "Feature", "geometry": {"type": "Point", "coordinates": [123.1, 7.5]}, "properties": {"id": "PH-0048", "datetime_utc": "1928-12-28T14:19:35Z", "year": 1928, "mag": 6.9, "mag_type": "Ms", "depth_km": 33.0, "ms": 6.9}}, {"type": "Feature", "geometry": {"type": "Point", "coordinates": [124.6, 7.8]}, "properties": {"id": "PH-0049", "datetime_utc": "1929-04-08T10:16:53Z", "year": 1929, "mag": 6.7, "mag_type": "Ms", "depth_km": 610.0, "ms": 6.7}}, {"type": "Feature", "geometry": {"type": "Point", "coordinates": [124.5, 6.5]}, "properties": {"id": "PH-0050", "datetime_utc": "1929-06-04T15:15:58Z", "year": 1929, "mag": 7.0, "mag_type": "Ms", "depth_km": 300.0, "ms": 7.0}}, {"type": "Feature", "geometry": {"type": "Point", "coordinates": [124.1, 14.5]}, "properties": {"id": "PH-0051", "datetime_utc": "1929-07-21T13:15:59Z", "year": 1929, "mag": 5.6, "mag_type": "Ms", "depth_km": 33.0, "ms": 5.6}}, {"type": "Feature", "geometry": {"type": "Point", "coordinates": [125.0, 10.0]}, "properties": {"id": "PH-0052", "datetime_utc": "1929-09-21T18:54:23Z", "year": 1929, "mag": 6.0, "mag_type": "Ms", "depth_km": 300.0, "ms": 6.0}}, {"type": "Feature", "geometry": {"type": "Point", "coordinates": [122.1, 21.5]}, "properties": {"id": "PH-0053", "datetime_utc": "1930-05-16T15:03:48Z", "year": 1930, "mag": 6.5, "mag_type": "Ms", "depth_km": 50.0, "ms": 6.5}}, {"type": "Feature", "geometry": {"type": "Point", "coordinates": [124.5, 2.1]}, "properties": {"id": "PH-0054", "datetime_utc": "1930-05-30T12:56:55Z", "year": 1930, "mag": 6.3, "mag_type": "Ms", "depth_km": 300.0, "ms": 6.3}}, {"type": "Feature", "geometry": {"type": "Point", "coordinates": [122.5, 4.1]}, "properties": {"id": "PH-0055", "datetime_utc": "1930-11-08T03:22:40Z", "year": 1930, "mag": 6.9, "mag_type": "Ms", "depth_km": 670.0, "ms": 6.9}}, {"type": "Feature", "geometry": {"type": "Point", "coordinates": [122.3, 20.1]}, "properties": {"id": "PH-0056", "datetime_utc": "1930-12-21T14:51:24Z", "year": 1930, "mag": 6.9, "mag_type": "Ms", "depth_km": 170.0, "ms": 6.9}}, {"type": "Feature", "geometry": {"type": "Point", "coordinates": [126.0, 10.0]}, "properties": {"id": "PH-0057", "datetime_utc": "1931-01-24T13:41:04Z", "year": 1931, "mag": 6.3, "mag_type": "Ms", "depth_km": 33.0, "ms": 6.3}}, {"type": "Feature", "geometry": {"type": "Point", "coordinates": [126.0, 2.0]}, "properties": {"id": "PH-0058", "datetime_utc": "1931-02-27T09:37:48Z", "year": 1931, "mag": 6.7, "mag_type": "Ms", "depth_km": 33.0, "ms": 6.7}}, {"type": "Feature", "geometry": {"type": "Point", "coordinates": [127.0, 6.0]}, "properties": {"id": "PH-0059", "datetime_utc": "1931-03-18T20:13:30Z", "year": 1931, "mag": 7.0, "mag_type": "Ms", "depth_km": 50.0, "ms": 7.0}}, {"type": "Feature", "geometry": {"type": "Point", "coordinates": [120.2, 18.3]}, "properties": {"id": "PH-0060", "datetime_utc": "1931-03-19T06:24:48Z", "year": 1931, "mag": 6.9, "mag_type": "Ms", "depth_km": 33.0, "ms": 6.9}}, {"type": "Feature", "geometry": {"type": "Point", "coordinates": [123.8, 12.4]}, "properties": {"id": "PH-0061", "datetime_utc": "1931-07-12T16:45:24Z", "year": 1931, "mag": 6.5, "mag_type": "Ms", "depth_km": 33.0, "ms": 6.5}}, {"type": "Feature", "geometry": {"type": "Point", "coordinates": [126.0, 8.0]}, "properties": {"id": "PH-0062", "datetime_utc": "1931-10-26T11:57:29Z", "year": 1931, "mag": 5.6, "mag_type": "Ms", "depth_km": 33.0, "ms": 5.6}}, {"type": "Feature", "geometry": {"type": "Point", "coordinates": [126.3, 13.3]}, "properties": {"id": "PH-0063", "datetime_utc": "1931-10-26T14:42:08Z", "year": 1931, "mag": 5.6, "mag_type": "Ms", "depth_km": 33.0, "ms": 5.6}}, {"type": "Feature", "geometry": {"type": "Point", "coordinates": [121.5, 17.5]}, "properties": {"id": "PH-0064", "datetime_utc": "1931-10-28T05:35:03Z", "year": 1931, "mag": 6.3, "mag_type": "Ms", "depth_km": 33.0, "ms": 6.3}}, {"type": "Feature", "geometry": {"type": "Point", "coordinates": [127.0, 7.0]}, "properties": {"id": "PH-0065", "datetime_utc": "1932-04-29T17:30:40Z", "year": 1932, "mag": 5.6, "mag_type": "Ms", "depth_km": 33.0, "ms": 5.6}}, {"type": "Feature", "geometry": {"type": "Point", "coordinates": [122.5, 2.1]}, "properties": {"id": "PH-0066", "datetime_utc": "1932-06-06T06:26:21Z", "year": 1932, "mag": 5.7, "mag_type": "Ms", "depth_km": 280.0, "ms": 5.7}}, {"type": "Feature", "geometry": {"type": "Point", "coordinates": [126.0, 8.0]}, "properties": {"id": "PH-0067", "datetime_utc": "1932-06-08T14:54:38Z", "year": 1932, "mag": 6.3, "mag_type": "Ms", "depth_km": 100.0, "ms": 6.3}}, {"type": "Feature", "geometry": {"type": "Point", "coordinates": [127.1, 5.5]}, "properties": {"id": "PH-0068", "datetime_utc": "1932-06-10T20:21:20Z", "year": 1932, "mag": 6.7, "mag_type": "Ms", "depth_km": 80.0, "ms": 6.7}}, {"type": "Feature", "geometry": {"type": "Point", "coordinates": [119.3, 18.1]}, "properties": {"id": "PH-0069", "datetime_utc": "1932-06-13T20:57:32Z", "year": 1932, "mag": 6.3, "mag_type": "Ms", "depth_km": 33.0, "ms": 6.3}}, {"type": "Feature", "geometry": {"type": "Point", "coordinates": [120.2, 18.3]}, "properties": {"id": "PH-0070", "datetime_utc": "1932-06-14T05:59:42Z", "year": 1932, "mag": 6.5, "mag_type": "Ms", "depth_km": 80.0, "ms": 6.5}}, {"type": "Feature", "geometry": {"type": "Point", "coordinates": [120.0, 18.0]}, "properties": {"id": "PH-0071", "datetime_utc": "1932-06-14T11:20:12Z", "year": 1932, "mag": 5.0, "mag_type": "Ms", "depth_km": 40.0, "ms": 5.0}}, {"type": "Feature", "geometry": {"type": "Point", "coordinates": [126.5, 5.5]}, "properties": {"id": "PH-0072", "datetime_utc": "1932-07-09T20:23:54Z", "year": 1932, "mag": 6.0, "mag_type": "Ms", "depth_km": 120.0, "ms": 6.0}}, {"type": "Feature", "geometry": {"type": "Point", "coordinates": [124.5, 12.5]}, "properties": {"id": "PH-0073", "datetime_utc": "1932-07-11T08:21:31Z", "year": 1932, "mag": 5.6, "mag_type": "Ms", "depth_km": 33.0, "ms": 5.6}}, {"type": "Feature", "geometry": {"type": "Point", "coordinates": [120.0, 14.0]}, "properties": {"id": "PH-0074", "datetime_utc": "1932-07-18T05:02:05Z", "year": 1932, "mag": 6.0, "mag_type": "Ms", "depth_km": 100.0, "ms": 6.0}}, {"type": "Feature", "geometry": {"type": "Point", "coordinates": [120.5, 16.5]}, "properties": {"id": "PH-0075", "datetime_utc": "1932-07-24T12:10:32Z", "year": 1932, "mag": 6.3, "mag_type": "Ms", "depth_km": 33.0, "ms": 6.3}}, {"type": "Feature", "geometry": {"type": "Point", "coordinates": [122.0, 5.0]}, "properties": {"id": "PH-0076", "datetime_utc": "1932-09-15T11:12:30Z", "year": 1932, "mag": 6.3, "mag_type": "Ms", "depth_km": 33.0, "ms": 6.3}}, {"type": "Feature", "geometry": {"type": "Point", "coordinates": [124.5, 2.1]}, "properties": {"id": "PH-0077", "datetime_utc": "1932-11-18T13:47:16Z", "year": 1932, "mag": 6.5, "mag_type": "Ms", "depth_km": 280.0, "ms": 6.5}}, {"type": "Feature", "geometry": {"type": "Point", "coordinates": [121.9, 2.1]}, "properties": {"id": "PH-0078", "datetime_utc": "1932-12-04T08:11:00Z", "year": 1932, "mag": 7.1, "mag_type": "Ms", "depth_km": 33.0, "ms": 7.1}}, {"type": "Feature", "geometry": {"type": "Point", "coordinates": [121.8, 2.9]}, "properties": {"id": "PH-0079", "datetime_utc": "1932-12-04T10:32:48Z", "year": 1932, "mag": 6.3, "mag_type": "Ms", "depth_km": 33.0, "ms": 6.3}}, {"type": "Feature", "geometry": {"type": "Point", "coordinates": [121.0, 21.0]}, "properties": {"id": "PH-0080", "datetime_utc": "1932-12-15T19:33:38Z", "year": 1932, "mag": 6.0, "mag_type": "Ms", "depth_km": 33.0, "ms": 6.0}}, {"type": "Feature", "geometry": {"type": "Point", "coordinates": [127.0, 7.0]}, "properties": {"id": "PH-0081", "datetime_utc": "1932-12-16T07:14:22Z", "year": 1932, "mag": 5.6, "mag_type": "Ms", "depth_km": 33.0, "ms": 5.6}}, {"type": "Feature", "geometry": {"type": "Point", "coordinates": [126.1, 2.5]}, "properties": {"id": "PH-0082", "datetime_utc": "1933-02-16T09:08:08Z", "year": 1933, "mag": 5.6, "mag_type": "Ms", "depth_km": 33.0, "ms": 5.6}}, {"type": "Feature", "geometry": {"type": "Point", "coordinates": [125.1, 5.5]}, "properties": {"id": "PH-0083", "datetime_utc": "1933-02-22T03:48:10Z", "year": 1933, "mag": 5.6, "mag_type": "Ms", "depth_km": 33.0, "ms": 5.6}}, {"type": "Feature", "geometry": {"type": "Point", "coordinates": [120.1, 15.5]}, "properties": {"id": "PH-0084", "datetime_utc": "1933-03-03T02:19:38Z", "year": 1933, "mag": 6.5, "mag_type": "Ms", "depth_km": 120.0, "ms": 6.5}}, {"type": "Feature", "geometry": {"type": "Point", "coordinates": [128.1, 6.5]}, "properties": {"id": "PH-0085", "datetime_utc": "1933-03-17T19:32:30Z", "year": 1933, "mag": 6.7, "mag_type": "Ms", "depth_km": 33.0, "ms": 6.7}}, {"type": "Feature", "geometry": {"type": "Point", "coordinates": [127.0, 6.0]}, "properties": {"id": "PH-0086", "datetime_utc": "1933-04-01T08:07:35Z", "year": 1933, "mag": 5.6, "mag_type": "Ms", "depth_km": 33.0, "ms": 5.6}}, {"type": "Feature", "geometry": {"type": "Point", "coordinates": [120.0, 14.0]}, "properties": {"id": "PH-0087", "datetime_utc": "1933-06-06T02:28:22Z", "year": 1933, "mag": 6.3, "mag_type": "Ms", "depth_km": 33.0, "ms": 6.3}}, {"type": "Feature", "geometry": {"type": "Point", "coordinates": [126.0, 4.0]}, "properties": {"id": "PH-0088", "datetime_utc": "1933-06-24T13:55:00Z", "year": 1933, "mag": 5.6, "mag_type": "Ms", "depth_km": 33.0, "ms": 5.6}}, {"type": "Feature", "geometry": {"type": "Point", "coordinates": [124.8, 13.6]}, "properties": {"id": "PH-0089", "datetime_utc": "1933-07-20T11:45:18Z", "year": 1933, "mag": 6.5, "mag_type": "Ms", "depth_km": 33.0, "ms": 6.5}}, {"type": "Feature", "geometry": {"type": "Point", "coordinates": [126.0, 3.0]}, "properties": {"id": "PH-0090", "datetime_utc": "1933-09-03T03:45:59Z", "year": 1933, "mag": 5.6, "mag_type": "Ms", "depth_km": 33.0, "ms": 5.6}}, {"type": "Feature", "geometry": {"type": "Point", "coordinates": [121.0, 13.0]}, "properties": {"id": "PH-0091", "datetime_utc": "1933-09-20T23:33:40Z", "year": 1933, "mag": 6.5, "mag_type": "Ms", "depth_km": 100.0, "ms": 6.5}}, {"type": "Feature", "geometry": {"type": "Point", "coordinates": [126.0, 6.0]}, "properties": {"id": "PH-0092", "datetime_utc": "1933-09-25T13:45:45Z", "year": 1933, "mag": 6.0, "mag_type": "Ms", "depth_km": 33.0, "ms": 6.0}}, {"type": "Feature", "geometry": {"type": "Point", "coordinates": [127.0, 7.0]}, "properties": {"id": "PH-0093", "datetime_utc": "1933-09-28T00:27:58Z", "year": 1933, "mag": 5.7, "mag_type": "Ms", "depth_km": 100.0, "ms": 5.7}}, {"type": "Feature", "geometry": {"type": "Point", "coordinates": [124.7, 6.1]}, "properties": {"id": "PH-0094", "datetime_utc": "1934-01-16T18:39:42Z", "year": 1934, "mag": 6.3, "mag_type": "Ms", "depth_km": 33.0, "ms": 6.3}}, {"type": "Feature", "geometry": {"type": "Point", "coordinates": [119.1, 17.5]}, "properties": {"id": "PH-0095", "datetime_utc": "1934-02-14T03:59:34Z", "year": 1934, "mag": 7.6, "mag_type": "Ms", "depth_km": 33.0, "ms": 7.6}}, {"type": "Feature", "geometry": {"type": "Point", "coordinates": [120.3, 19.7]}, "properties": {"id": "PH-0096", "datetime_utc": "1934-03-12T03:20:42Z", "year": 1934, "mag": 5.6, "mag_type": "Ms", "depth_km": 33.0, "ms": 5.6}}, {"type": "Feature", "geometry": {"type": "Point", "coordinates": [128.1, 7.5]}, "properties": {"id": "PH-0097", "datetime_utc": "1934-03-15T22:15:06Z", "year": 1934, "mag": 7.3, "mag_type": "Ms", "depth_km": 33.0, "ms": 7.3}}, {"type": "Feature", "geometry": {"type": "Point", "coordinates": [127.3, 8.1]}, "properties": {"id": "PH-0098", "datetime_utc": "1934-03-16T03:59:15Z", "year": 1934, "mag": 6.0, "mag_type": "Ms", "depth_km": 33.0, "ms": 6.0}}, {"type": "Feature", "geometry": {"type": "Point", "coordinates": [121.5, 21.5]}, "properties": {"id": "PH-0099", "datetime_utc": "1934-04-16T13:40:18Z", "year": 1934, "mag": 6.0, "mag_type": "Ms", "depth_km": 33.0, "ms": 6.0}}, {"type": "Feature", "geometry": {"type": "Point", "coordinates": [121.0, 2.0]}, "properties": {"id": "PH-0100", "datetime_utc": "1934-06-14T19:08:36Z", "year": 1934, "mag": 5.6, "mag_type": "Ms", "depth_km": 33.0, "ms": 5.6}}, {"type": "Feature", "geometry": {"type": "Point", "coordinates": [119.7, 15.1]}, "properties": {"id": "PH-0101", "datetime_utc": "1934-07-31T05:58:34Z", "year": 1934, "mag": 5.6, "mag_type": "Ms", "depth_km": 33.0, "ms": 5.6}}, {"type": "Feature", "geometry": {"type": "Point", "coordinates": [127.0, 8.0]}, "properties": {"id": "PH-0102", "datetime_utc": "1934-08-12T23:49:12Z", "year": 1934, "mag": 6.9, "mag_type": "Ms", "depth_km": 34.0, "ms": 6.9}}, {"type": "Feature", "geometry": {"type": "Point", "coordinates": [126.1, 6.5]}, "properties": {"id": "PH-0103", "datetime_utc": "1934-09-06T02:16:52Z", "year": 1934, "mag": 6.0, "mag_type": "Ms", "depth_km": 150.0, "ms": 6.0}}, {"type": "Feature", "geometry": {"type": "Point", "coordinates": [120.2, 14.2]}, "properties": {"id": "PH-0104", "datetime_utc": "1934-11-26T12:09:24Z", "year": 1934, "mag": 6.3, "mag_type": "Ms", "depth_km": 33.0, "ms": 6.3}}, {"type": "Feature", "geometry": {"type": "Point", "coordinates": [122.7, 13.5]}, "properties": {"id": "PH-0105", "datetime_utc": "1935-02-07T17:29:02Z", "year": 1935, "mag": 6.0, "mag_type": "Ms", "depth_km": 33.0, "ms": 6.0}}, {"type": "Feature", "geometry": {"type": "Point", "coordinates": [126.1, 5.7]}, "properties": {"id": "PH-0106", "datetime_utc": "1935-05-07T05:55:20Z", "year": 1935, "mag": 6.0, "mag_type": "Ms", "depth_km": 50.0, "ms": 6.0}}, {"type": "Feature", "geometry": {"type": "Point", "coordinates": [126.5, 4.1]}, "properties": {"id": "PH-0107", "datetime_utc": "1935-05-20T05:21:29Z", "year": 1935, "mag": 6.0, "mag_type": "Ms", "depth_km": 33.0, "ms": 6.0}}, {"type": "Feature", "geometry": {"type": "Point", "coordinates": [125.5, 12.5]}, "properties": {"id": "PH-0108", "datetime_utc": "1935-05-24T05:36:30Z", "year": 1935, "mag": 6.7, "mag_type": "Ms", "depth_km": 33.0, "ms": 6.7}}, {"type": "Feature", "geometry": {"type": "Point", "coordinates": [125.5, 12.1]}, "properties": {"id": "PH-0109", "datetime_utc": "1935-05-25T00:07:55Z", "year": 1935, "mag": 6.3, "mag_type": "Ms", "depth_km": 33.0, "ms": 6.3}}, {"type": "Feature", "geometry": {"type": "Point", "coordinates": [125.5, 11.7]}, "properties": {"id": "PH-0110", "datetime_utc": "1935-05-26T22:03:47Z", "year": 1935, "mag": 6.3, "mag_type": "Ms", "depth_km": 33.0, "ms": 6.3}}, {"type": "Feature", "geometry": {"type": "Point", "coordinates": [126.5, 7.5]}, "properties": {"id": "PH-0111", "datetime_utc": "1935-06-01T14:39:52Z", "year": 1935, "mag": 6.0, "mag_type": "Ms", "depth_km": 100.0, "ms": 6.0}}, {"type": "Feature", "geometry": {"type": "Point", "coordinates": [125.5, 12.5]}, "properties": {"id": "PH-0112", "datetime_utc": "1935-06-18T22:27:41Z", "year": 1935, "mag": 6.3, "mag_type": "Ms", "depth_km": 33.0, "ms": 6.3}}, {"type": "Feature", "geometry": {"type": "Point", "coordinates": [125.0, 6.0]}, "properties": {"id": "PH-0113", "datetime_utc": "1935-10-04T05:15:36Z", "year": 1935, "mag": 6.5, "mag_type": "Ms", "depth_km": 400.0, "ms": 6.5}}, {"type": "Feature", "geometry": {"type": "Point", "coordinates": [127.1, 2.5]}, "properties": {"id": "PH-0114", "datetime_utc": "1935-02-04T21:07:31Z", "year": 1935, "mag": 6.5, "mag_type": "Ms", "depth_km": 80.0, "ms": 6.5}}, {"type": "Feature", "geometry": {"type": "Point", "coordinates": [127.0, 6.0]}, "properties": {"id": "PH-0115", "datetime_utc": "1936-01-20T16:56:18Z", "year": 1936, "mag": 7.1, "mag_type": "Ms", "depth_km": 80.0, "ms": 7.1}}, {"type": "Feature", "geometry": {"type": "Point", "coordinates": [127.2, 4.5]}, "properties": {"id": "PH-0116", "datetime_utc": "1936-04-01T02:09:30Z", "year": 1936, "mag": 7.7, "mag_type": "Ms", "depth_km": 33.0, "ms": 7.7}}, {"type": "Feature", "geometry": {"type": "Point", "coordinates": [121.5, 13.5]}, "properties": {"id": "PH-0117", "datetime_utc": "1936-05-20T00:16:01Z", "year": 1936, "mag": 6.0, "mag_type": "Ms", "depth_km": 160.0, "ms": 6.0}}, {"type": "Feature", "geometry": {"type": "Point", "coordinates": [126.7, 6.3]}, "properties": {"id": "PH-0118", "datetime_utc": "1936-07-05T18:55:13Z", "year": 1936, "mag": 7.3, "mag_type": "Ms", "depth_km": 60.0, "ms": 7.3}}, {"type": "Feature", "geometry": {"type": "Point", "coordinates": [121.0, 19.0]}, "properties": {"id": "PH-0119", "datetime_utc": "1936-08-04T14:09:41Z", "year": 1936, "mag": 5.6, "mag_type": "Ms", "depth_km": 33.0, "ms": 5.6}}, {"type": "Feature", "geometry": {"type": "Point", "coordinates": [127.2, 8.5]}, "properties": {"id": "PH-0120", "datetime_utc": "1937-08-13T20:02:36Z", "year": 1937, "mag": 6.7, "mag_type": "Ms", "depth_km": 60.0, "ms": 6.7}}, {"type": "Feature", "geometry": {"type": "Point", "coordinates": [122.7, 9.1]}, "properties": {"id": "PH-0121", "datetime_utc": "1936-10-05T06:08:34Z", "year": 1936, "mag": 5.7, "mag_type": "Ms", "depth_km": 33.0, "ms": 5.7}}, {"type": "Feature", "geometry": {"type": "Point", "coordinates": [121.0, 18.0]}, "properties": {"id": "PH-0122", "datetime_utc": "1937-03-16T15:45:46Z", "year": 1937, "mag": 6.5, "mag_type": "Ms", "depth_km": 100.0, "ms": 6.5}}, {"type": "Feature", "geometry": {"type": "Point", "coordinates": [122.1, 2.5]}, "properties": {"id": "PH-0123", "datetime_utc": "1937-05-13T18:47:52Z", "year": 1937, "mag": 6.3, "mag_type": "Ms", "depth_km": 200.0, "ms": 6.3}}, {"type": "Feature", "geometry": {"type": "Point", "coordinates": [121.5, 14.5]}, "properties": {"id": "PH-0124", "datetime_utc": "1937-08-20T11:59:16Z", "year": 1937, "mag": 7.5, "mag_type": "Ms", "depth_km": 33.0, "ms": 7.5}}, {"type": "Feature", "geometry": {"type": "Point", "coordinates": [126.7, 2.1]}, "properties": {"id": "PH-0125", "datetime_utc": "1937-09-21T09:39:47Z", "year": 1937, "mag": 6.9, "mag_type": "Ms", "depth_km": 50.0, "ms": 6.9}}, {"type": "Feature", "geometry": {"type": "Point", "coordinates": [122.1, 2.5]}, "properties": {"id": "PH-0126", "datetime_utc": "1937-09-28T13:17:43Z", "year": 1937, "mag": 6.5, "mag_type": "Ms", "depth_km": 200.0, "ms": 6.5}}, {"type": "Feature", "geometry": {"type": "Point", "coordinates": [124.0, 14.0]}, "properties": {"id": "PH-0127", "datetime_utc": "1938-02-05T09:55:10Z", "year": 1938, "mag": 6.5, "mag_type": "Ms", "depth_km": 160.0, "ms": 6.5}}, {"type": "Feature", "geometry": {"type": "Point", "coordinates": [119.7, 18.2]}, "properties": {"id": "PH-0128", "datetime_utc": "1938-05-23T08:21:48Z", "year": 1938, "mag": 7.0, "mag_type": "Ms", "depth_km": 80.0, "ms": 7.0}}, {"type": "Feature", "geometry": {"type": "Point", "coordinates": [127.3, 2.2]}, "properties": {"id": "PH-0129", "datetime_utc": "1938-10-10T20:48:06Z", "year": 1938, "mag": 7.3, "mag_type": "Ms", "depth_km": 33.0, "ms": 7.3}}, {"type": "Feature", "geometry": {"type": "Point", "coordinates": [126.3, 7.2]}, "properties": {"id": "PH-0130", "datetime_utc": "1939-02-04T11:34:05Z", "year": 1939, "mag": 6.0, "mag_type": "Ms", "depth_km": 100.0, "ms": 6.0}}, {"type": "Feature", "geometry": {"type": "Point", "coordinates": [121.3, 13.5]}, "properties": {"id": "PH-0131", "datetime_utc": "1939-05-06T17:00:07Z", "year": 1939, "mag": 6.5, "mag_type": "Ms", "depth_km": 110.0, "ms": 6.5}}, {"type": "Feature", "geometry": {"type": "Point", "coordinates": [126.2, 4.4]}, "properties": {"id": "PH-0132", "datetime_utc": "1939-06-02T03:33:18Z", "year": 1939, "mag": 7.0, "mag_type": "Ms", "depth_km": 85.0, "ms": 7.0}}, {"type": "Feature", "geometry": {"type": "Point", "coordinates": [127.7, 3.5]}, "properties": {"id": "PH-0133", "datetime_utc": "1939-09-13T07:16:26Z", "year": 1939, "mag": 5.7, "mag_type": "Ms", "depth_km": 90.0, "ms": 5.7}}, {"type": "Feature", "geometry": {"type": "Point", "coordinates": [120.6, 14.2]}, "properties": {"id": "PH-0134", "datetime_utc": "1940-03-28T15:48:50Z", "year": 1940, "mag": 6.8, "mag_type": "Ms", "depth_km": 160.0, "ms": 6.8}}, {"type": "Feature", "geometry": {"type": "Point", "coordinates": [123.0, 5.0]}, "properties": {"id": "PH-0135", "datetime_utc": "1940-06-18T13:52:33Z", "year": 1940, "mag": 6.5, "mag_type": "Ms", "depth_km": 33.0, "ms": 6.5}}, {"type": "Feature", "geometry": {"type": "Point", "coordinates": [120.9, 2.3]}, "properties": {"id": "PH-0136", "datetime_utc": "1940-07-21T15:38:25Z", "year": 1940, "mag": 6.3, "mag_type": "Ms", "depth_km": 100.0, "ms": 6.3}}, {"type": "Feature", "geometry": {"type": "Point", "coordinates": [123.5, 7.5]}, "properties": {"id": "PH-0137", "datetime_utc": "1940-09-22T22:51:58Z", "year": 1940, "mag": 6.8, "mag_type": "Ms", "depth_km": 33.0, "ms": 6.8}}, {"type": "Feature", "geometry": {"type": "Point", "coordinates": [126.0, 5.5]}, "properties": {"id": "PH-0138", "datetime_utc": "1940-10-07T06:43:03Z", "year": 1940, "mag": 7.0, "mag_type": "Ms", "depth_km": 33.0, "ms": 7.0}}, {"type": "Feature", "geometry": {"type": "Point", "coordinates": [124.5, 10.0]}, "properties": {"id": "PH-0139", "datetime_utc": "1941-02-04T14:03:18Z", "year": 1941, "mag": 6.9, "mag_type": "Ms", "depth_km": 33.0, "ms": 6.9}}, {"type": "Feature", "geometry": {"type": "Point", "coordinates": [122.1, 14.2]}, "properties": {"id": "PH-0140", "datetime_utc": "1941-05-09T05:32:40Z", "year": 1941, "mag": 6.8, "mag_type": "Ms", "depth_km": 33.0, "ms": 6.8}}, {"type": "Feature", "geometry": {"type": "Point", "coordinates": [126.3, 7.2]}, "properties": {"id": "PH-0141", "datetime_utc": "1941-06-16T11:26:59Z", "year": 1941, "mag": 6.5, "mag_type": "Ms", "depth_km": 33.0, "ms": 6.5}}, {"type": "Feature", "geometry": {"type": "Point", "coordinates": [123.0, 10.0]}, "properties": {"id": "PH-0142", "datetime_utc": "1941-07-19T17:54:25Z", "year": 1941, "mag": 5.8, "mag_type": "Ms", "depth_km": 477.0, "ms": 5.8}}, {"type": "Feature", "geometry": {"type": "Point", "coordinates": [123.5, 12.5]}, "properties": {"id": "PH-0143", "datetime_utc": "1941-11-05T17:38:44Z", "year": 1941, "mag": 6.9, "mag_type": "Ms", "depth_km": 33.0, "ms": 6.9}}, {"type": "Feature", "geometry": {"type": "Point", "coordinates": [120.6, 13.2]}, "properties": {"id": "PH-0144", "datetime_utc": "1942-04-08T15:40:24Z", "year": 1942, "mag": 7.7, "mag_type": "Ms", "depth_km": 33.0, "ms": 7.7}}, {"type": "Feature", "geometry": {"type": "Point", "coordinates": [125.1, 11.8]}, "properties": {"id": "PH-0145", "datetime_utc": "1942-07-25T06:22:39Z", "year": 1942, "mag": 6.8, "mag_type": "Ms", "depth_km": 90.0, "ms": 6.8}}, {"type": "Feature", "geometry": {"type": "Point", "coordinates": [122.4, 7.9]}, "properties": {"id": "PH-0146", "datetime_utc": "1942-10-20T23:21:45Z", "year": 1942, "mag": 7.3, "mag_type": "Ms", "depth_km": 33.0, "ms": 7.3}}, {"type": "Feature", "geometry": {"type": "Point", "coordinates": [124.3, 12.9]}, "properties": {"id": "PH-0147", "datetime_utc": "1943-05-03T01:59:08Z", "year": 1943, "mag": 7.4, "mag_type": "Ms", "depth_km": 33.0, "ms": 7.4}}, {"type": "Feature", "geometry": {"type": "Point", "coordinates": [127.5, 7.6]}, "properties": {"id": "PH-0148", "datetime_utc": "1943-05-25T23:07:36Z", "year": 1943, "mag": 7.9, "mag_type": "Ms", "depth_km": 33.0, "ms": 7.9}}, {"type": "Feature", "geometry": {"type": "Point", "coordinates": [123.0, 5.0]}, "properties": {"id": "PH-0149", "datetime_utc": "1945-04-22T09:51:18Z", "year": 1945, "mag": 6.8, "mag_type": "Ms", "depth_km": 540.0, "ms": 6.8}}, {"type": "Feature", "geometry": {"type": "Point", "coordinates": [124.7, 11.3]}, "properties": {"id": "PH-0150", "datetime_utc": "1947-06-07T18:47:48Z", "year": 1947, "mag": 6.9, "mag_type": "Ms", "depth_km": 33.0, "ms": 6.9}}, {"type": "Feature", "geometry": {"type": "Point", "coordinates": [122.0, 10.5]}, "properties": {"id": "PH-0151", "datetime_utc": "1948-01-24T17:46:00Z", "year": 1948, "mag": 8.3, "mag_type": "Ms", "depth_km": 33.0, "ms": 8.3}}, {"type": "Feature", "geometry": {"type": "Point", "coordinates": [118.5, 19.1]}, "properties": {"id": "PH-0152", "datetime_utc": "1948-03-03T09:09:54Z", "year": 1948, "mag": 7.2, "mag_type": "Ms", "depth_km": 33.0, "ms": 7.2}}, {"type": "Feature", "geometry": {"type": "Point", "coordinates": [125.5, 10.1]}, "properties": {"id": "PH-0153", "datetime_utc": "1948-09-02T23:34:50Z", "year": 1948, "mag": 7.0, "mag_type": "Ms", "depth_km": 33.0, "ms": 7.0}}, {"type": "Feature", "geometry": {"type": "Point", "coordinates": [127.5, 3.5]}, "properties": {"id": "PH-0154", "datetime_utc": "1949-03-27T06:34:05Z", "year": 1949, "mag": 7.0, "mag_type": "Ms", "depth_km": 33.0, "ms": 7.0}}, {"type": "Feature", "geometry": {"type": "Point", "coordinates": [125.1, 6.5]}, "properties": {"id": "PH-0155", "datetime_utc": "1949-04-30T01:23:32Z", "year": 1949, "mag": 7.4, "mag_type": "Ms", "depth_km": 130.0, "ms": 7.4}}, {"type": "Feature", "geometry": {"type": "Point", "coordinates": [121.5, 17.5]}, "properties": {"id": "PH-0156", "datetime_utc": "1949-12-29T03:03:50Z", "year": 1949, "mag": 7.2, "mag_type": "Ms", "depth_km": 33.0, "ms": 7.2}}, {"type": "Feature", "geometry": {"type": "Point", "coordinates": [122.5, 11.1]}, "properties": {"id": "PH-0157", "datetime_utc": "1950-03-07T02:07:54Z", "year": 1950, "mag": 6.7, "mag_type": "Ms", "depth_km": 60.0, "ms": 6.7}}, {"type": "Feature", "geometry": {"type": "Point", "coordinates": [127.5, 5.5]}, "properties": {"id": "PH-0158", "datetime_utc": "1950-06-25T11:04:51Z", "year": 1950, "mag": 6.5, "mag_type": "Ms", "depth_km": 33.0, "ms": 6.5}}, {"type": "Feature", "geometry": {"type": "Point", "coordinates": [127.5, 2.5]}, "properties": {"id": "PH-0159", "datetime_utc": "1950-07-29T16:45:56Z", "year": 1950, "mag": 7.0, "mag_type": "Ms", "depth_km": 33.0, "ms": 7.0}}, {"type": "Feature", "geometry": {"type": "Point", "coordinates": [126.0, 6.0]}, "properties": {"id": "PH-0160", "datetime_utc": "1950-08-07T02:44:44Z", "year": 1950, "mag": 6.7, "mag_type": "Ms", "depth_km": 33.0, "ms": 6.7}}, {"type": "Feature", "geometry": {"type": "Point", "coordinates": [126.0, 6.0]}, "properties": {"id": "PH-0161", "datetime_utc": "1950-08-31T07:05:36Z", "year": 1950, "mag": 7.0, "mag_type": "Ms", "depth_km": 33.0, "ms": 7.0}}, {"type": "Feature", "geometry": {"type": "Point", "coordinates": [116.5, 6.7]}, "properties": {"id": "PH-0162", "datetime_utc": "1951-06-02T06:47:53Z", "year": 1951, "mag": 5.7, "mag_type": "Ms", "depth_km": 33.0, "ms": 5.7}}, {"type": "Feature", "geometry": {"type": "Point", "coordinates": [124.5, 6.1]}, "properties": {"id": "PH-0163", "datetime_utc": "1951-07-02T05:06:23Z", "year": 1951, "mag": 6.1, "mag_type": "Ms", "depth_km": 100.0, "ms": 6.1}}, {"type": "Feature", "geometry": {"type": "Point", "coordinates": [122.0, 11.0]}, "properties": {"id": "PH-0164", "datetime_utc": "1951-07-08T05:44:20Z", "year": 1951, "mag": 6.5, "mag_type": "Ms", "depth_km": 33.0, "ms": 6.5}}, {"type": "Feature", "geometry": {"type": "Point", "coordinates": [126.5, 9.5]}, "properties": {"id": "PH-0165", "datetime_utc": "1952-03-19T10:57:07Z", "year": 1952, "mag": 7.7, "mag_type": "Ms", "depth_km": 33.0, "ms": 7.7}}, {"type": "Feature", "geometry": {"type": "Point", "coordinates": [126.9, 2.2]}, "properties": {"id": "PH-0166", "datetime_utc": "1952-05-08T21:10:53Z", "year": 1952, "mag": 6.6, "mag_type": "Ms", "depth_km": 96.0, "ms": 6.6}}, {"type": "Feature", "geometry": {"type": "Point", "coordinates": [123.6, 10.5]}, "properties": {"id": "PH-0167", "datetime_utc": "1952-09-10T18:47:07Z", "year": 1952, "mag": 5.0, "mag_type": "Ms", "depth_km": 33.0, "ms": 5.0}}, {"type": "Feature", "geometry": {"type": "Point", "coordinates": [127.0, 6.0]}, "properties": {"id": "PH-0168", "datetime_utc": "1952-12-28T15:01:19Z", "year": 1952, "mag": 6.4, "mag_type": "Ms", "depth_km": 33.0, "ms": 6.4}}, {"type": "Feature", "geometry": {"type": "Point", "coordinates": [126.7, 3.1]}, "properties": {"id": "PH-0169", "datetime_utc": "1953-04-08T23:58:13Z", "year": 1953, "mag": 5.5, "mag_type": "Ms", "depth_km": 33.0, "ms": 5.5}}, {"type": "Feature", "geometry": {"type": "Point", "coordinates": [119.0, 16.0]}, "properties": {"id": "PH-0170", "datetime_utc": "1953-12-22T18:45:19Z", "year": 1953, "mag": 5.7, "mag_type": "Ms", "depth_km": 33.0, "ms": 5.7}}, {"type": "Feature", "geometry": {"type": "Point", "coordinates": [121.1, 19.5]}, "properties": {"id": "PH-0171", "datetime_utc": "1954-03-29T04:01:10Z", "year": 1954, "mag": 6.5, "mag_type": "Ms", "depth_km": 33.0, "ms": 6.5}}, {"type": "Feature", "geometry": {"type": "Point", "coordinates": [123.7, 21.1]}, "properties": {"id": "PH-0172", "datetime_utc": "1954-05-01T18:06:17Z", "year": 1954, "mag": 5.5, "mag_type": "Ms", "depth_km": 33.0, "ms": 5.5}}, {"type": "Feature", "geometry": {"type": "Point", "coordinates": [124.0, 13.0]}, "properties": {"id": "PH-0173", "datetime_utc": "1954-07-02T02:45:12Z", "year": 1954, "mag": 6.7, "mag_type": "Ms", "depth_km": 60.0, "ms": 6.7}}, {"type": "Feature", "geometry": {"type": "Point", "coordinates": [122.5, 21.5]}, "properties": {"id": "PH-0174", "datetime_utc": "1954-09-04T08:53:20Z", "year": 1954, "mag": 6.7, "mag_type": "Ms", "depth_km": 33.0, "ms": 6.7}}, {"type": "Feature", "geometry": {"type": "Point", "coordinates": [120.8, 20.7]}, "properties": {"id": "PH-0175", "datetime_utc": "1954-09-07T00:11:48Z", "year": 1954, "mag": 6.0, "mag_type": "Ms", "depth_km": 33.0, "ms": 6.0}}, {"type": "Feature", "geometry": {"type": "Point", "coordinates": [121.5, 21.1]}, "properties": {"id": "PH-0176", "datetime_utc": "1954-09-07T00:35:13Z", "year": 1954, "mag": 5.9, "mag_type": "Ms", "depth_km": 33.0, "ms": 5.9}}, {"type": "Feature", "geometry": {"type": "Point", "coordinates": [126.5, 2.1]}, "properties": {"id": "PH-0177", "datetime_utc": "1955-02-14T16:56:09Z", "year": 1955, "mag": 6.3, "mag_type": "Ms", "depth_km": 33.0, "ms": 6.3}}, {"type": "Feature", "geometry": {"type": "Point", "coordinates": [122.5, 9.5]}, "properties": {"id": "PH-0178", "datetime_utc": "1955-03-06T10:55:28Z", "year": 1955, "mag": 6.1, "mag_type": "Ms", "depth_km": 33.0, "ms": 6.1}}, {"type": "Feature", "geometry": {"type": "Point", "coordinates": [122.5, 9.5]}, "properties": {"id": "PH-0179", "datetime_utc": "1955-03-06T13:33:31Z", "year": 1955, "mag": 6.3, "mag_type": "Ms", "depth_km": 33.0, "ms": 6.3}}, {"type": "Feature", "geometry": {"type": "Point", "coordinates": [124.1, 8.0]}, "properties": {"id": "PH-0180", "datetime_utc": "1955-03-31T18:17:08.400000Z", "year": 1955, "mag": 7.3, "mag_type": "Ms", "depth_km": 96.0, "ms": 7.3}}, {"type": "Feature", "geometry": {"type": "Point", "coordinates": [124.5, 8.1]}, "properties": {"id": "PH-0181", "datetime_utc": "1955-03-31T20:52:39Z", "year": 1955, "mag": 6.5, "mag_type": "Ms", "depth_km": 96.0, "ms": 6.5}}, {"type": "Feature", "geometry": {"type": "Point", "coordinates": [121.0, 22.0]}, "properties": {"id": "PH-0182", "datetime_utc": "1955-04-04T11:11:21Z", "year": 1955, "mag": 6.5, "mag_type": "Ms", "depth_km": 33.0, "ms": 6.5}}, {"type": "Feature", "geometry": {"type": "Point", "coordinates": [125.0, 8.0]}, "properties": {"id": "PH-0183", "datetime_utc": "1955-04-10T17:38:12Z", "year": 1955, "mag": 6.5, "mag_type": "Ms", "depth_km": 33.0, "ms": 6.5}}, {"type": "Feature", "geometry": {"type": "Point", "coordinates": [121.5, 19.5]}, "properties": {"id": "PH-0184", "datetime_utc": "1955-05-11T16:37:10Z", "year": 1955, "mag": 6.0, "mag_type": "Ms", "depth_km": 33.0, "ms": 6.0}}, {"type": "Feature", "geometry": {"type": "Point", "coordinates": [127.5, 6.1]}, "properties": {"id": "PH-0185", "datetime_utc": "1955-09-25T18:59:22Z", "year": 1955, "mag": 6.6, "mag_type": "Ms", "depth_km": 100.0, "ms": 6.6}}, {"type": "Feature", "geometry": {"type": "Point", "coordinates": [127.1, 8.5]}, "properties": {"id": "PH-0186", "datetime_utc": "1955-12-19T03:13:48Z", "year": 1955, "mag": 6.0, "mag_type": "Ms", "depth_km": 33.0, "ms": 6.0}}, {"type": "Feature", "geometry": {"type": "Point", "coordinates": [124.0, 10.0]}, "properties": {"id": "PH-0187", "datetime_utc": "1956-01-26T15:33:37Z", "year": 1956, "mag": 5.0, "mag_type": "Ms", "depth_km": 33.0, "ms": 5.0}}, {"type": "Feature", "geometry": {"type": "Point", "coordinates": [121.0, 21.0]}, "properties": {"id": "PH-0188", "datetime_utc": "1956-01-29T22:20:56Z", "year": 1956, "mag": 5.5, "mag_type": "Ms", "depth_km": 33.0, "ms": 5.5}}, {"type": "Feature", "geometry": {"type": "Point", "coordinates": [119.5, 19.1]}, "properties": {"id": "PH-0189", "datetime_utc": "1956-02-12T11:49:20Z", "year": 1956, "mag": 6.5, "mag_type": "Ms", "depth_km": 33.0, "ms": 6.5}}, {"type": "Feature", "geometry": {"type": "Point", "coordinates": [120.5, 15.1]}, "properties": {"id": "PH-0190", "datetime_utc": "1956-07-19T20:40:54Z", "year": 1956, "mag": 5.7, "mag_type": "Ms", "depth_km": 33.0, "ms": 5.7}}, {"type": "Feature", "geometry": {"type": "Point", "coordinates": [120.5, 13.5]}, "properties": {"id": "PH-0191", "datetime_utc": "1956-10-23T08:41:22Z", "year": 1956, "mag": 6.7, "mag_type": "Ms", "depth_km": 100.0, "ms": 6.7}}, {"type": "Feature", "geometry": {"type": "Point", "coordinates": [123.5, 14.1]}, "properties": {"id": "PH-0192", "datetime_utc": "1956-10-28T10:45:06Z", "year": 1956, "mag": 6.7, "mag_type": "Ms", "depth_km": 33.0, "ms": 6.7}}, {"type": "Feature", "geometry": {"type": "Point", "coordinates": [126.1, 7.5]}, "properties": {"id": "PH-0193", "datetime_utc": "1956-12-27T21:31:28Z", "year": 1956, "mag": 5.5, "mag_type": "Ms", "depth_km": 33.0, "ms": 5.5}}, {"type": "Feature", "geometry": {"type": "Point", "coordinates": [126.0, 10.0]}, "properties": {"id": "PH-0194", "datetime_utc": "1957-02-10T22:32:15Z", "year": 1957, "mag": 6.6, "mag_type": "Ms", "depth_km": 33.0, "ms": 6.6}}, {"type": "Feature", "geometry": {"type": "Point", "coordinates": [126.5, 10.5]}, "properties": {"id": "PH-0195", "datetime_utc": "1957-02-10T22:50:52Z", "year": 1957, "mag": 6.7, "mag_type": "Ms", "depth_km": 33.0, "ms": 6.7}}, {"type": "Feature", "geometry": {"type": "Point", "coordinates": [126.0, 10.0]}, "properties": {"id": "PH-0196", "datetime_utc": "1957-02-11T01:14:44Z", "year": 1957, "mag": 6.5, "mag_type": "Ms", "depth_km": 33.0, "ms": 6.5}}, {"type": "Feature", "geometry": {"type": "Point", "coordinates": [126.0, 10.0]}, "properties": {"id": "PH-0197", "datetime_utc": "1957-02-11T14:25:43Z", "year": 1957, "mag": 6.5, "mag_type": "Ms", "depth_km": 33.0, "ms": 6.5}}, {"type": "Feature", "geometry": {"type": "Point", "coordinates": [126.5, 10.1]}, "properties": {"id": "PH-0198", "datetime_utc": "1957-02-13T00:29:48Z", "year": 1957, "mag": 5.7, "mag_type": "Ms", "depth_km": 33.0, "ms": 5.7}}, {"type": "Feature", "geometry": {"type": "Point", "coordinates": [126.5, 5.1]}, "properties": {"id": "PH-0199", "datetime_utc": "1957-04-13T10:10:54Z", "year": 1957, "mag": 6.0, "mag_type": "Ms", "depth_km": 100.0, "ms": 6.0}}, {"type": "Feature", "geometry": {"type": "Point", "coordinates": [127.0, 7.0]}, "properties": {"id": "PH-0200", "datetime_utc": "1957-04-28T01:23:40Z", "year": 1957, "mag": 5.9, "mag_type": "Ms", "depth_km": 42.0, "ms": 5.9}}, {"type": "Feature", "geometry": {"type": "Point", "coordinates": [121.5, 18.1]}, "properties": {"id": "PH-0201", "datetime_utc": "1957-06-11T18:49:32Z", "year": 1957, "mag": 6.7, "mag_type": "Ms", "depth_km": 44.0, "ms": 6.7}}, {"type": "Feature", "geometry": {"type": "Point", "coordinates": [120.5, 18.1]}, "properties": {"id": "PH-0202", "datetime_utc": "1957-06-18T11:18:05Z", "year": 1957, "mag": 5.1, "mag_type": "Ms", "depth_km": 60.0, "ms": 5.1}}, {"type": "Feature", "geometry": {"type": "Point", "coordinates": [124.5, 12.1]}, "properties": {"id": "PH-0203", "datetime_utc": "1957-08-18T08:36:58Z", "year": 1957, "mag": 6.5, "mag_type": "Ms", "depth_km": 21.0, "ms": 6.5}}, {"type": "Feature", "geometry": {"type": "Point", "coordinates": [127.5, 5.5]}, "properties": {"id": "PH-0204", "datetime_utc": "1957-09-24T08:21:05Z", "year": 1957, "mag": 7.6, "mag_type": "Ms", "depth_km": 33.0, "ms": 7.6}}, {"type": "Feature", "geometry": {"type": "Point", "coordinates": [127.2, 5.8]}, "properties": {"id": "PH-0205", "datetime_utc": "1957-09-25T16:36:43Z", "year": 1957, "mag": 5.9, "mag_type": "Ms", "depth_km": 60.0, "ms": 5.9}}, {"type": "Feature", "geometry": {"type": "Point", "coordinates": [126.94, 6.0]}, "properties": {"id": "PH-0206", "datetime_utc": "1957-09-26T18:46:48Z", "year": 1957, "mag": 6.0, "mag_type": "Ms", "depth_km": 10.0, "ms": 6.0}}, {"type": "Feature", "geometry": {"type": "Point", "coordinates": [124.5, 8.1]}, "properties": {"id": "PH-0207", "datetime_utc": "1957-11-15T07:52:35Z", "year": 1957, "mag": 6.3, "mag_type": "Ms", "depth_km": 100.0, "ms": 6.3}}, {"type": "Feature", "geometry": {"type": "Point", "coordinates": [121.0, 21.0]}, "properties": {"id": "PH-0208", "datetime_utc": "1958-02-27T23:27:44Z", "year": 1958, "mag": 6.5, "mag_type": "Ms", "depth_km": 53.0, "ms": 6.5}}, {"type": "Feature", "geometry": {"type": "Point", "coordinates": [120.0, 18.0]}, "properties": {"id": "PH-0209", "datetime_utc": "1958-03-23T10:14:46Z", "year": 1958, "mag": 5.6, "mag_type": "Ms", "depth_km": 33.0, "ms": 5.6}}, {"type": "Feature", "geometry": {"type": "Point", "coordinates": [124.9, 5.8]}, "properties": {"id": "PH-0210", "datetime_utc": "1958-07-04T18:34:14Z", "year": 1958, "mag": 6.0, "mag_type": "Ms", "depth_km": 85.0, "ms": 6.0}}, {"type": "Feature", "geometry": {"type": "Point", "coordinates": [121.0, 14.0]}, "properties": {"id": "PH-0211", "datetime_utc": "1958-08-24T16:54:25Z", "year": 1958, "mag": 5.7, "mag_type": "Ms", "depth_km": 150.0, "ms": 5.7}}, {"type": "Feature", "geometry": {"type": "Point", "coordinates": [126.79, 7.5]}, "properties": {"id": "PH-0212", "datetime_utc": "1958-09-01T18:00:44Z", "year": 1958, "mag": 6.0, "mag_type": "Ms", "depth_km": 82.0, "ms": 6.0}}, {"type": "Feature", "geometry": {"type": "Point", "coordinates": [120.5, 2.5]}, "properties": {"id": "PH-0213", "datetime_utc": "1958-09-15T19:45:52Z", "year": 1958, "mag": 6.1, "mag_type": "Ms", "depth_km": 700.0, "ms": 6.1}}, {"type": "Feature", "geometry": {"type": "Point", "coordinates": [127.1, 5.5]}, "properties": {"id": "PH-0214", "datetime_utc": "1958-10-10T11:35:30Z", "year": 1958, "mag": 5.4, "mag_type": "Ms", "depth_km": 33.0, "ms": 5.4}}, {"type": "Feature", "geometry": {"type": "Point", "coordinates": [117.1, 5.5]}, "properties": {"id": "PH-0215", "datetime_utc": "1958-10-26T02:17:37Z", "year": 1958, "mag": 5.7, "mag_type": "Ms", "depth_km": 50.0, "ms": 5.7}}, {"type": "Feature", "geometry": {"type": "Point", "coordinates": [121.5, 19.1]}, "properties": {"id": "PH-0216", "datetime_utc": "1958-12-03T09:48:35Z", "year": 1958, "mag": 6.1, "mag_type": "Ms", "depth_km": 33.0, "ms": 6.1}}, {"type": "Feature", "geometry": {"type": "Point", "coordinates": [121.1, 20.5]}, "properties": {"id": "PH-0217", "datetime_utc": "1959-04-02T19:21:28Z", "year": 1959, "mag": 5.8, "mag_type": "Ms", "depth_km": 33.0, "ms": 5.8}}, {"type": "Feature", "geometry": {"type": "Point", "coordinates": [121.0, 21.0]}, "properties": {"id": "PH-0218", "datetime_utc": "1959-06-02T02:37:43Z", "year": 1959, "mag": 5.5, "mag_type": "Ms", "depth_km": 33.0, "ms": 5.5}}, {"type": "Feature", "geometry": {"type": "Point", "coordinates": [121.5, 21.0]}, "properties": {"id": "PH-0219", "datetime_utc": "1959-06-02T04:57:18Z", "year": 1959, "mag": 6.0, "mag_type": "Ms", "depth_km": 33.0, "ms": 6.0}}, {"type": "Feature", "geometry": {"type": "Point", "coordinates": [120.5, 15.5]}, "properties": {"id": "PH-0220", "datetime_utc": "1959-07-18T19:54:57Z", "year": 1959, "mag": 6.6, "mag_type": "Ms", "depth_km": 150.0, "ms": 6.6}}, {"type": "Feature", "geometry": {"type": "Point", "coordinates": [125.1, 12.5]}, "properties": {"id": "PH-0221", "datetime_utc": "1959-08-05T05:16:39Z", "year": 1959, "mag": 6.0, "mag_type": "Ms", "depth_km": 33.0, "ms": 6.0}}, {"type": "Feature", "geometry": {"type": "Point", "coordinates": [126.55, 5.5]}, "properties": {"id": "PH-0222", "datetime_utc": "1959-09-06T01:27:59Z", "year": 1959, "mag": 5.3, "mag_type": "Ms", "depth_km": 33.0, "ms": 5.3}}, {"type": "Feature", "geometry": {"type": "Point", "coordinates": [125.5, 5.5]}, "properties": {"id": "PH-0223", "datetime_utc": "1959-12-14T17:58:33Z", "year": 1959, "mag": 5.8, "mag_type": "Ms", "depth_km": 200.0, "ms": 5.8}}, {"type": "Feature", "geometry": {"type": "Point", "coordinates": [126.5, 5.1]}, "properties": {"id": "PH-0224", "datetime_utc": "1960-01-18T09:04:43Z", "year": 1960, "mag": 5.9, "mag_type": "Mb", "depth_km": 33.0, "mb": 5.9}}, {"type": "Feature", "geometry": {"type": "Point", "coordinates": [120.1, 19.25]}, "properties": {"id": "PH-0225", "datetime_utc": "1960-01-23T04:24:44Z", "year": 1960, "mag": 5.4, "mag_type": "Mb", "depth_km": 33.0, "mb": 5.4}}, {"type": "Feature", "geometry": {"type": "Point", "coordinates": [123.0, 5.0]}, "properties": {"id": "PH-0226", "datetime_utc": "1960-02-07T10:07:50Z", "year": 1960, "mag": 5.7, "mag_type": "Mb", "depth_km": 600.0, "mb": 5.7}}, {"type": "Feature", "geometry": {"type": "Point", "coordinates": [124.0, 5.5]}, "properties": {"id": "PH-0227", "datetime_utc": "1960-05-09T02:46:08Z", "year": 1960, "mag": 5.4, "mag_type": "Mb", "depth_km": 33.0, "mb": 5.4}}, {"type": "Feature", "geometry": {"type": "Point", "coordinates": [121.5, 15.5]}, "properties": {"id": "PH-0228", "datetime_utc": "1960-05-21T08:17:01Z", "year": 1960, "mag": 5.0, "mag_type": "Mb", "depth_km": 33.0, "mb": 5.0}}, {"type": "Feature", "geometry": {"type": "Point", "coordinates": [125.1, 12.5]}, "properties": {"id": "PH-0229", "datetime_utc": "1960-06-16T06:37:48Z", "year": 1960, "mag": 6.5, "mag_type": "Mb", "depth_km": 33.0, "mb": 6.5}}, {"type": "Feature", "geometry": {"type": "Point", "coordinates": [127.5, 5.1]}, "properties": {"id": "PH-0230", "datetime_utc": "1960-07-14T10:27:11Z", "year": 1960, "mag": 5.9, "mag_type": "Mb", "depth_km": 100.0, "mb": 5.9}}, {"type": "Feature", "geometry": {"type": "Point", "coordinates": [119.9, 12.8]}, "properties": {"id": "PH-0231", "datetime_utc": "1960-08-31T17:21:57Z", "year": 1960, "mag": 5.4, "mag_type": "Mb", "depth_km": 24.0, "mb": 5.4}}, {"type": "Feature", "geometry": {"type": "Point", "coordinates": [126.2, 6.2]}, "properties": {"id": "PH-0232", "datetime_utc": "1960-09-08T11:07:40.800000Z", "year": 1960, "mag": 5.5, "mag_type": "Mb", "depth_km": 47.0, "mb": 5.5}}, {"type": "Feature", "geometry": {"type": "Point", "coordinates": [120.0, 16.0]}, "properties": {"id": "PH-0233", "datetime_utc": "1960-09-19T03:58:51.400000Z", "year": 1960, "mag": 5.5, "mag_type": "Mb", "depth_km": 25.0, "mb": 5.5}}, {"type": "Feature", "geometry": {"type": "Point", "coordinates": [126.0, 3.0]}, "properties": {"id": "PH-0234", "datetime_utc": "1960-12-14T23:51:31.500000Z", "year": 1960, "mag": 6.7, "mag_type": "Mb", "depth_km": 78.0, "mb": 6.7}}, {"type": "Feature", "geometry": {"type": "Point", "coordinates": [125.7, 8.3]}, "properties": {"id": "PH-0235", "datetime_utc": "1960-12-23T10:47:57.900000Z", "year": 1960, "mag": 5.0, "mag_type": "Mb", "depth_km": 67.0, "mb": 5.0}}, {"type": "Feature", "geometry": {"type": "Point", "coordinates": [121.1, 15.5]}, "properties": {"id": "PH-0236", "datetime_utc": "1961-02-26T21:01:05Z", "year": 1961, "mag": 6.1, "mag_type": "Mb", "depth_km": 32.0, "mb": 6.1}}, {"type": "Feature", "geometry": {"type": "Point", "coordinates": [126.85, 5.93]}, "properties": {"id": "PH-0237", "datetime_utc": "1961-05-07T10:22:54Z", "year": 1961, "mag": 6.1, "mag_type": "Mb", "depth_km": 149.0, "mb": 6.1}}, {"type": "Feature", "geometry": {"type": "Point", "coordinates": [121.5, 13.1]}, "properties": {"id": "PH-0238", "datetime_utc": "1961-06-19T01:45:28Z", "year": 1961, "mag": 5.7, "mag_type": "Mb", "depth_km": 56.0, "mb": 5.7}}, {"type": "Feature", "geometry": {"type": "Point", "coordinates": [120.58, 13.23]}, "properties": {"id": "PH-0239", "datetime_utc": "1961-07-15T00:17:46Z", "year": 1961, "mag": 5.7, "mag_type": "Mb", "depth_km": 60.0, "mb": 5.7}}, {"type": "Feature", "geometry": {"type": "Point", "coordinates": [126.5, 4.1]}, "properties": {"id": "PH-0240", "datetime_utc": "1961-10-23T14:39:40Z", "year": 1961, "mag": 6.0, "mag_type": "Mb", "depth_km": 51.0, "mb": 6.0}}, {"type": "Feature", "geometry": {"type": "Point", "coordinates": [126.5, 11.5]}, "properties": {"id": "PH-0241", "datetime_utc": "1961-11-07T01:12:50Z", "year": 1961, "mag": 5.4, "mag_type": "Mb", "depth_km": 33.0, "mb": 5.4}}, {"type": "Feature", "geometry": {"type": "Point", "coordinates": [127.0, 3.0]}, "properties": {"id": "PH-0242", "datetime_utc": "1962-01-17T15:29:10Z", "year": 1962, "mag": 5.3, "mag_type": "Mb", "depth_km": 33.0, "mb": 5.3}}, {"type": "Feature", "geometry": {"type": "Point", "coordinates": [126.59, 5.55]}, "properties": {"id": "PH-0243", "datetime_utc": "1962-03-02T13:03:10Z", "year": 1962, "mag": 5.5, "mag_type": "Mb", "depth_km": 96.0, "mb": 5.5}}, {"type": "Feature", "geometry": {"type": "Point", "coordinates": [126.71, 7.58]}, "properties": {"id": "PH-0244", "datetime_utc": "1962-03-03T12:14:56Z", "year": 1962, "mag": 5.5, "mag_type": "Mb", "depth_km": 86.0, "mb": 5.5}}, {"type": "Feature", "geometry": {"type": "Point", "coordinates": [126.5, 8.5]}, "properties": {"id": "PH-0245", "datetime_utc": "1962-03-11T19:19:06Z", "year": 1962, "mag": 6.5, "mag_type": "Mb", "depth_km": 80.0, "mb": 6.5}}, {"type": "Feature", "geometry": {"type": "Point", "coordinates": [127.0, 4.0]}, "properties": {"id": "PH-0246", "datetime_utc": "1962-03-12T01:07:38Z", "year": 1962, "mag": 5.0, "mag_type": "Mb", "depth_km": 33.0, "mb": 5.0}}, {"type": "Feature", "geometry": {"type": "Point", "coordinates": [126.1, 9.5]}, "properties": {"id": "PH-0247", "datetime_utc": "1962-03-17T18:56:33Z", "year": 1962, "mag": 5.3, "mag_type": "Mb", "depth_km": 33.0, "mb": 5.3}}, {"type": "Feature", "geometry": {"type": "Point", "coordinates": [122.5, 10.1]}, "properties": {"id": "PH-0248", "datetime_utc": "1962-03-31T07:44:00Z", "year": 1962, "mag": 5.3, "mag_type": "Mb", "depth_km": 33.0, "mb": 5.3}}, {"type": "Feature", "geometry": {"type": "Point", "coordinates": [127.1, 8.5]}, "properties": {"id": "PH-0249", "datetime_utc": "1962-04-11T10:57:36Z", "year": 1962, "mag": 5.0, "mag_type": "Mb", "depth_km": 33.0, "mb": 5.0}}, {"type": "Feature", "geometry": {"type": "Point", "coordinates": [124.14, 6.46]}, "properties": {"id": "PH-0250", "datetime_utc": "1962-04-30T20:39:57Z", "year": 1962, "mag": 5.3, "mag_type": "Mb", "depth_km": 117.0, "mb": 5.3}}, {"type": "Feature", "geometry": {"type": "Point", "coordinates": [121.31, 19.14]}, "properties": {"id": "PH-0251", "datetime_utc": "1962-06-23T09:50:30Z", "year": 1962, "mag": 6.3, "mag_type": "Mb", "depth_km": 67.0, "mb": 6.3}}, {"type": "Feature", "geometry": {"type": "Point", "coordinates": [122.3, 16.4]}, "properties": {"id": "PH-0252", "datetime_utc": "1962-06-30T19:29:57Z", "year": 1962, "mag": 5.7, "mag_type": "Mb", "depth_km": 33.0, "mb": 5.7}}, {"type": "Feature", "geometry": {"type": "Point", "coordinates": [122.1, 11.9]}, "properties": {"id": "PH-0253", "datetime_utc": "1962-07-11T12:40:30.700000Z", "year": 1962, "mag": 6.1, "mag_type": "Mb", "depth_km": 25.0, "mb": 6.1}}, {"type": "Feature", "geometry": {"type": "Point", "coordinates": [122.56, 9.87]}, "properties": {"id": "PH-0254", "datetime_utc": "1962-07-13T03:32:00Z", "year": 1962, "mag": 6.0, "mag_type": "Mb", "depth_km": 79.0, "mb": 6.0}}, {"type": "Feature", "geometry": {"type": "Point", "coordinates": [121.78, 10.73]}, "properties": {"id": "PH-0255", "datetime_utc": "1962-07-24T16:23:23Z", "year": 1962, "mag": 5.0, "mag_type": "Mb", "depth_km": 94.0, "mb": 5.0}}, {"type": "Feature", "geometry": {"type": "Point", "coordinates": [120.88, 18.78]}, "properties": {"id": "PH-0256", "datetime_utc": "1962-07-31T05:13:08Z", "year": 1962, "mag": 5.6, "mag_type": "Mb", "depth_km": 54.0, "mb": 5.6}}, {"type": "Feature", "geometry": {"type": "Point", "coordinates": [121.5, 10.47]}, "properties": {"id": "PH-0257", "datetime_utc": "1962-08-17T05:04:31Z", "year": 1962, "mag": 6.3, "mag_type": "Mb", "depth_km": 21.0, "mb": 6.3}}, {"type": "Feature", "geometry": {"type": "Point", "coordinates": [127.1, 2.5]}, "properties": {"id": "PH-0258", "datetime_utc": "1962-09-18T06:10:30Z", "year": 1962, "mag": 5.6, "mag_type": "Mb", "depth_km": 70.0, "mb": 5.6}}, {"type": "Feature", "geometry": {"type": "Point", "coordinates": [121.5, 18.5]}, "properties": {"id": "PH-0259", "datetime_utc": "1962-09-30T21:57:23Z", "year": 1962, "mag": 5.0, "mag_type": "Mb", "depth_km": 40.0, "mb": 5.0}}, {"type": "Feature", "geometry": {"type": "Point", "coordinates": [126.92, 2.29]}, "properties": {"id": "PH-0260", "datetime_utc": "1962-10-25T09:34:11Z", "year": 1962, "mag": 6.1, "mag_type": "Mb", "depth_km": 26.0, "mb": 6.1}}, {"type": "Feature", "geometry": {"type": "Point", "coordinates": [121.87, 2.85]}, "properties": {"id": "PH-0261", "datetime_utc": "1962-11-17T14:21:33Z", "year": 1962, "mag": 5.5, "mag_type": "Mb", "depth_km": 6.0, "mb": 5.5}}, {"type": "Feature", "geometry": {"type": "Point", "coordinates": [124.8, 11.2]}, "properties": {"id": "PH-0262", "datetime_utc": "1962-11-25T09:51:26Z", "year": 1962, "mag": 5.4, "mag_type": "Mb", "depth_km": 33.0, "mb": 5.4}}, {"type": "Feature", "geometry": {"type": "Point", "coordinates": [120.2, 14.9]}, "properties": {"id": "PH-0263", "datetime_utc": "1962-11-27T12:07:14Z", "year": 1962, "mag": 5.1, "mag_type": "Mb", "depth_km": 45.0, "mb": 5.1}}, {"type": "Feature", "geometry": {"type": "Point", "coordinates": [127.1, 3.25]}, "properties": {"id": "PH-0264", "datetime_utc": "1962-11-30T16:53:21Z", "year": 1962, "mag": 5.3, "mag_type": "Mb", "depth_km": 60.0, "mb": 5.3}}, {"type": "Feature", "geometry": {"type": "Point", "coordinates": [123.0, 2.0]}, "properties": {"id": "PH-0265", "datetime_utc": "1962-12-17T11:00:15Z", "year": 1962, "mag": 6.4, "mag_type": "Mb", "depth_km": 400.0, "mb": 6.4}}, {"type": "Feature", "geometry": {"type": "Point", "coordinates": [121.8, 15.9]}, "properties": {"id": "PH-0266", "datetime_utc": "1962-12-21T10:30:45Z", "year": 1962, "mag": 5.0, "mag_type": "Mb", "depth_km": 33.0, "mb": 5.0}}, {"type": "Feature", "geometry": {"type": "Point", "coordinates": [127.35, 2.33]}, "properties": {"id": "PH-0267", "datetime_utc": "1962-12-29T04:12:15Z", "year": 1962, "mag": 5.7, "mag_type": "Mb", "depth_km": 89.0, "mb": 5.7}}, {"type": "Feature", "geometry": {"type": "Point", "coordinates": [126.98, 7.8]}, "properties": {"id": "PH-0268", "datetime_utc": "1963-01-24T22:27:38Z", "year": 1963, "mag": 5.7, "mag_type": "Mb", "depth_km": 113.0, "mb": 5.7}}, {"type": "Feature", "geometry": {"type": "Point", "coordinates": [123.0, 9.0]}, "properties": {"id": "PH-0269", "datetime_utc": "1963-02-16T08:31:46Z", "year": 1963, "mag": 5.0, "mag_type": "Mb", "depth_km": 33.0, "mb": 5.0}}, {"type": "Feature", "geometry": {"type": "Point", "coordinates": [122.2, 10.3]}, "properties": {"id": "PH-0270", "datetime_utc": "1963-02-25T09:11:21Z", "year": 1963, "mag": 5.5, "mag_type": "Mb", "depth_km": 33.0, "mb": 5.5}}, {"type": "Feature", "geometry": {"type": "Point", "coordinates": [121.49, 15.58]}, "properties": {"id": "PH-0271", "datetime_utc": "1963-02-25T23:45:21Z", "year": 1963, "mag": 5.5, "mag_type": "Mb", "depth_km": 61.0, "mb": 5.5}}, {"type": "Feature", "geometry": {"type": "Point", "coordinates": [126.87, 2.55]}, "properties": {"id": "PH-0272", "datetime_utc": "1963-03-10T13:51:05Z", "year": 1963, "mag": 5.1, "mag_type": "Mb", "depth_km": 41.0, "mb": 5.1}}, {"type": "Feature", "geometry": {"type": "Point", "coordinates": [120.21, 19.01]}, "properties": {"id": "PH-0273", "datetime_utc": "1963-03-14T08:00:12Z", "year": 1963, "mag": 5.5, "mag_type": "Mb", "depth_km": 23.0, "mb": 5.5}}, {"type": "Feature", "geometry": {"type": "Point", "coordinates": [126.56, 8.31]}, "properties": {"id": "PH-0274", "datetime_utc": "1963-03-15T00:16:00Z", "year": 1963, "mag": 5.6, "mag_type": "Mb", "depth_km": 106.0, "mb": 5.6}}, {"type": "Feature", "geometry": {"type": "Point", "coordinates": [126.5, 8.5]}, "properties": {"id": "PH-0275", "datetime_utc": "1963-03-24T09:43:18Z", "year": 1963, "mag": 5.6, "mag_type": "Mb", "depth_km": 100.0, "mb": 5.6}}, {"type": "Feature", "geometry": {"type": "Point", "coordinates": [126.0, 6.0]}, "properties": {"id": "PH-0276", "datetime_utc": "1963-05-08T15:24:00Z", "year": 1963, "mag": 5.0, "mag_type": "Mb", "depth_km": 50.0, "mb": 5.0}}, {"type": "Feature", "geometry": {"type": "Point", "coordinates": [120.13, 15.69]}, "properties": {"id": "PH-0277", "datetime_utc": "1963-05-17T06:09:21Z", "year": 1963, "mag": 5.6, "mag_type": "Mb", "depth_km": 99.0, "mb": 5.6}}, {"type": "Feature", "geometry": {"type": "Point", "coordinates": [128.8, 2.5]}, "properties": {"id": "PH-0278", "datetime_utc": "1963-05-19T19:21:16Z", "year": 1963, "mag": 5.3, "mag_type": "Mb", "depth_km": 100.0, "mb": 5.3}}, {"type": "Feature", "geometry": {"type": "Point", "coordinates": [129.5, 3.1]}, "properties": {"id": "PH-0279", "datetime_utc": "1963-05-20T21:04:45Z", "year": 1963, "mag": 5.1, "mag_type": "Mb", "depth_km": 33.0, "mb": 5.1}}, {"type": "Feature", "geometry": {"type": "Point", "coordinates": [127.89, 4.27]}, "properties": {"id": "PH-0280", "datetime_utc": "1963-05-22T15:42:54Z", "year": 1963, "mag": 5.3, "mag_type": "Mb", "depth_km": 99.0, "mb": 5.3}}, {"type": "Feature", "geometry": {"type": "Point", "coordinates": [126.25, 5.98]}, "properties": {"id": "PH-0281", "datetime_utc": "1963-05-23T15:12:10Z", "year": 1963, "mag": 6.0, "mag_type": "Mb", "depth_km": 127.0, "mb": 6.0}}, {"type": "Feature", "geometry": {"type": "Point", "coordinates": [120.5, 20.1]}, "properties": {"id": "PH-0282", "datetime_utc": "1963-06-06T05:18:50Z", "year": 1963, "mag": 6.3, "mag_type": "Mb", "depth_km": 42.0, "mb": 6.3}}, {"type": "Feature", "geometry": {"type": "Point", "coordinates": [122.0, 19.0]}, "properties": {"id": "PH-0283", "datetime_utc": "1963-06-07T15:49:50Z", "year": 1963, "mag": 5.5, "mag_type": "Mb", "depth_km": 61.0, "mb": 5.5}}, {"type": "Feature", "geometry": {"type": "Point", "coordinates": [126.34, 4.47]}, "properties": {"id": "PH-0284", "datetime_utc": "1963-06-19T09:09:02Z", "year": 1963, "mag": 5.4, "mag_type": "Mb", "depth_km": 122.0, "mb": 5.4}}, {"type": "Feature", "geometry": {"type": "Point", "coordinates": [126.7, 4.25]}, "properties": {"id": "PH-0285", "datetime_utc": "1963-06-26T09:41:34Z", "year": 1963, "mag": 5.4, "mag_type": "Mb", "depth_km": 82.0, "mb": 5.4}}, {"type": "Feature", "geometry": {"type": "Point", "coordinates": [122.0, 10.0]}, "properties": {"id": "PH-0286", "datetime_utc": "1963-07-21T14:45:07Z", "year": 1963, "mag": 5.1, "mag_type": "Mb", "depth_km": 33.0, "mb": 5.1}}, {"type": "Feature", "geometry": {"type": "Point", "coordinates": [124.9, 6.1]}, "properties": {"id": "PH-0287", "datetime_utc": "1963-08-02T19:26:26Z", "year": 1963, "mag": 5.0, "mag_type": "Mb", "depth_km": 105.0, "mb": 5.0}}, {"type": "Feature", "geometry": {"type": "Point", "coordinates": [126.06, 11.31]}, "properties": {"id": "PH-0288", "datetime_utc": "1963-09-27T11:04:19Z", "year": 1963, "mag": 5.3, "mag_type": "Mb", "depth_km": 22.0, "mb": 5.3}}, {"type": "Feature", "geometry": {"type": "Point", "coordinates": [125.43, 6.06]}, "properties": {"id": "PH-0289", "datetime_utc": "1963-09-29T19:35:01Z", "year": 1963, "mag": 5.3, "mag_type": "Mb", "depth_km": 103.0, "mb": 5.3}}, {"type": "Feature", "geometry": {"type": "Point", "coordinates": [126.3, 11.5]}, "properties": {"id": "PH-0290", "datetime_utc": "1963-10-03T06:26:18Z", "year": 1963, "mag": 5.4, "mag_type": "Mb", "depth_km": 33.0, "mb": 5.4}}, {"type": "Feature", "geometry": {"type": "Point", "coordinates": [126.3, 9.7]}, "properties": {"id": "PH-0291", "datetime_utc": "1963-10-17T14:13:59Z", "year": 1963, "mag": 5.4, "mag_type": "Mb", "depth_km": 33.0, "mb": 5.4}}, {"type": "Feature", "geometry": {"type": "Point", "coordinates": [128.6, 2.7]}, "properties": {"id": "PH-0292", "datetime_utc": "1963-11-08T16:13:16Z", "year": 1963, "mag": 5.7, "mag_type": "Mb", "depth_km": 243.0, "mb": 5.7}}, {"type": "Feature", "geometry": {"type": "Point", "coordinates": [125.0, 7.0]}, "properties": {"id": "PH-0293", "datetime_utc": "1963-11-17T07:50:40Z", "year": 1963, "mag": 5.6, "mag_type": "Mb", "depth_km": 33.0, "mb": 5.6}}, {"type": "Feature", "geometry": {"type": "Point", "coordinates": [120.66, 18.84]}, "properties": {"id": "PH-0294", "datetime_utc": "1964-01-20T20:38:17.300000Z", "year": 1964, "mag": 5.1, "mag_type": "Mb", "depth_km": 54.0, "mb": 5.1}}, {"type": "Feature", "geometry": {"type": "Point", "coordinates": [125.25, 10.5]}, "properties": {"id": "PH-0295", "datetime_utc": "1964-01-21T22:18:13.100000Z", "year": 1964, "mag": 5.1, "mag_type": "Mb", "depth_km": 48.0, "mb": 5.1}}, {"type": "Feature", "geometry": {"type": "Point", "coordinates": [126.18, 9.21]}, "properties": {"id": "PH-0296", "datetime_utc": "1964-02-08T09:56:03.300000Z", "year": 1964, "mag": 5.0, "mag_type": "Mb", "depth_km": 90.0, "mb": 5.0}}, {"type": "Feature", "geometry": {"type": "Point", "coordinates": [126.14, 4.51]}, "properties": {"id": "PH-0297", "datetime_utc": "1964-02-26T18:14:38.600000Z", "year": 1964, "mag": 5.0, "mag_type": "Mb", "depth_km": 133.0, "mb": 5.0}}, {"type": "Feature", "geometry": {"type": "Point", "coordinates": [122.6, 8.4]}, "properties": {"id": "PH-0298", "datetime_utc": "1964-03-01T12:54:45.300000Z", "year": 1964, "mag": 5.2, "mag_type": "Mb", "depth_km": 73.0, "mb": 5.2}}, {"type": "Feature", "geometry": {"type": "Point", "coordinates": [125.67, 4.72]}, "properties": {"id": "PH-0299", "datetime_utc": "1964-03-03T21:39:44.800000Z", "year": 1964, "mag": 5.0, "mag_type": "Mb", "depth_km": 205.0, "mb": 5.0}}, {"type": "Feature", "geometry": {"type": "Point", "coordinates": [127.07, 5.1]}, "properties": {"id": "PH-0300", "datetime_utc": "1964-03-12T22:32:57.900000Z", "year": 1964, "mag": 5.2, "mag_type": "Mb", "depth_km": 33.0, "mb": 5.2}}, {"type": "Feature", "geometry": {"type": "Point", "coordinates": [122.2, 8.2]}, "properties": {"id": "PH-0301", "datetime_utc": "1964-03-26T06:30:52.300000Z", "year": 1964, "mag": 5.3, "mag_type": "Mb", "depth_km": 59.0, "mb": 5.3}}, {"type": "Feature", "geometry": {"type": "Point", "coordinates": [125.73, 5.77]}, "properties": {"id": "PH-0302", "datetime_utc": "1964-04-02T15:56:52.500000Z", "year": 1964, "mag": 5.5, "mag_type": "Mb", "depth_km": 168.0, "mb": 5.5}}, {"type": "Feature", "geometry": {"type": "Point", "coordinates": [120.8, 20.0]}, "properties": {"id": "PH-0303", "datetime_utc": "1964-04-30T14:54:08.700000Z", "year": 1964, "mag": 5.0, "mag_type": "Mb", "depth_km": 101.0, "mb": 5.0}}, {"type": "Feature", "geometry": {"type": "Point", "coordinates": [127.87, 4.28]}, "properties": {"id": "PH-0304", "datetime_utc": "1964-05-11T14:57:25.400000Z", "year": 1964, "mag": 5.1, "mag_type": "Mb", "depth_km": 145.0, "mb": 5.1}}, {"type": "Feature", "geometry": {"type": "Point", "coordinates": [126.19, 9.23]}, "properties": {"id": "PH-0305", "datetime_utc": "1964-05-30T17:23:17.200000Z", "year": 1964, "mag": 5.0, "mag_type": "Mb", "depth_km": 89.0, "mb": 5.0}}, {"type": "Feature", "geometry": {"type": "Point", "coordinates": [127.43, 5.02]}, "properties": {"id": "PH-0306", "datetime_utc": "1964-06-10T22:16:39Z", "year": 1964, "mag": 5.7, "mag_type": "Mb", "depth_km": 92.0, "mb": 5.7}}, {"type": "Feature", "geometry": {"type": "Point", "coordinates": [124.7, 11.25]}, "properties": {"id": "PH-0307", "datetime_utc": "1964-06-12T15:56:23.600000Z", "year": 1964, "mag": 5.2, "mag_type": "Mb", "depth_km": 202.0, "mb": 5.2}}, {"type": "Feature", "geometry": {"type": "Point", "coordinates": [120.55, 13.67]}, "properties": {"id": "PH-0308", "datetime_utc": "1964-06-22T21:23:35.500000Z", "year": 1964, "mag": 5.1, "mag_type": "Mb", "depth_km": 72.0, "mb": 5.1}}, {"type": "Feature", "geometry": {"type": "Point", "coordinates": [126.54, 2.97]}, "properties": {"id": "PH-0309", "datetime_utc": "1964-06-23T19:10:10.900000Z", "year": 1964, "mag": 5.0, "mag_type": "Mb", "depth_km": 24.0, "mb": 5.0}}, {"type": "Feature", "geometry": {"type": "Point", "coordinates": [120.31, 3.19]}, "properties": {"id": "PH-0310", "datetime_utc": "1964-07-08T07:45:50.900000Z", "year": 1964, "mag": 5.2, "mag_type": "Mb", "depth_km": 70.0, "mb": 5.2}}, {"type": "Feature", "geometry": {"type": "Point", "coordinates": [119.67, 15.36]}, "properties": {"id": "PH-0311", "datetime_utc": "1964-07-09T05:47:09Z", "year": 1964, "mag": 5.3, "mag_type": "Mb", "depth_km": 48.0, "mb": 5.3}}, {"type": "Feature", "geometry": {"type": "Point", "coordinates": [126.34, 5.96]}, "properties": {"id": "PH-0312", "datetime_utc": "1964-07-11T15:35:55.500000Z", "year": 1964, "mag": 5.0, "mag_type": "Mb", "depth_km": 183.0, "mb": 5.0}}, {"type": "Feature", "geometry": {"type": "Point", "coordinates": [126.63, 8.04]}, "properties": {"id": "PH-0313", "datetime_utc": "1964-07-13T17:12:02.200000Z", "year": 1964, "mag": 5.0, "mag_type": "Mb", "depth_km": 115.0, "mb": 5.0}}, {"type": "Feature", "geometry": {"type": "Point", "coordinates": [121.89, 11.52]}, "properties": {"id": "PH-0314", "datetime_utc": "1964-07-21T13:12:59.500000Z", "year": 1964, "mag": 5.3, "mag_type": "Mb", "depth_km": 27.0, "mb": 5.3}}, {"type": "Feature", "geometry": {"type": "Point", "coordinates": [128.4, 2.8]}, "properties": {"id": "PH-0315", "datetime_utc": "1964-07-25T21:29:35.600000Z", "year": 1964, "mag": 5.3, "mag_type": "Mb", "depth_km": 22.0, "mb": 5.3}}, {"type": "Feature", "geometry": {"type": "Point", "coordinates": [126.53, 4.09]}, "properties": {"id": "PH-0316", "datetime_utc": "1964-07-26T20:24:17.200000Z", "year": 1964, "mag": 5.1, "mag_type": "Mb", "depth_km": 33.0, "mb": 5.1}}, {"type": "Feature", "geometry": {"type": "Point", "coordinates": [126.34, 5.96]}, "properties": {"id": "PH-0317", "datetime_utc": "1964-07-11T15:35:55.500000Z", "year": 1964, "mag": 5.0, "mag_type": "Mb", "depth_km": 183.0, "mb": 5.0}}, {"type": "Feature", "geometry": {"type": "Point", "coordinates": [126.63, 8.04]}, "properties": {"id": "PH-0318", "datetime_utc": "1964-07-13T17:12:02.200000Z", "year": 1964, "mag": 5.0, "mag_type": "Mb", "depth_km": 115.0, "mb": 5.0}}, {"type": "Feature", "geometry": {"type": "Point", "coordinates": [121.89, 11.52]}, "properties": {"id": "PH-0319", "datetime_utc": "1964-07-21T13:12:59.500000Z", "year": 1964, "mag": 5.3, "mag_type": "Mb", "depth_km": 27.0, "mb": 5.3}}, {"type": "Feature", "geometry": {"type": "Point", "coordinates": [128.4, 2.8]}, "properties": {"id": "PH-0320", "datetime_utc": "1964-07-25T21:29:35.600000Z", "year": 1964, "mag": 5.3, "mag_type": "Mb", "depth_km": 22.0, "mb": 5.3}}, {"type": "Feature", "geometry": {"type": "Point", "coordinates": [126.53, 4.09]}, "properties": {"id": "PH-0321", "datetime_utc": "1964-07-26T20:24:17.200000Z", "year": 1964, "mag": 5.1, "mag_type": "Mb", "depth_km": 33.0, "mb": 5.1}}, {"type": "Feature", "geometry": {"type": "Point", "coordinates": [126.11, 5.91]}, "properties": {"id": "PH-0322", "datetime_utc": "1964-09-08T07:54:57.600000Z", "year": 1964, "mag": 5.5, "mag_type": "Mb", "depth_km": 182.0, "mb": 5.5}}, {"type": "Feature", "geometry": {"type": "Point", "coordinates": [126.79, 6.93]}, "properties": {"id": "PH-0323", "datetime_utc": "1964-09-08T20:22:57.100000Z", "year": 1964, "mag": 5.5, "mag_type": "Mb", "depth_km": 59.0, "mb": 5.5}}, {"type": "Feature", "geometry": {"type": "Point", "coordinates": [126.51, 5.88]}, "properties": {"id": "PH-0324", "datetime_utc": "1964-09-23T17:18:07.200000Z", "year": 1964, "mag": 5.1, "mag_type": "Mb", "depth_km": 85.0, "mb": 5.1}}, {"type": "Feature", "geometry": {"type": "Point", "coordinates": [126.94, 6.19]}, "properties": {"id": "PH-0325", "datetime_utc": "1964-10-11T23:33:23.400000Z", "year": 1964, "mag": 5.3, "mag_type": "Mb", "depth_km": 120.0, "mb": 5.3}}, {"type": "Feature", "geometry": {"type": "Point", "coordinates": [126.5, 3.0]}, "properties": {"id": "PH-0326", "datetime_utc": "1964-10-12T15:42:55.100000Z", "year": 1964, "mag": 5.5, "mag_type": "Mb", "depth_km": 62.0, "mb": 5.5}}, {"type": "Feature", "geometry": {"type": "Point", "coordinates": [126.73, 2.09]}, "properties": {"id": "PH-0327", "datetime_utc": "1964-10-26T14:22:55.700000Z", "year": 1964, "mag": 5.3, "mag_type": "Mb", "depth_km": 29.0, "mb": 5.3}}, {"type": "Feature", "geometry": {"type": "Point", "coordinates": [126.7, 8.8]}, "properties": {"id": "PH-0328", "datetime_utc": "1964-10-31T18:54:28.300000Z", "year": 1964, "mag": 5.2, "mag_type": "Mb", "depth_km": 66.0, "mb": 5.2}}, {"type": "Feature", "geometry": {"type": "Point", "coordinates": [128.06, 3.11]}, "properties": {"id": "PH-0329", "datetime_utc": "1964-11-01T12:26:07.500000Z", "year": 1964, "mag": 5.8, "mag_type": "Mb", "depth_km": 77.0, "mb": 5.8}}, {"type": "Feature", "geometry": {"type": "Point", "coordinates": [125.7, 6.9]}, "properties": {"id": "PH-0330", "datetime_utc": "1964-11-04T21:02:43Z", "year": 1964, "mag": 5.5, "mag_type": "Mb", "depth_km": 62.0, "mb": 5.5}}, {"type": "Feature", "geometry": {"type": "Point", "coordinates": [121.22, 19.36]}, "properties": {"id": "PH-0331", "datetime_utc": "1964-11-09T18:43:36.100000Z", "year": 1964, "mag": 5.5, "mag_type": "Mb", "depth_km": 11.0, "mb": 5.5}}, {"type": "Feature", "geometry": {"type": "Point", "coordinates": [126.34, 9.41]}, "properties": {"id": "PH-0332", "datetime_utc": "1964-11-15T04:34:30.400000Z", "year": 1964, "mag": 5.0, "mag_type": "Mb", "depth_km": 60.0, "mb": 5.0}}, {"type": "Feature", "geometry": {"type": "Point", "coordinates": [124.5, 13.12]}, "properties": {"id": "PH-0333", "datetime_utc": "1964-11-24T12:40:56.300000Z", "year": 1964, "mag": 5.6, "mag_type": "Mb", "depth_km": 25.0, "mb": 5.6}}, {"type": "Feature", "geometry": {"type": "Point", "coordinates": [120.8, 13.8]}, "properties": {"id": "PH-0334", "datetime_utc": "1964-11-30T06:25:16.300000Z", "year": 1964, "mag": 5.0, "mag_type": "Mb", "depth_km": 207.0, "mb": 5.0}}, {"type": "Feature", "geometry": {"type": "Point", "coordinates": [122.3, 12.1]}, "properties": {"id": "PH-0335", "datetime_utc": "1964-12-07T03:39:05Z", "year": 1964, "mag": 5.5, "mag_type": "Mb", "depth_km": 35.0, "mb": 5.5}}, {"type": "Feature", "geometry": {"type": "Point", "coordinates": [121.98, 20.06]}, "properties": {"id": "PH-0336", "datetime_utc": "1964-12-13T13:15:49Z", "year": 1964, "mag": 5.4, "mag_type": "Mb", "depth_km": 17.0, "mb": 5.4}}, {"type": "Feature", "geometry": {"type": "Point", "coordinates": [126.66, 2.39]}, "properties": {"id": "PH-0337", "datetime_utc": "1964-12-15T05:06:21.800000Z", "year": 1964, "mag": 5.3, "mag_type": "Mb", "depth_km": 36.0, "mb": 5.3}}, {"type": "Feature", "geometry": {"type": "Point", "coordinates": [124.7, 13.3]}, "properties": {"id": "PH-0338", "datetime_utc": "1964-12-21T19:23:19.700000Z", "year": 1964, "mag": 5.1, "mag_type": "Mb", "depth_km": 36.0, "mb": 5.1}}, {"type": "Feature", "geometry": {"type": "Point", "coordinates": [125.37, 12.92]}, "properties": {"id": "PH-0339", "datetime_utc": "1964-12-27T17:04:17.400000Z", "year": 1964, "mag": 5.6, "mag_type": "Mb", "depth_km": 1.0, "mb": 5.6}}, {"type": "Feature", "geometry": {"type": "Point", "coordinates": [120.92, 18.55]}, "properties": {"id": "PH-0340", "datetime_utc": "1965-01-07T18:48:34.400000Z", "year": 1965, "mag": 5.0, "mag_type": "Mb", "depth_km": 28.0, "mb": 5.0}}, {"type": "Feature", "geometry": {"type": "Point", "coordinates": [123.86, 7.43]}, "properties": {"id": "PH-0341", "datetime_utc": "1965-01-23T23:24:30.100000Z", "year": 1965, "mag": 5.2, "mag_type": "Mb", "depth_km": 628.0, "mb": 5.2}}, {"type": "Feature", "geometry": {"type": "Point", "coordinates": [126.01, 6.01]}, "properties": {"id": "PH-0342", "datetime_utc": "1965-01-25T12:15:34.300000Z", "year": 1965, "mag": 5.0, "mag_type": "Mb", "depth_km": 166.0, "mb": 5.0}}, {"type": "Feature", "geometry": {"type": "Point", "coordinates": [128.6, 3.9]}, "properties": {"id": "PH-0343", "datetime_utc": "1965-02-04T04:33:10.100000Z", "year": 1965, "mag": 5.2, "mag_type": "Mb", "depth_km": 50.0, "mb": 5.2}}, {"type": "Feature", "geometry": {"type": "Point", "coordinates": [126.3, 9.7]}, "properties": {"id": "PH-0344", "datetime_utc": "1965-02-12T19:13:35.300000Z", "year": 1965, "mag": 5.2, "mag_type": "Mb", "depth_km": 74.0, "mb": 5.2}}, {"type": "Feature", "geometry": {"type": "Point", "coordinates": [120.97, 19.08]}, "properties": {"id": "PH-0345", "datetime_utc": "1965-02-13T22:51:26.300000Z", "year": 1965, "mag": 5.1, "mag_type": "Mb", "depth_km": 66.0, "mb": 5.1}}, {"type": "Feature", "geometry": {"type": "Point", "coordinates": [125.91, 2.97]}, "properties": {"id": "PH-0346", "datetime_utc": "1965-02-15T10:04:26.200000Z", "year": 1965, "mag": 5.9, "mag_type": "Mb", "depth_km": 91.0, "mb": 5.9}}, {"type": "Feature", "geometry": {"type": "Point", "coordinates": [128.7, 5.4]}, "properties": {"id": "PH-0347", "datetime_utc": "1965-02-23T13:23:34.200000Z", "year": 1965, "mag": 5.3, "mag_type": "Mb", "depth_km": 61.0, "mb": 5.3}}, {"type": "Feature", "geometry": {"type": "Point", "coordinates": [128.6, 5.3]}, "properties": {"id": "PH-0348", "datetime_utc": "1965-02-28T04:40:06.900000Z", "year": 1965, "mag": 5.0, "mag_type": "Mb", "depth_km": 105.0, "mb": 5.0}}, {"type": "Feature", "geometry": {"type": "Point", "coordinates": [121.16, 21.19]}, "properties": {"id": "PH-0349", "datetime_utc": "1965-03-01T13:20:58.700000Z", "year": 1965, "mag": 5.3, "mag_type": "Mb", "depth_km": 57.0, "mb": 5.3}}, {"type": "Feature", "geometry": {"type": "Point", "coordinates": [121.33, 20.09]}, "properties": {"id": "PH-0350", "datetime_utc": "1965-03-06T21:23:57.300000Z", "year": 1965, "mag": 5.4, "mag_type": "Mb", "depth_km": 61.0, "mb": 5.4}}, {"type": "Feature", "geometry": {"type": "Point", "coordinates": [121.15, 19.92]}, "properties": {"id": "PH-0351", "datetime_utc": "1965-03-08T12:25:27.900000Z", "year": 1965, "mag": 5.2, "mag_type": "Mb", "depth_km": 81.0, "mb": 5.2}}, {"type": "Feature", "geometry": {"type": "Point", "coordinates": [124.06, 6.35]}, "properties": {"id": "PH-0352", "datetime_utc": "1965-03-21T13:40:32.500000Z", "year": 1965, "mag": 5.1, "mag_type": "Mb", "depth_km": 61.0, "mb": 5.1}}, {"type": "Feature", "geometry": {"type": "Point", "coordinates": [126.57, 8.43]}, "properties": {"id": "PH-0353", "datetime_utc": "1965-03-24T22:42:09.700000Z", "year": 1965, "mag": 5.4, "mag_type": "Mb", "depth_km": 50.0, "mb": 5.4}}, {"type": "Feature", "geometry": {"type": "Point", "coordinates": [121.05, 9.93]}, "properties": {"id": "PH-0354", "datetime_utc": "1965-04-01T07:08:40Z", "year": 1965, "mag": 5.4, "mag_type": "Mb", "depth_km": 101.0, "mb": 5.4}}, {"type": "Feature", "geometry": {"type": "Point", "coordinates": [123.89, 12.72]}, "properties": {"id": "PH-0355", "datetime_utc": "1965-04-02T13:04:01.200000Z", "year": 1965, "mag": 5.4, "mag_type": "Mb", "depth_km": 19.0, "mb": 5.4}}, {"type": "Feature", "geometry": {"type": "Point", "coordinates": [121.08, 19.14]}, "properties": {"id": "PH-0356", "datetime_utc": "1965-04-24T08:02:27Z", "year": 1965, "mag": 5.2, "mag_type": "Mb", "depth_km": 49.0, "mb": 5.2}}, {"type": "Feature", "geometry": {"type": "Point", "coordinates": [121.0, 21.0]}, "properties": {"id": "PH-0357", "datetime_utc": "1965-04-26T22:15:42Z", "year": 1965, "mag": 5.8, "mag_type": "Mb", "depth_km": 29.0, "mb": 5.8}}, {"type": "Feature", "geometry": {"type": "Point", "coordinates": [120.33, 18.42]}, "properties": {"id": "PH-0358", "datetime_utc": "1965-05-08T03:05:36.900000Z", "year": 1965, "mag": 5.2, "mag_type": "Mb", "depth_km": 39.0, "mb": 5.2}}, {"type": "Feature", "geometry": {"type": "Point", "coordinates": [125.57, 5.26]}, "properties": {"id": "PH-0359", "datetime_utc": "1965-05-16T11:35:52.100000Z", "year": 1965, "mag": 5.6, "mag_type": "Mb", "depth_km": 93.0, "mb": 5.6}}, {"type": "Feature", "geometry": {"type": "Point", "coordinates": [124.5, 13.1]}, "properties": {"id": "PH-0360", "datetime_utc": "1965-05-24T23:21:13.600000Z", "year": 1965, "mag": 5.7, "mag_type": "Mb", "depth_km": 54.0, "mb": 5.7}}, {"type": "Feature", "geometry": {"type": "Point", "coordinates": [125.9, 10.0]}, "properties": {"id": "PH-0361", "datetime_utc": "1965-06-20T04:05:48.400000Z", "year": 1965, "mag": 5.1, "mag_type": "Mb", "depth_km": 50.0, "mb": 5.1}}, {"type": "Feature", "geometry": {"type": "Point", "coordinates": [126.0, 10.0]}, "properties": {"id": "PH-0362", "datetime_utc": "1965-06-20T07:53:42.700000Z", "year": 1965, "mag": 5.0, "mag_type": "Mb", "depth_km": 61.0, "mb": 5.0}}, {"type": "Feature", "geometry": {"type": "Point", "coordinates": [123.53, 7.21]}, "properties": {"id": "PH-0363", "datetime_utc": "1965-06-22T23:48:07.700000Z", "year": 1965, "mag": 5.8, "mag_type": "Mb", "depth_km": 58.0, "mb": 5.8}}, {"type": "Feature", "geometry": {"type": "Point", "coordinates": [126.25, 7.0]}, "properties": {"id": "PH-0364", "datetime_utc": "1965-06-24T07:45:13.900000Z", "year": 1965, "mag": 5.7, "mag_type": "Mb", "depth_km": 51.0, "mb": 5.7}}, {"type": "Feature", "geometry": {"type": "Point", "coordinates": [120.58, 20.22]}, "properties": {"id": "PH-0365", "datetime_utc": "1965-06-24T23:08:40.800000Z", "year": 1965, "mag": 5.1, "mag_type": "Mb", "depth_km": 28.0, "mb": 5.1}}, {"type": "Feature", "geometry": {"type": "Point", "coordinates": [126.32, 9.55]}, "properties": {"id": "PH-0366", "datetime_utc": "1965-06-25T12:50:30Z", "year": 1965, "mag": 5.0, "mag_type": "Mb", "depth_km": 74.0, "mb": 5.0}}, {"type": "Feature", "geometry": {"type": "Point", "coordinates": [127.49, 4.82]}, "properties": {"id": "PH-0367", "datetime_utc": "1965-06-27T17:35:12.400000Z", "year": 1965, "mag": 5.3, "mag_type": "Mb", "depth_km": 75.0, "mb": 5.3}}, {"type": "Feature", "geometry": {"type": "Point", "coordinates": [123.76, 7.64]}, "properties": {"id": "PH-0368", "datetime_utc": "1965-07-15T18:33:31.800000Z", "year": 1965, "mag": 5.7, "mag_type": "Mb", "depth_km": 605.0, "mb": 5.7}}, {"type": "Feature", "geometry": {"type": "Point", "coordinates": [127.12, 7.59]}, "properties": {"id": "PH-0369", "datetime_utc": "1965-07-20T13:18:27.300000Z", "year": 1965, "mag": 5.6, "mag_type": "Mb", "depth_km": 30.0, "mb": 5.6}}, {"type": "Feature", "geometry": {"type": "Point", "coordinates": [126.02, 6.08]}, "properties": {"id": "PH-0370", "datetime_utc": "1965-07-27T07:54:35.900000Z", "year": 1965, "mag": 5.1, "mag_type": "Mb", "depth_km": 93.0, "mb": 5.1}}, {"type": "Feature", "geometry": {"type": "Point", "coordinates": [126.7, 6.6]}, "properties": {"id": "PH-0371", "datetime_utc": "1965-08-08T04:32:45.400000Z", "year": 1965, "mag": 5.0, "mag_type": "Mb", "depth_km": 99.0, "mb": 5.0}}, {"type": "Feature", "geometry": {"type": "Point", "coordinates": [128.49, 3.98]}, "properties": {"id": "PH-0372", "datetime_utc": "1965-08-08T09:46:30.500000Z", "year": 1965, "mag": 5.3, "mag_type": "Mb", "depth_km": 57.0, "mb": 5.3}}, {"type": "Feature", "geometry": {"type": "Point", "coordinates": [120.06, 13.57]}, "properties": {"id": "PH-0373", "datetime_utc": "1965-08-13T02:13:14.100000Z", "year": 1965, "mag": 5.2, "mag_type": "Mb", "depth_km": 36.0, "mb": 5.2}}, {"type": "Feature", "geometry": {"type": "Point", "coordinates": [125.53, 12.31]}, "properties": {"id": "PH-0374", "datetime_utc": "1965-08-17T07:36:14.200000Z", "year": 1965, "mag": 5.1, "mag_type": "Mb", "depth_km": 49.0, "mb": 5.1}}, {"type": "Feature", "geometry": {"type": "Point", "coordinates": [125.5, 12.4]}, "properties": {"id": "PH-0375", "datetime_utc": "1965-08-17T07:48:41.200000Z", "year": 1965, "mag": 5.3, "mag_type": "Mb", "depth_km": 33.0, "mb": 5.3}}, {"type": "Feature", "geometry": {"type": "Point", "coordinates": [125.44, 12.22]}, "properties": {"id": "PH-0376", "datetime_utc": "1965-08-17T08:06:09.600000Z", "year": 1965, "mag": 5.1, "mag_type": "Mb", "depth_km": 109.0, "mb": 5.1}}, {"type": "Feature", "geometry": {"type": "Point", "coordinates": [125.39, 5.53]}, "properties": {"id": "PH-0377", "datetime_utc": "1965-08-20T08:31:25.500000Z", "year": 1965, "mag": 5.2, "mag_type": "Mb", "depth_km": 82.0, "mb": 5.2}}, {"type": "Feature", "geometry": {"type": "Point", "coordinates": [125.87, 5.52]}, "properties": {"id": "PH-0378", "datetime_utc": "1965-08-30T14:00:55.800000Z", "year": 1965, "mag": 5.2, "mag_type": "Mb", "depth_km": 121.0, "mb": 5.2}}, {"type": "Feature", "geometry": {"type": "Point", "coordinates": [121.22, 21.29]}, "properties": {"id": "PH-0379", "datetime_utc": "1965-09-06T03:18:40.700000Z", "year": 1965, "mag": 5.2, "mag_type": "Mb", "depth_km": 45.0, "mb": 5.2}}, {"type": "Feature", "geometry": {"type": "Point", "coordinates": [120.87, 13.96]}, "properties": {"id": "PH-0380", "datetime_utc": "1965-09-10T02:53:26.200000Z", "year": 1965, "mag": 5.0, "mag_type": "Mb", "depth_km": 149.0, "mb": 5.0}}, {"type": "Feature", "geometry": {"type": "Point", "coordinates": [126.5, 3.1]}, "properties": {"id": "PH-0381", "datetime_utc": "1965-09-12T17:01:51.500000Z", "year": 1965, "mag": 5.1, "mag_type": "Mb", "depth_km": 53.0, "mb": 5.1}}, {"type": "Feature", "geometry": {"type": "Point", "coordinates": [126.87, 8.39]}, "properties": {"id": "PH-0382", "datetime_utc": "1965-09-14T08:27:18.300000Z", "year": 1965, "mag": 5.4, "mag_type": "Mb", "depth_km": 56.0, "mb": 5.4}}, {"type": "Feature", "geometry": {"type": "Point", "coordinates": [126.7, 8.3]}, "properties": {"id": "PH-0383", "datetime_utc": "1965-09-14T21:54:20.500000Z", "year": 1965, "mag": 5.0, "mag_type": "Mb", "depth_km": 100.0, "mb": 5.0}}, {"type": "Feature", "geometry": {"type": "Point", "coordinates": [126.58, 7.13]}, "properties": {"id": "PH-0384", "datetime_utc": "1965-09-16T13:50:12.200000Z", "year": 1965, "mag": 5.9, "mag_type": "Mb", "depth_km": 178.0, "mb": 5.9}}, {"type": "Feature", "geometry": {"type": "Point", "coordinates": [126.2, 2.3]}, "properties": {"id": "PH-0385", "datetime_utc": "1965-09-16T23:51:37.400000Z", "year": 1965, "mag": 5.0, "mag_type": "Mb", "depth_km": 163.0, "mb": 5.0}}, {"type": "Feature", "geometry": {"type": "Point", "coordinates": [126.96, 8.31]}, "properties": {"id": "PH-0386", "datetime_utc": "1965-09-18T22:03:15.100000Z", "year": 1965, "mag": 5.4, "mag_type": "Mb", "depth_km": 56.0, "mb": 5.4}}, {"type": "Feature", "geometry": {"type": "Point", "coordinates": [126.8, 8.1]}, "properties": {"id": "PH-0387", "datetime_utc": "1965-10-11T04:52:14.600000Z", "year": 1965, "mag": 5.1, "mag_type": "Mb", "depth_km": 88.0, "mb": 5.1}}, {"type": "Feature", "geometry": {"type": "Point", "coordinates": [125.1, 2.1]}, "properties": {"id": "PH-0388", "datetime_utc": "1965-10-12T23:52:34.100000Z", "year": 1965, "mag": 5.0, "mag_type": "Mb", "depth_km": 234.0, "mb": 5.0}}, {"type": "Feature", "geometry": {"type": "Point", "coordinates": [128.62, 3.11]}, "properties": {"id": "PH-0389", "datetime_utc": "1965-10-16T08:22:56.400000Z", "year": 1965, "mag": 5.4, "mag_type": "Mb", "depth_km": 215.0, "mb": 5.4}}, {"type": "Feature", "geometry": {"type": "Point", "coordinates": [125.81, 4.17]}, "properties": {"id": "PH-0390", "datetime_utc": "1965-10-24T14:32:13.900000Z", "year": 1965, "mag": 5.4, "mag_type": "Mb", "depth_km": 179.0, "mb": 5.4}}, {"type": "Feature", "geometry": {"type": "Point", "coordinates": [126.5, 3.6]}, "properties": {"id": "PH-0391", "datetime_utc": "1965-10-26T04:53:30.200000Z", "year": 1965, "mag": 5.1, "mag_type": "Mb", "depth_km": 33.0, "mb": 5.1}}, {"type": "Feature", "geometry": {"type": "Point", "coordinates": [127.7, 5.0]}, "properties": {"id": "PH-0392", "datetime_utc": "1965-11-13T14:46:56.500000Z", "year": 1965, "mag": 5.1, "mag_type": "Mb", "depth_km": 134.0, "mb": 5.1}}, {"type": "Feature", "geometry": {"type": "Point", "coordinates": [126.9, 6.6]}, "properties": {"id": "PH-0393", "datetime_utc": "1965-11-16T06:45:57.200000Z", "year": 1965, "mag": 5.4, "mag_type": "Mb", "depth_km": 103.0, "mb": 5.4}}, {"type": "Feature", "geometry": {"type": "Point", "coordinates": [124.76, 2.96]}, "properties": {"id": "PH-0394", "datetime_utc": "1965-11-23T01:17:31.200000Z", "year": 1965, "mag": 5.5, "mag_type": "Mb", "depth_km": 40.0, "mb": 5.5}}, {"type": "Feature", "geometry": {"type": "Point", "coordinates": [124.2, 4.6]}, "properties": {"id": "PH-0395", "datetime_utc": "1965-11-29T10:21:26.900000Z", "year": 1965, "mag": 5.0, "mag_type": "Mb", "depth_km": 479.0, "mb": 5.0}}, {"type": "Feature", "geometry": {"type": "Point", "coordinates": [124.11, 6.67]}, "properties": {"id": "PH-0396", "datetime_utc": "1965-12-22T00:52:56.800000Z", "year": 1965, "mag": 5.2, "mag_type": "Mb", "depth_km": 552.0, "mb": 5.2}}, {"type": "Feature", "geometry": {"type": "Point", "coordinates": [126.0, 6.73]}, "properties": {"id": "PH-0397", "datetime_utc": "1965-12-25T01:07:20.300000Z", "year": 1965, "mag": 5.1, "mag_type": "Mb", "depth_km": 87.0, "mb": 5.1}}, {"type": "Feature", "geometry": {"type": "Point", "coordinates": [126.71, 3.18]}, "properties": {"id": "PH-0398", "datetime_utc": "1965-12-27T20:18:34.300000Z", "year": 1965, "mag": 5.1, "mag_type": "Mb", "depth_km": 57.0, "mb": 5.1}}, {"type": "Feature", "geometry": {"type": "Point", "coordinates": [126.93, 3.24]}, "properties": {"id": "PH-0399", "datetime_utc": "1965-12-28T12:10:29.800000Z", "year": 1965, "mag": 5.3, "mag_type": "Mb", "depth_km": 34.0, "mb": 5.3}}, {"type": "Feature", "geometry": {"type": "Point", "coordinates": [128.7, 2.3]}, "properties": {"id": "PH-0400", "datetime_utc": "1965-12-31T20:58:53.600000Z", "year": 1965, "mag": 5.0, "mag_type": "Mb", "depth_km": 100.0, "mb": 5.0}}, {"type": "Feature", "geometry": {"type": "Point", "coordinates": [119.5, 16.6]}, "properties": {"id": "PH-0401", "datetime_utc": "1966-01-07T14:32:25Z", "year": 1966, "mag": 7.7, "mag_type": "Mb", "depth_km": 47.0, "mb": 7.7}}, {"type": "Feature", "geometry": {"type": "Point", "coordinates": [120.72, 13.81]}, "properties": {"id": "PH-0402", "datetime_utc": "1966-01-10T01:19:11.900000Z", "year": 1966, "mag": 5.3, "mag_type": "Mb", "depth_km": 133.0, "mb": 5.3}}, {"type": "Feature", "geometry": {"type": "Point", "coordinates": [121.31, 19.86]}, "properties": {"id": "PH-0403", "datetime_utc": "1966-01-26T11:19:19.500000Z", "year": 1966, "mag": 5.0, "mag_type": "Mb", "depth_km": 60.0, "mb": 5.0}}, {"type": "Feature", "geometry": {"type": "Point", "coordinates": [119.93, 16.66]}, "properties": {"id": "PH-0404", "datetime_utc": "1966-02-03T11:58:36Z", "year": 1966, "mag": 5.3, "mag_type": "Mb", "depth_km": 71.0, "mb": 5.3}}, {"type": "Feature", "geometry": {"type": "Point", "coordinates": [125.2, 13.3]}, "properties": {"id": "PH-0405", "datetime_utc": "1966-02-16T00:24:24Z", "year": 1966, "mag": 5.0, "mag_type": "Mb", "depth_km": 29.0, "mb": 5.0}}, {"type": "Feature", "geometry": {"type": "Point", "coordinates": [124.82, 6.73]}, "properties": {"id": "PH-0406", "datetime_utc": "1966-02-18T06:59:05Z", "year": 1966, "mag": 5.3, "mag_type": "Mb", "depth_km": 58.0, "mb": 5.3}}, {"type": "Feature", "geometry": {"type": "Point", "coordinates": [122.18, 9.48]}, "properties": {"id": "PH-0407", "datetime_utc": "1966-03-16T20:38:25Z", "year": 1966, "mag": 5.2, "mag_type": "Mb", "depth_km": 38.0, "mb": 5.2}}, {"type": "Feature", "geometry": {"type": "Point", "coordinates": [120.74, 19.84]}, "properties": {"id": "PH-0408", "datetime_utc": "1966-03-26T14:09:09Z", "year": 1966, "mag": 5.1, "mag_type": "Mb", "depth_km": 17.0, "mb": 5.1}}, {"type": "Feature", "geometry": {"type": "Point", "coordinates": [128.39, 8.93]}, "properties": {"id": "PH-0409", "datetime_utc": "1966-04-06T21:53:10.500000Z", "year": 1966, "mag": 5.2, "mag_type": "Mb", "depth_km": 66.0, "mb": 5.2}}, {"type": "Feature", "geometry": {"type": "Point", "coordinates": [125.92, 5.41]}, "properties": {"id": "PH-0410", "datetime_utc": "1966-04-09T20:00:59Z", "year": 1966, "mag": 5.1, "mag_type": "Mb", "depth_km": 134.0, "mb": 5.1}}, {"type": "Feature", "geometry": {"type": "Point", "coordinates": [126.2, 4.4]}, "properties": {"id": "PH-0411", "datetime_utc": "1966-05-05T06:35:17Z", "year": 1966, "mag": 5.3, "mag_type": "Mb", "depth_km": 101.0, "mb": 5.3}}, {"type": "Feature", "geometry": {"type": "Point", "coordinates": [119.64, 5.96]}, "properties": {"id": "PH-0412", "datetime_utc": "1966-05-18T17:25:53Z", "year": 1966, "mag": 5.3, "mag_type": "Mb", "depth_km": 52.0, "mb": 5.3}}, {"type": "Feature", "geometry": {"type": "Point", "coordinates": [122.09, 19.38]}, "properties": {"id": "PH-0413", "datetime_utc": "1966-05-20T18:02:35.900000Z", "year": 1966, "mag": 5.4, "mag_type": "Mb", "depth_km": 53.0, "mb": 5.4}}, {"type": "Feature", "geometry": {"type": "Point", "coordinates": [125.44, 3.23]}, "properties": {"id": "PH-0414", "datetime_utc": "1966-05-21T17:43:14.600000Z", "year": 1966, "mag": 5.0, "mag_type": "Mb", "depth_km": 176.0, "mb": 5.0}}, {"type": "Feature", "geometry": {"type": "Point", "coordinates": [126.03, 9.61]}, "properties": {"id": "PH-0415", "datetime_utc": "1966-05-21T18:41:58.800000Z", "year": 1966, "mag": 5.1, "mag_type": "Mb", "depth_km": 76.0, "mb": 5.1}}, {"type": "Feature", "geometry": {"type": "Point", "coordinates": [126.4, 9.6]}, "properties": {"id": "PH-0416", "datetime_utc": "1966-06-06T20:47:11.100000Z", "year": 1966, "mag": 5.6, "mag_type": "Mb", "depth_km": 44.0, "mb": 5.6}}, {"type": "Feature", "geometry": {"type": "Point", "coordinates": [126.42, 9.63]}, "properties": {"id": "PH-0417", "datetime_utc": "1966-06-06T23:59:21Z", "year": 1966, "mag": 5.0, "mag_type": "Mb", "depth_km": 89.0, "mb": 5.0}}, {"type": "Feature", "geometry": {"type": "Point", "coordinates": [126.68, 9.64]}, "properties": {"id": "PH-0418", "datetime_utc": "1966-06-08T22:01:17Z", "year": 1966, "mag": 5.1, "mag_type": "Mb", "depth_km": 47.0, "mb": 5.1}}, {"type": "Feature", "geometry": {"type": "Point", "coordinates": [126.55, 9.58]}, "properties": {"id": "PH-0419", "datetime_utc": "1966-06-30T12:27:45.200000Z", "year": 1966, "mag": 5.2, "mag_type": "Mb", "depth_km": 47.0, "mb": 5.2}}, {"type": "Feature", "geometry": {"type": "Point", "coordinates": [121.0, 19.1]}, "properties": {"id": "PH-0420", "datetime_utc": "1966-07-21T05:05:13.500000Z", "year": 1966, "mag": 5.2, "mag_type": "Mb", "depth_km": 70.0, "mb": 5.2}}, {"type": "Feature", "geometry": {"type": "Point", "coordinates": [126.65, 9.01]}, "properties": {"id": "PH-0421", "datetime_utc": "1966-07-30T17:39:20Z", "year": 1966, "mag": 5.2, "mag_type": "Mb", "depth_km": 45.0, "mb": 5.2}}, {"type": "Feature", "geometry": {"type": "Point", "coordinates": [121.36, 13.28]}, "properties": {"id": "PH-0422", "datetime_utc": "1966-08-15T02:45:34Z", "year": 1966, "mag": 5.5, "mag_type": "Mb", "depth_km": 24.0, "mb": 5.5}}, {"type": "Feature", "geometry": {"type": "Point", "coordinates": [126.62, 8.48]}, "properties": {"id": "PH-0423", "datetime_utc": "1966-08-21T05:00:24Z", "year": 1966, "mag": 5.8, "mag_type": "Mb", "depth_km": 39.0, "mb": 5.8}}, {"type": "Feature", "geometry": {"type": "Point", "coordinates": [128.11, 3.18]}, "properties": {"id": "PH-0424", "datetime_utc": "1966-08-27T02:36:33.700000Z", "year": 1966, "mag": 5.2, "mag_type": "Mb", "depth_km": 179.0, "mb": 5.2}}, {"type": "Feature", "geometry": {"type": "Point", "coordinates": [125.98, 5.82]}, "properties": {"id": "PH-0425", "datetime_utc": "1966-08-27T04:35:48.600000Z", "year": 1966, "mag": 5.1, "mag_type": "Mb", "depth_km": 125.0, "mb": 5.1}}, {"type": "Feature", "geometry": {"type": "Point", "coordinates": [123.65, 13.95]}, "properties": {"id": "PH-0426", "datetime_utc": "1966-08-27T17:10:43Z", "year": 1966, "mag": 5.0, "mag_type": "Mb", "depth_km": 4.0, "mb": 5.0}}, {"type": "Feature", "geometry": {"type": "Point", "coordinates": [120.84, 13.73]}, "properties": {"id": "PH-0427", "datetime_utc": "1966-08-28T18:56:19.200000Z", "year": 1966, "mag": 5.0, "mag_type": "Mb", "depth_km": 114.0, "mb": 5.0}}, {"type": "Feature", "geometry": {"type": "Point", "coordinates": [128.52, 2.38]}, "properties": {"id": "PH-0428", "datetime_utc": "1966-08-28T22:30:55.300000Z", "year": 1966, "mag": 5.1, "mag_type": "Mb", "depth_km": 73.0, "mb": 5.1}}, {"type": "Feature", "geometry": {"type": "Point", "coordinates": [120.8, 13.4]}, "properties": {"id": "PH-0429", "datetime_utc": "1966-08-30T12:40:28.200000Z", "year": 1966, "mag": 5.3, "mag_type": "Mb", "depth_km": 86.0, "mb": 5.3}}, {"type": "Feature", "geometry": {"type": "Point", "coordinates": [126.7, 4.3]}, "properties": {"id": "PH-0430", "datetime_utc": "1966-08-30T19:42:55Z", "year": 1966, "mag": 5.0, "mag_type": "Mb", "depth_km": 165.0, "mb": 5.0}}, {"type": "Feature", "geometry": {"type": "Point", "coordinates": [126.8, 2.3]}, "properties": {"id": "PH-0431", "datetime_utc": "1966-09-02T14:34:57Z", "year": 1966, "mag": 5.1, "mag_type": "Mb", "depth_km": 126.0, "mb": 5.1}}, {"type": "Feature", "geometry": {"type": "Point", "coordinates": [126.44, 3.56]}, "properties": {"id": "PH-0432", "datetime_utc": "1966-09-08T10:37:43Z", "year": 1966, "mag": 5.0, "mag_type": "Mb", "depth_km": 57.0, "mb": 5.0}}, {"type": "Feature", "geometry": {"type": "Point", "coordinates": [128.4, 2.3]}, "properties": {"id": "PH-0433", "datetime_utc": "1966-09-08T21:15:52.300000Z", "year": 1966, "mag": 6.6, "mag_type": "Mb", "depth_km": 90.0, "mb": 6.6}}, {"type": "Feature", "geometry": {"type": "Point", "coordinates": [126.14, 9.41]}, "properties": {"id": "PH-0434", "datetime_utc": "1966-09-13T23:45:16Z", "year": 1966, "mag": 5.2, "mag_type": "Mb", "depth_km": 68.0, "mb": 5.2}}, {"type": "Feature", "geometry": {"type": "Point", "coordinates": [128.28, 2.55]}, "properties": {"id": "PH-0435", "datetime_utc": "1966-09-27T18:41:45Z", "year": 1966, "mag": 5.1, "mag_type": "Mb", "depth_km": 123.0, "mb": 5.1}}, {"type": "Feature", "geometry": {"type": "Point", "coordinates": [125.6, 8.9]}, "properties": {"id": "PH-0436", "datetime_utc": "1966-10-07T03:29:32Z", "year": 1966, "mag": 5.1, "mag_type": "Mb", "depth_km": 85.0, "mb": 5.1}}, {"type": "Feature", "geometry": {"type": "Point", "coordinates": [126.13, 4.45]}, "properties": {"id": "PH-0437", "datetime_utc": "1966-10-07T04:28:29Z", "year": 1966, "mag": 5.3, "mag_type": "Mb", "depth_km": 81.0, "mb": 5.3}}, {"type": "Feature", "geometry": {"type": "Point", "coordinates": [120.74, 13.98]}, "properties": {"id": "PH-0438", "datetime_utc": "1966-10-11T12:06:18.800000Z", "year": 1966, "mag": 5.1, "mag_type": "Mb", "depth_km": 104.0, "mb": 5.1}}, {"type": "Feature", "geometry": {"type": "Point", "coordinates": [127.0, 3.0]}, "properties": {"id": "PH-0439", "datetime_utc": "1966-10-23T00:00:17Z", "year": 1966, "mag": 5.1, "mag_type": "Mb", "depth_km": 38.0, "mb": 5.1}}, {"type": "Feature", "geometry": {"type": "Point", "coordinates": [125.53, 7.26]}, "properties": {"id": "PH-0440", "datetime_utc": "1966-11-07T08:55:51Z", "year": 1966, "mag": 5.0, "mag_type": "Mb", "depth_km": 84.0, "mb": 5.0}}, {"type": "Feature", "geometry": {"type": "Point", "coordinates": [126.58, 6.21]}, "properties": {"id": "PH-0441", "datetime_utc": "1966-12-01T11:38:25.200000Z", "year": 1966, "mag": 5.1, "mag_type": "Mb", "depth_km": 114.0, "mb": 5.1}}, {"type": "Feature", "geometry": {"type": "Point", "coordinates": [128.11, 3.26]}, "properties": {"id": "PH-0442", "datetime_utc": "1966-12-02T09:31:18.200000Z", "year": 1966, "mag": 5.5, "mag_type": "Mb", "depth_km": 90.0, "mb": 5.5}}, {"type": "Feature", "geometry": {"type": "Point", "coordinates": [127.1, 2.7]}, "properties": {"id": "PH-0443", "datetime_utc": "1966-12-05T01:18:46Z", "year": 1966, "mag": 5.3, "mag_type": "Mb", "depth_km": 67.0, "mb": 5.3}}, {"type": "Feature", "geometry": {"type": "Point", "coordinates": [122.17, 14.57]}, "properties": {"id": "PH-0444", "datetime_utc": "1966-12-20T18:39:43.700000Z", "year": 1966, "mag": 5.3, "mag_type": "Mb", "depth_km": 32.0, "mb": 5.3}}, {"type": "Feature", "geometry": {"type": "Point", "coordinates": [120.06, 20.36]}, "properties": {"id": "PH-0445", "datetime_utc": "1967-01-04T03:41:33Z", "year": 1967, "mag": 5.4, "mag_type": "Mb", "depth_km": 7.0, "mb": 5.4}}, {"type": "Feature", "geometry": {"type": "Point", "coordinates": [120.71, 13.78]}, "properties": {"id": "PH-0446", "datetime_utc": "1967-01-05T06:13:31.600000Z", "year": 1967, "mag": 5.4, "mag_type": "Mb", "depth_km": 170.0, "mb": 5.4}}, {"type": "Feature", "geometry": {"type": "Point", "coordinates": [123.8, 5.8]}, "properties": {"id": "PH-0447", "datetime_utc": "1967-01-16T14:39:12Z", "year": 1967, "mag": 5.4, "mag_type": "Mb", "depth_km": 62.0, "mb": 5.4}}, {"type": "Feature", "geometry": {"type": "Point", "coordinates": [125.86, 4.21]}, "properties": {"id": "PH-0448", "datetime_utc": "1967-01-30T14:19:31.800000Z", "year": 1967, "mag": 5.1, "mag_type": "Mb", "depth_km": 112.0, "mb": 5.1}}, {"type": "Feature", "geometry": {"type": "Point", "coordinates": [125.5, 4.4]}, "properties": {"id": "PH-0449", "datetime_utc": "1967-02-17T00:37:41Z", "year": 1967, "mag": 5.5, "mag_type": "Mb", "depth_km": 55.0, "mb": 5.5}}, {"type": "Feature", "geometry": {"type": "Point", "coordinates": [121.9, 21.4]}, "properties": {"id": "PH-0450", "datetime_utc": "1967-03-04T05:09:24.600000Z", "year": 1967, "mag": 5.4, "mag_type": "Mb", "depth_km": 134.0, "mb": 5.4}}, {"type": "Feature", "geometry": {"type": "Point", "coordinates": [125.7, 4.1]}, "properties": {"id": "PH-0451", "datetime_utc": "1967-03-07T16:21:22.600000Z", "year": 1967, "mag": 5.3, "mag_type": "Mb", "depth_km": 190.0, "mb": 5.3}}, {"type": "Feature", "geometry": {"type": "Point", "coordinates": [126.72, 3.67]}, "properties": {"id": "PH-0452", "datetime_utc": "1967-03-13T17:27:11Z", "year": 1967, "mag": 5.1, "mag_type": "Mb", "depth_km": 63.0, "mb": 5.1}}, {"type": "Feature", "geometry": {"type": "Point", "coordinates": [126.5, 5.6]}, "properties": {"id": "PH-0453", "datetime_utc": "1967-03-26T17:00:33Z", "year": 1967, "mag": 5.1, "mag_type": "Mb", "depth_km": 81.0, "mb": 5.1}}, {"type": "Feature", "geometry": {"type": "Point", "coordinates": [122.43, 17.02]}, "properties": {"id": "PH-0454", "datetime_utc": "1967-03-28T19:32:28.300000Z", "year": 1967, "mag": 5.1, "mag_type": "Mb", "depth_km": 76.0, "mb": 5.1}}, {"type": "Feature", "geometry": {"type": "Point", "coordinates": [123.06, 12.78]}, "properties": {"id": "PH-0455", "datetime_utc": "1967-03-31T06:54:38.800000Z", "year": 1967, "mag": 5.0, "mag_type": "Mb", "depth_km": 33.0, "mb": 5.0}}, {"type": "Feature", "geometry": {"type": "Point", "coordinates": [127.0, 6.0]}, "properties": {"id": "PH-0456", "datetime_utc": "1967-04-08T20:13:55Z", "year": 1967, "mag": 5.2, "mag_type": "Mb", "depth_km": 85.0, "mb": 5.2}}, {"type": "Feature", "geometry": {"type": "Point", "coordinates": [127.13, 8.27]}, "properties": {"id": "PH-0457", "datetime_utc": "1967-04-22T17:27:51Z", "year": 1967, "mag": 5.0, "mag_type": "Mb", "depth_km": 84.0, "mb": 5.0}}, {"type": "Feature", "geometry": {"type": "Point", "coordinates": [126.47, 8.59]}, "properties": {"id": "PH-0458", "datetime_utc": "1967-04-23T12:50:25.700000Z", "year": 1967, "mag": 5.2, "mag_type": "Mb", "depth_km": 46.0, "mb": 5.2}}, {"type": "Feature", "geometry": {"type": "Point", "coordinates": [127.51, 5.15]}, "properties": {"id": "PH-0459", "datetime_utc": "1967-05-09T21:30:07.600000Z", "year": 1967, "mag": 5.4, "mag_type": "Mb", "depth_km": 110.0, "mb": 5.4}}, {"type": "Feature", "geometry": {"type": "Point", "coordinates": [126.8, 4.5]}, "properties": {"id": "PH-0460", "datetime_utc": "1967-05-13T06:57:57Z", "year": 1967, "mag": 5.1, "mag_type": "Mb", "depth_km": 71.0, "mb": 5.1}}, {"type": "Feature", "geometry": {"type": "Point", "coordinates": [126.1, 9.9]}, "properties": {"id": "PH-0461", "datetime_utc": "1967-05-18T23:20:48Z", "year": 1967, "mag": 5.1, "mag_type": "Mb", "depth_km": 107.0, "mb": 5.1}}, {"type": "Feature", "geometry": {"type": "Point", "coordinates": [125.68, 11.44]}, "properties": {"id": "PH-0462", "datetime_utc": "1967-05-31T19:26:32.800000Z", "year": 1967, "mag": 5.1, "mag_type": "Mb", "depth_km": 65.0, "mb": 5.1}}, {"type": "Feature", "geometry": {"type": "Point", "coordinates": [125.83, 6.16]}, "properties": {"id": "PH-0463", "datetime_utc": "1967-06-08T07:01:55Z", "year": 1967, "mag": 5.1, "mag_type": "Mb", "depth_km": 161.0, "mb": 5.1}}, {"type": "Feature", "geometry": {"type": "Point", "coordinates": [127.12, 4.56]}, "properties": {"id": "PH-0464", "datetime_utc": "1967-06-08T12:01:54Z", "year": 1967, "mag": 5.3, "mag_type": "Mb", "depth_km": 50.0, "mb": 5.3}}, {"type": "Feature", "geometry": {"type": "Point", "coordinates": [126.91, 5.32]}, "properties": {"id": "PH-0465", "datetime_utc": "1967-06-08T13:51:24Z", "year": 1967, "mag": 5.0, "mag_type": "Mb", "depth_km": 100.0, "mb": 5.0}}, {"type": "Feature", "geometry": {"type": "Point", "coordinates": [126.21, 4.13]}, "properties": {"id": "PH-0466", "datetime_utc": "1967-06-09T11:21:59Z", "year": 1967, "mag": 5.2, "mag_type": "Mb", "depth_km": 59.0, "mb": 5.2}}, {"type": "Feature", "geometry": {"type": "Point", "coordinates": [125.7, 2.8]}, "properties": {"id": "PH-0467", "datetime_utc": "1967-06-09T19:24:08Z", "year": 1967, "mag": 5.8, "mag_type": "Mb", "depth_km": 125.0, "mb": 5.8}}, {"type": "Feature", "geometry": {"type": "Point", "coordinates": [126.5, 9.1]}, "properties": {"id": "PH-0468", "datetime_utc": "1967-06-12T23:32:46Z", "year": 1967, "mag": 5.1, "mag_type": "Mb", "depth_km": 55.0, "mb": 5.1}}, {"type": "Feature", "geometry": {"type": "Point", "coordinates": [126.32, 12.19]}, "properties": {"id": "PH-0469", "datetime_utc": "1967-06-19T12:42:41Z", "year": 1967, "mag": 5.3, "mag_type": "Mb", "depth_km": 18.0, "mb": 5.3}}, {"type": "Feature", "geometry": {"type": "Point", "coordinates": [123.0, 12.7]}, "properties": {"id": "PH-0470", "datetime_utc": "1967-06-21T15:45:24Z", "year": 1967, "mag": 5.3, "mag_type": "Mb", "depth_km": 16.0, "mb": 5.3}}, {"type": "Feature", "geometry": {"type": "Point", "coordinates": [126.0, 11.0]}, "properties": {"id": "PH-0471", "datetime_utc": "1967-06-24T21:03:36.900000Z", "year": 1967, "mag": 5.6, "mag_type": "Mb", "depth_km": 52.0, "mb": 5.6}}, {"type": "Feature", "geometry": {"type": "Point", "coordinates": [125.98, 8.64]}, "properties": {"id": "PH-0472", "datetime_utc": "1967-07-07T13:28:39.900000Z", "year": 1967, "mag": 5.3, "mag_type": "Mb", "depth_km": 204.0, "mb": 5.3}}, {"type": "Feature", "geometry": {"type": "Point", "coordinates": [126.9, 4.8]}, "properties": {"id": "PH-0473", "datetime_utc": "1967-07-10T19:18:12Z", "year": 1967, "mag": 5.4, "mag_type": "Mb", "depth_km": 100.0, "mb": 5.4}}, {"type": "Feature", "geometry": {"type": "Point", "coordinates": [125.7, 5.7]}, "properties": {"id": "PH-0474", "datetime_utc": "1967-08-18T09:36:42.300000Z", "year": 1967, "mag": 5.0, "mag_type": "Mb", "depth_km": 165.0, "mb": 5.0}}, {"type": "Feature", "geometry": {"type": "Point", "coordinates": [125.87, 10.36]}, "properties": {"id": "PH-0475", "datetime_utc": "1967-08-19T15:28:08.500000Z", "year": 1967, "mag": 6.0, "mag_type": "Mb", "depth_km": 60.0, "mb": 6.0}}, {"type": "Feature", "geometry": {"type": "Point", "coordinates": [124.27, 2.66]}, "properties": {"id": "PH-0476", "datetime_utc": "1967-09-07T07:12:37.700000Z", "year": 1967, "mag": 5.6, "mag_type": "Mb", "depth_km": 288.0, "mb": 5.6}}, {"type": "Feature", "geometry": {"type": "Point", "coordinates": [128.66, 4.61]}, "properties": {"id": "PH-0477", "datetime_utc": "1967-09-24T00:57:05Z", "year": 1967, "mag": 5.3, "mag_type": "Mb", "depth_km": 1.0, "mb": 5.3}}, {"type": "Feature", "geometry": {"type": "Point", "coordinates": [128.5, 2.8]}, "properties": {"id": "PH-0478", "datetime_utc": "1967-09-24T06:10:16.200000Z", "year": 1967, "mag": 5.3, "mag_type": "Mb", "depth_km": 221.0, "mb": 5.3}}, {"type": "Feature", "geometry": {"type": "Point", "coordinates": [126.36, 9.68]}, "properties": {"id": "PH-0479", "datetime_utc": "1967-09-25T07:00:51Z", "year": 1967, "mag": 5.0, "mag_type": "Mb", "depth_km": 81.0, "mb": 5.0}}, {"type": "Feature", "geometry": {"type": "Point", "coordinates": [126.63, 3.57]}, "properties": {"id": "PH-0480", "datetime_utc": "1967-09-25T13:03:05Z", "year": 1967, "mag": 5.3, "mag_type": "Mb", "depth_km": 59.0, "mb": 5.3}}, {"type": "Feature", "geometry": {"type": "Point", "coordinates": [126.2, 8.5]}, "properties": {"id": "PH-0481", "datetime_utc": "1967-10-05T02:12:36Z", "year": 1967, "mag": 5.2, "mag_type": "Mb", "depth_km": 102.0, "mb": 5.2}}, {"type": "Feature", "geometry": {"type": "Point", "coordinates": [121.83, 17.27]}, "properties": {"id": "PH-0482", "datetime_utc": "1967-10-17T21:05:23.900000Z", "year": 1967, "mag": 5.5, "mag_type": "Mb", "depth_km": 41.0, "mb": 5.5}}, {"type": "Feature", "geometry": {"type": "Point", "coordinates": [121.7, 2.3]}, "properties": {"id": "PH-0483", "datetime_utc": "1967-10-26T05:10:02Z", "year": 1967, "mag": 5.1, "mag_type": "Mb", "depth_km": 65.0, "mb": 5.1}}, {"type": "Feature", "geometry": {"type": "Point", "coordinates": [125.78, 6.19]}, "properties": {"id": "PH-0484", "datetime_utc": "1967-11-03T10:31:19.900000Z", "year": 1967, "mag": 5.0, "mag_type": "Mb", "depth_km": 87.0, "mb": 5.0}}, {"type": "Feature", "geometry": {"type": "Point", "coordinates": [126.24, 10.34]}, "properties": {"id": "PH-0485", "datetime_utc": "1967-11-10T11:29:51Z", "year": 1967, "mag": 5.2, "mag_type": "Mb", "depth_km": 41.0, "mb": 5.2}}, {"type": "Feature", "geometry": {"type": "Point", "coordinates": [126.49, 10.36]}, "properties": {"id": "PH-0486", "datetime_utc": "1967-11-11T11:41:46Z", "year": 1967, "mag": 5.3, "mag_type": "Mb", "depth_km": 53.0, "mb": 5.3}}, {"type": "Feature", "geometry": {"type": "Point", "coordinates": [126.9, 3.0]}, "properties": {"id": "PH-0487", "datetime_utc": "1967-11-12T18:55:08Z", "year": 1967, "mag": 5.1, "mag_type": "Mb", "depth_km": 77.0, "mb": 5.1}}, {"type": "Feature", "geometry": {"type": "Point", "coordinates": [123.7, 6.2]}, "properties": {"id": "PH-0488", "datetime_utc": "1967-11-15T07:36:37.300000Z", "year": 1967, "mag": 5.1, "mag_type": "Mb", "depth_km": 579.0, "mb": 5.1}}, {"type": "Feature", "geometry": {"type": "Point", "coordinates": [126.54, 5.86]}, "properties": {"id": "PH-0489", "datetime_utc": "1967-11-24T18:46:53.800000Z", "year": 1967, "mag": 5.2, "mag_type": "Mb", "depth_km": 117.0, "mb": 5.2}}, {"type": "Feature", "geometry": {"type": "Point", "coordinates": [127.37, 2.43]}, "properties": {"id": "PH-0490", "datetime_utc": "1967-12-01T07:18:22.800000Z", "year": 1967, "mag": 5.1, "mag_type": "Mb", "depth_km": 96.0, "mb": 5.1}}, {"type": "Feature", "geometry": {"type": "Point", "coordinates": [127.51, 2.18]}, "properties": {"id": "PH-0491", "datetime_utc": "1967-12-06T03:01:29Z", "year": 1967, "mag": 5.2, "mag_type": "Mb", "depth_km": 57.0, "mb": 5.2}}, {"type": "Feature", "geometry": {"type": "Point", "coordinates": [125.91, 5.39]}, "properties": {"id": "PH-0492", "datetime_utc": "1967-12-13T15:36:01.500000Z", "year": 1967, "mag": 5.2, "mag_type": "Mb", "depth_km": 119.0, "mb": 5.2}}, {"type": "Feature", "geometry": {"type": "Point", "coordinates": [125.89, 11.59]}, "properties": {"id": "PH-0493", "datetime_utc": "1967-12-17T16:03:29Z", "year": 1967, "mag": 5.0, "mag_type": "Mb", "depth_km": 18.0, "mb": 5.0}}, {"type": "Feature", "geometry": {"type": "Point", "coordinates": [125.37, 11.03]}, "properties": {"id": "PH-0494", "datetime_utc": "1967-12-23T17:14:33.700000Z", "year": 1967, "mag": 5.2, "mag_type": "Mb", "depth_km": 122.0, "mb": 5.2}}, {"type": "Feature", "geometry": {"type": "Point", "coordinates": [126.45, 3.07]}, "properties": {"id": "PH-0495", "datetime_utc": "1967-12-30T00:07:11Z", "year": 1967, "mag": 5.3, "mag_type": "Mb", "depth_km": 21.0, "mb": 5.3}}, {"type": "Feature", "geometry": {"type": "Point", "coordinates": [118.2, 20.4]}, "properties": {"id": "PH-0496", "datetime_utc": "1967-12-30T05:24:03.400000Z", "year": 1967, "mag": 5.0, "mag_type": "Mb", "depth_km": 33.0, "mb": 5.0}}, {"type": "Feature", "geometry": {"type": "Point", "coordinates": [126.72, 5.01]}, "properties": {"id": "PH-0497", "datetime_utc": "1968-01-11T04:40:13.400000Z", "year": 1968, "mag": 5.2, "mag_type": "Mb", "depth_km": 33.0, "mb": 5.2}}, {"type": "Feature", "geometry": {"type": "Point", "coordinates": [125.7, 2.0]}, "properties": {"id": "PH-0498", "datetime_utc": "1968-01-14T22:21:25Z", "year": 1968, "mag": 5.2, "mag_type": "Mb", "depth_km": 44.0, "mb": 5.2}}, {"type": "Feature", "geometry": {"type": "Point", "coordinates": [125.51, 12.22]}, "properties": {"id": "PH-0499", "datetime_utc": "1968-01-29T16:00:09Z", "year": 1968, "mag": 5.1, "mag_type": "Mb", "depth_km": 62.0, "mb": 5.1}}, {"type": "Feature", "geometry": {"type": "Point", "coordinates": [127.72, 4.34]}, "properties": {"id": "PH-0500", "datetime_utc": "1968-02-17T17:19:32.500000Z", "year": 1968, "mag": 5.4, "mag_type": "Mb", "depth_km": 107.0, "mb": 5.4}}, {"type": "Feature", "geometry": {"type": "Point", "coordinates": [126.83, 6.95]}, "properties": {"id": "PH-0501", "datetime_utc": "1968-02-21T12:34:48Z", "year": 1968, "mag": 5.2, "mag_type": "Mb", "depth_km": 86.0, "mb": 5.2}}, {"type": "Feature", "geometry": {"type": "Point", "coordinates": [128.03, 3.95]}, "properties": {"id": "PH-0502", "datetime_utc": "1968-03-02T23:37:15.400000Z", "year": 1968, "mag": 5.0, "mag_type": "Mb", "depth_km": 134.0, "mb": 5.0}}, {"type": "Feature", "geometry": {"type": "Point", "coordinates": [128.3, 2.8]}, "properties": {"id": "PH-0503", "datetime_utc": "1968-03-03T07:51:52.500000Z", "year": 1968, "mag": 5.2, "mag_type": "Mb", "depth_km": 107.0, "mb": 5.2}}, {"type": "Feature", "geometry": {"type": "Point", "coordinates": [126.23, 9.64]}, "properties": {"id": "PH-0504", "datetime_utc": "1968-03-05T18:16:14Z", "year": 1968, "mag": 5.4, "mag_type": "Mb", "depth_km": 72.0, "mb": 5.4}}, {"type": "Feature", "geometry": {"type": "Point", "coordinates": [126.17, 9.55]}, "properties": {"id": "PH-0505", "datetime_utc": "1968-03-05T18:31:07Z", "year": 1968, "mag": 5.2, "mag_type": "Mb", "depth_km": 90.0, "mb": 5.2}}, {"type": "Feature", "geometry": {"type": "Point", "coordinates": [126.2, 9.6]}, "properties": {"id": "PH-0506", "datetime_utc": "1968-03-05T18:38:06.600000Z", "year": 1968, "mag": 5.6, "mag_type": "Mb", "depth_km": 64.0, "mb": 5.6}}, {"type": "Feature", "geometry": {"type": "Point", "coordinates": [128.1, 3.25]}, "properties": {"id": "PH-0507", "datetime_utc": "1968-03-17T20:14:36.300000Z", "year": 1968, "mag": 5.7, "mag_type": "Mb", "depth_km": 97.0, "mb": 5.7}}, {"type": "Feature", "geometry": {"type": "Point", "coordinates": [126.3, 8.1]}, "properties": {"id": "PH-0508", "datetime_utc": "1968-03-26T19:40:41.900000Z", "year": 1968, "mag": 5.5, "mag_type": "Mb", "depth_km": 82.0, "mb": 5.5}}, {"type": "Feature", "geometry": {"type": "Point", "coordinates": [125.32, 11.42]}, "properties": {"id": "PH-0509", "datetime_utc": "1968-03-31T08:49:36Z", "year": 1968, "mag": 5.1, "mag_type": "Mb", "depth_km": 73.0, "mb": 5.1}}, {"type": "Feature", "geometry": {"type": "Point", "coordinates": [124.14, 7.47]}, "properties": {"id": "PH-0510", "datetime_utc": "1968-04-06T21:41:21Z", "year": 1968, "mag": 5.2, "mag_type": "Mb", "depth_km": 41.0, "mb": 5.2}}, {"type": "Feature", "geometry": {"type": "Point", "coordinates": [127.7, 4.4]}, "properties": {"id": "PH-0511", "datetime_utc": "1968-04-22T14:22:36Z", "year": 1968, "mag": 5.2, "mag_type": "Mb", "depth_km": 113.0, "mb": 5.2}}, {"type": "Feature", "geometry": {"type": "Point", "coordinates": [126.44, 3.67]}, "properties": {"id": "PH-0512", "datetime_utc": "1968-05-04T22:09:20Z", "year": 1968, "mag": 5.4, "mag_type": "Mb", "depth_km": 48.0, "mb": 5.4}}, {"type": "Feature", "geometry": {"type": "Point", "coordinates": [128.32, 2.49]}, "properties": {"id": "PH-0513", "datetime_utc": "1968-05-13T23:05:21Z", "year": 1968, "mag": 5.0, "mag_type": "Mb", "depth_km": 33.0, "mb": 5.0}}, {"type": "Feature", "geometry": {"type": "Point", "coordinates": [126.43, 2.98]}, "properties": {"id": "PH-0514", "datetime_utc": "1968-05-22T21:10:46Z", "year": 1968, "mag": 5.0, "mag_type": "Mb", "depth_km": 69.0, "mb": 5.0}}, {"type": "Feature", "geometry": {"type": "Point", "coordinates": [126.8, 5.25]}, "properties": {"id": "PH-0515", "datetime_utc": "1968-05-30T17:58:37Z", "year": 1968, "mag": 5.2, "mag_type": "Mb", "depth_km": 56.0, "mb": 5.2}}, {"type": "Feature", "geometry": {"type": "Point", "coordinates": [122.34, 11.08]}, "properties": {"id": "PH-0516", "datetime_utc": "1968-06-05T12:49:39Z", "year": 1968, "mag": 5.0, "mag_type": "Mb", "depth_km": 54.0, "mb": 5.0}}, {"type": "Feature", "geometry": {"type": "Point", "coordinates": [119.9, 14.9]}, "properties": {"id": "PH-0517", "datetime_utc": "1968-06-06T19:44:04.700000Z", "year": 1968, "mag": 5.3, "mag_type": "Mb", "depth_km": 53.0, "mb": 5.3}}, {"type": "Feature", "geometry": {"type": "Point", "coordinates": [120.7, 13.8]}, "properties": {"id": "PH-0518", "datetime_utc": "1968-06-12T23:26:30.100000Z", "year": 1968, "mag": 5.1, "mag_type": "Mb", "depth_km": 135.0, "mb": 5.1}}, {"type": "Feature", "geometry": {"type": "Point", "coordinates": [120.86, 6.06]}, "properties": {"id": "PH-0519", "datetime_utc": "1968-06-27T22:10:05Z", "year": 1968, "mag": 5.0, "mag_type": "Mb", "depth_km": 65.0, "mb": 5.0}}, {"type": "Feature", "geometry": {"type": "Point", "coordinates": [126.45, 9.71]}, "properties": {"id": "PH-0520", "datetime_utc": "1968-07-06T17:24:00Z", "year": 1968, "mag": 5.1, "mag_type": "Mb", "depth_km": 63.0, "mb": 5.1}}, {"type": "Feature", "geometry": {"type": "Point", "coordinates": [126.43, 9.78]}, "properties": {"id": "PH-0521", "datetime_utc": "1968-07-06T20:05:15.200000Z", "year": 1968, "mag": 5.0, "mag_type": "Mb", "depth_km": 33.0, "mb": 5.0}}, {"type": "Feature", "geometry": {"type": "Point", "coordinates": [126.35, 9.77]}, "properties": {"id": "PH-0522", "datetime_utc": "1968-07-07T16:50:31.700000Z", "year": 1968, "mag": 5.2, "mag_type": "Mb", "depth_km": 33.0, "mb": 5.2}}, {"type": "Feature", "geometry": {"type": "Point", "coordinates": [126.39, 9.65]}, "properties": {"id": "PH-0523", "datetime_utc": "1968-07-07T21:34:05.300000Z", "year": 1968, "mag": 5.2, "mag_type": "Mb", "depth_km": 52.0, "mb": 5.2}}, {"type": "Feature", "geometry": {"type": "Point", "coordinates": [128.33, 2.53]}, "properties": {"id": "PH-0524", "datetime_utc": "1968-07-18T00:26:28Z", "year": 1968, "mag": 5.1, "mag_type": "Mb", "depth_km": 90.0, "mb": 5.1}}, {"type": "Feature", "geometry": {"type": "Point", "coordinates": [122.1, 16.3]}, "properties": {"id": "PH-0525", "datetime_utc": "1968-08-01T20:19:21.500000Z", "year": 1968, "mag": 7.3, "mag_type": "Ms", "depth_km": 31.0, "mb": 5.9, "ms": 7.3}}, {"type": "Feature", "geometry": {"type": "Point", "coordinates": [121.79, 15.77]}, "properties": {"id": "PH-0526", "datetime_utc": "1968-08-01T21:15:02.700000Z", "year": 1968, "mag": 5.0, "mag_type": "Mb", "depth_km": 33.0, "mb": 5.0}}, {"type": "Feature", "geometry": {"type": "Point", "coordinates": [122.31, 16.45]}, "properties": {"id": "PH-0527", "datetime_utc": "1968-08-03T06:25:07.400000Z", "year": 1968, "mag": 5.9, "mag_type": "Ms", "depth_km": 52.0, "mb": 6.1, "ms": 5.9}}, {"type": "Feature", "geometry": {"type": "Point", "coordinates": [122.41, 16.35]}, "properties": {"id": "PH-0528", "datetime_utc": "1968-08-03T19:19:04.800000Z", "year": 1968, "mag": 5.2, "mag_type": "Mb", "depth_km": 48.0, "mb": 5.2}}, {"type": "Feature", "geometry": {"type": "Point", "coordinates": [122.5, 16.6]}, "properties": {"id": "PH-0529", "datetime_utc": "1968-08-04T02:04:46Z", "year": 1968, "mag": 5.1, "mag_type": "Mb", "depth_km": 50.0, "mb": 5.1}}, {"type": "Feature", "geometry": {"type": "Point", "coordinates": [126.8, 6.6]}, "properties": {"id": "PH-0530", "datetime_utc": "1968-08-04T11:41:23.800000Z", "year": 1968, "mag": 5.9, "mag_type": "Mb", "depth_km": 96.0, "mb": 5.9}}, {"type": "Feature", "geometry": {"type": "Point", "coordinates": [122.4, 16.5]}, "properties": {"id": "PH-0531", "datetime_utc": "1968-08-06T03:06:33.400000Z", "year": 1968, "mag": 5.0, "mag_type": "Mb", "depth_km": 85.0, "mb": 5.0}}, {"type": "Feature", "geometry": {"type": "Point", "coordinates": [122.0, 15.7]}, "properties": {"id": "PH-0532", "datetime_utc": "1968-08-06T04:53:04.400000Z", "year": 1968, "mag": 5.3, "mag_type": "Mb", "depth_km": 48.0, "mb": 5.3}}, {"type": "Feature", "geometry": {"type": "Point", "coordinates": [121.96, 15.65]}, "properties": {"id": "PH-0533", "datetime_utc": "1968-08-06T23:44:34Z", "year": 1968, "mag": 5.2, "mag_type": "Mb", "depth_km": 30.0, "mb": 5.2}}, {"type": "Feature", "geometry": {"type": "Point", "coordinates": [121.98, 16.04]}, "properties": {"id": "PH-0534", "datetime_utc": "1968-08-09T14:07:49.600000Z", "year": 1968, "mag": 5.1, "mag_type": "Mb", "depth_km": 61.0, "mb": 5.1}}, {"type": "Feature", "geometry": {"type": "Point", "coordinates": [121.92, 15.71]}, "properties": {"id": "PH-0535", "datetime_utc": "1968-08-09T21:33:58Z", "year": 1968, "mag": 5.1, "mag_type": "Mb", "depth_km": 63.0, "mb": 5.1}}, {"type": "Feature", "geometry": {"type": "Point", "coordinates": [121.59, 15.41]}, "properties": {"id": "PH-0536", "datetime_utc": "1968-08-10T16:41:31.500000Z", "year": 1968, "mag": 5.2, "mag_type": "Ms", "depth_km": 86.0, "mb": 5.1, "ms": 5.2}}, {"type": "Feature", "geometry": {"type": "Point", "coordinates": [121.83, 15.62]}, "properties": {"id": "PH-0537", "datetime_utc": "1968-08-13T00:14:58.500000Z", "year": 1968, "mag": 5.0, "mag_type": "Mb", "depth_km": 42.0, "mb": 5.0}}, {"type": "Feature", "geometry": {"type": "Point", "coordinates": [122.51, 15.08]}, "properties": {"id": "PH-0538", "datetime_utc": "1968-08-14T07:56:37Z", "year": 1968, "mag": 5.5, "mag_type": "Mb", "depth_km": 15.0, "mb": 5.5}}, {"type": "Feature", "geometry": {"type": "Point", "coordinates": [128.22, 2.41]}, "properties": {"id": "PH-0539", "datetime_utc": "1968-08-17T17:14:37.400000Z", "year": 1968, "mag": 5.3, "mag_type": "Mb", "depth_km": 82.0, "mb": 5.3}}, {"type": "Feature", "geometry": {"type": "Point", "coordinates": [126.7, 2.1]}, "properties": {"id": "PH-0540", "datetime_utc": "1968-08-17T18:04:27Z", "year": 1968, "mag": 5.1, "mag_type": "Mb", "depth_km": 6.0, "mb": 5.1}}, {"type": "Feature", "geometry": {"type": "Point", "coordinates": [126.8, 2.0]}, "properties": {"id": "PH-0541", "datetime_utc": "1968-08-17T18:47:31Z", "year": 1968, "mag": 5.1, "mag_type": "Mb", "depth_km": 42.0, "mb": 5.1}}, {"type": "Feature", "geometry": {"type": "Point", "coordinates": [125.63, 11.91]}, "properties": {"id": "PH-0542", "datetime_utc": "1968-08-19T17:02:25Z", "year": 1968, "mag": 5.3, "mag_type": "Mb", "depth_km": 6.0, "mb": 5.3}}, {"type": "Feature", "geometry": {"type": "Point", "coordinates": [121.9, 15.7]}, "properties": {"id": "PH-0543", "datetime_utc": "1968-08-23T06:42:59.500000Z", "year": 1968, "mag": 5.1, "mag_type": "Mb", "depth_km": 57.0, "mb": 5.1}}, {"type": "Feature", "geometry": {"type": "Point", "coordinates": [122.33, 15.57]}, "properties": {"id": "PH-0544", "datetime_utc": "1968-08-28T02:15:18Z", "year": 1968, "mag": 5.0, "mag_type": "Mb", "depth_km": 15.0, "mb": 5.0}}, {"type": "Feature", "geometry": {"type": "Point", "coordinates": [122.02, 15.55]}, "properties": {"id": "PH-0545", "datetime_utc": "1968-08-28T20:42:20.200000Z", "year": 1968, "mag": 6.1, "mag_type": "Ms", "depth_km": 42.0, "mb": 4.7, "ms": 6.1}}, {"type": "Feature", "geometry": {"type": "Point", "coordinates": [121.98, 15.51]}, "properties": {"id": "PH-0546", "datetime_utc": "1968-08-29T01:36:22.500000Z", "year": 1968, "mag": 5.3, "mag_type": "Mb", "depth_km": 39.0, "mb": 5.3}}, {"type": "Feature", "geometry": {"type": "Point", "coordinates": [122.01, 15.57]}, "properties": {"id": "PH-0547", "datetime_utc": "1968-08-29T08:05:36.200000Z", "year": 1968, "mag": 5.1, "mag_type": "Mb", "depth_km": 60.0, "mb": 5.1}}, {"type": "Feature", "geometry": {"type": "Point", "coordinates": [121.7, 15.9]}, "properties": {"id": "PH-0548", "datetime_utc": "1968-08-29T21:08:09.300000Z", "year": 1968, "mag": 5.3, "mag_type": "Mb", "depth_km": 50.0, "mb": 5.3}}, {"type": "Feature", "geometry": {"type": "Point", "coordinates": [122.2, 15.5]}, "properties": {"id": "PH-0549", "datetime_utc": "1968-09-03T19:38:45Z", "year": 1968, "mag": 5.0, "mag_type": "Mb", "depth_km": 21.0, "mb": 5.0}}, {"type": "Feature", "geometry": {"type": "Point", "coordinates": [125.85, 3.56]}, "properties": {"id": "PH-0550", "datetime_utc": "1968-09-05T06:32:51Z", "year": 1968, "mag": 5.1, "mag_type": "Mb", "depth_km": 141.0, "mb": 5.1}}, {"type": "Feature", "geometry": {"type": "Point", "coordinates": [120.24, 14.92]}, "properties": {"id": "PH-0551", "datetime_utc": "1968-09-19T03:48:19.300000Z", "year": 1968, "mag": 5.2, "mag_type": "Mb", "depth_km": 60.0, "mb": 5.2}}, {"type": "Feature", "geometry": {"type": "Point", "coordinates": [121.88, 15.72]}, "properties": {"id": "PH-0552", "datetime_utc": "1968-09-22T09:20:30.200000Z", "year": 1968, "mag": 5.3, "mag_type": "Mb", "depth_km": 47.0, "mb": 5.3}}, {"type": "Feature", "geometry": {"type": "Point", "coordinates": [126.39, 5.83]}, "properties": {"id": "PH-0553", "datetime_utc": "1968-09-26T18:43:20Z", "year": 1968, "mag": 5.0, "mag_type": "Mb", "depth_km": 49.0, "mb": 5.0}}, {"type": "Feature", "geometry": {"type": "Point", "coordinates": [122.39, 16.18]}, "properties": {"id": "PH-0554", "datetime_utc": "1968-09-28T09:54:49.600000Z", "year": 1968, "mag": 5.2, "mag_type": "Mb", "depth_km": 42.0, "mb": 5.2}}, {"type": "Feature", "geometry": {"type": "Point", "coordinates": [127.93, 3.15]}, "properties": {"id": "PH-0555", "datetime_utc": "1968-09-29T05:12:19.900000Z", "year": 1968, "mag": 5.3, "mag_type": "Mb", "depth_km": 121.0, "mb": 5.3}}, {"type": "Feature", "geometry": {"type": "Point", "coordinates": [126.28, 9.94]}, "properties": {"id": "PH-0556", "datetime_utc": "1968-10-15T20:09:08.700000Z", "year": 1968, "mag": 5.3, "mag_type": "Mb", "depth_km": 67.0, "mb": 5.3}}, {"type": "Feature", "geometry": {"type": "Point", "coordinates": [126.64, 7.21]}, "properties": {"id": "PH-0557", "datetime_utc": "1968-10-24T00:42:23Z", "year": 1968, "mag": 5.3, "mag_type": "Mb", "depth_km": 82.0, "mb": 5.3}}, {"type": "Feature", "geometry": {"type": "Point", "coordinates": [126.97, 6.06]}, "properties": {"id": "PH-0558", "datetime_utc": "1968-10-24T15:51:16Z", "year": 1968, "mag": 5.5, "mag_type": "Mb", "depth_km": 44.0, "mb": 5.5}}, {"type": "Feature", "geometry": {"type": "Point", "coordinates": [126.16, 3.45]}, "properties": {"id": "PH-0559", "datetime_utc": "1968-10-25T15:55:11Z", "year": 1968, "mag": 5.0, "mag_type": "Mb", "depth_km": 75.0, "mb": 5.0}}, {"type": "Feature", "geometry": {"type": "Point", "coordinates": [126.59, 5.91]}, "properties": {"id": "PH-0560", "datetime_utc": "1968-10-27T13:42:26.200000Z", "year": 1968, "mag": 5.0, "mag_type": "Mb", "depth_km": 194.0, "mb": 5.0}}, {"type": "Feature", "geometry": {"type": "Point", "coordinates": [121.92, 16.06]}, "properties": {"id": "PH-0561", "datetime_utc": "1968-11-02T09:34:57Z", "year": 1968, "mag": 5.0, "mag_type": "Mb", "depth_km": 41.0, "mb": 5.0}}, {"type": "Feature", "geometry": {"type": "Point", "coordinates": [120.5, 13.5]}, "properties": {"id": "PH-0562", "datetime_utc": "1968-11-04T01:45:52Z", "year": 1968, "mag": 5.0, "mag_type": "Mb", "depth_km": 75.0, "mb": 5.0}}, {"type": "Feature", "geometry": {"type": "Point", "coordinates": [126.3, 4.1]}, "properties": {"id": "PH-0563", "datetime_utc": "1968-11-06T00:43:13Z", "year": 1968, "mag": 5.1, "mag_type": "Mb", "depth_km": 67.0, "mb": 5.1}}, {"type": "Feature", "geometry": {"type": "Point", "coordinates": [126.9, 2.4]}, "properties": {"id": "PH-0564", "datetime_utc": "1968-11-09T20:30:39Z", "year": 1968, "mag": 5.4, "mag_type": "Mb", "depth_km": 10.0, "mb": 5.4}}, {"type": "Feature", "geometry": {"type": "Point", "coordinates": [121.39, 19.94]}, "properties": {"id": "PH-0565", "datetime_utc": "1968-11-10T17:02:00.900000Z", "year": 1968, "mag": 5.3, "mag_type": "Mb", "depth_km": 46.0, "mb": 5.3}}, {"type": "Feature", "geometry": {"type": "Point", "coordinates": [125.3, 6.0]}, "properties": {"id": "PH-0566", "datetime_utc": "1968-11-12T05:46:33Z", "year": 1968, "mag": 5.0, "mag_type": "Mb", "depth_km": 138.0, "mb": 5.0}}, {"type": "Feature", "geometry": {"type": "Point", "coordinates": [122.17, 16.17]}, "properties": {"id": "PH-0567", "datetime_utc": "1968-11-22T08:59:27.700000Z", "year": 1968, "mag": 5.8, "mag_type": "Ms", "depth_km": 60.0, "mb": 5.3, "ms": 5.8}}, {"type": "Feature", "geometry": {"type": "Point", "coordinates": [122.6, 13.2]}, "properties": {"id": "PH-0568", "datetime_utc": "1968-11-22T11:38:16Z", "year": 1968, "mag": 5.5, "mag_type": "Mb", "depth_km": 7.0, "mb": 5.5}}, {"type": "Feature", "geometry": {"type": "Point", "coordinates": [126.77, 5.05]}, "properties": {"id": "PH-0569", "datetime_utc": "1968-11-25T18:36:52.300000Z", "year": 1968, "mag": 5.3, "mag_type": "Mb", "depth_km": 25.0, "mb": 5.3}}, {"type": "Feature", "geometry": {"type": "Point", "coordinates": [127.02, 2.48]}, "properties": {"id": "PH-0570", "datetime_utc": "1968-11-29T04:28:45Z", "year": 1968, "mag": 5.2, "mag_type": "Mb", "depth_km": 1.0, "mb": 5.2}}, {"type": "Feature", "geometry": {"type": "Point", "coordinates": [125.58, 12.04]}, "properties": {"id": "PH-0571", "datetime_utc": "1968-12-11T23:19:07.100000Z", "year": 1968, "mag": 5.3, "mag_type": "Mb", "depth_km": 12.0, "mb": 5.3}}, {"type": "Feature", "geometry": {"type": "Point", "coordinates": [125.78, 9.69]}, "properties": {"id": "PH-0572", "datetime_utc": "1968-12-12T05:25:37.700000Z", "year": 1968, "mag": 5.6, "mag_type": "Mb", "depth_km": 122.0, "mb": 5.6}}, {"type": "Feature", "geometry": {"type": "Point", "coordinates": [122.3, 16.3]}, "properties": {"id": "PH-0573", "datetime_utc": "1968-12-12T16:00:29.300000Z", "year": 1968, "mag": 5.2, "mag_type": "Mb", "depth_km": 44.0, "mb": 5.2}}, {"type": "Feature", "geometry": {"type": "Point", "coordinates": [125.49, 9.23]}, "properties": {"id": "PH-0574", "datetime_utc": "1968-12-20T21:41:58Z", "year": 1968, "mag": 5.0, "mag_type": "Mb", "depth_km": 74.0, "mb": 5.0}}, {"type": "Feature", "geometry": {"type": "Point", "coordinates": [120.19, 18.12]}, "properties": {"id": "PH-0575", "datetime_utc": "1968-12-24T12:59:38.500000Z", "year": 1968, "mag": 5.2, "mag_type": "Mb", "depth_km": 47.0, "mb": 5.2}}, {"type": "Feature", "geometry": {"type": "Point", "coordinates": [120.54, 13.6]}, "properties": {"id": "PH-0576", "datetime_utc": "1968-12-29T07:15:53.600000Z", "year": 1968, "mag": 5.2, "mag_type": "Mb", "depth_km": 46.0, "mb": 5.2}}, {"type": "Feature", "geometry": {"type": "Point", "coordinates": [125.61, 4.19]}, "properties": {"id": "PH-0577", "datetime_utc": "1969-01-01T23:51:01Z", "year": 1969, "mag": 5.0, "mag_type": "Mb", "depth_km": 73.0, "mb": 5.0}}, {"type": "Feature", "geometry": {"type": "Point", "coordinates": [124.31, 8.39]}, "properties": {"id": "PH-0578", "datetime_utc": "1969-01-17T20:59:37Z", "year": 1969, "mag": 5.1, "mag_type": "Mb", "depth_km": 45.0, "mb": 5.1}}, {"type": "Feature", "geometry": {"type": "Point", "coordinates": [126.7, 11.3]}, "properties": {"id": "PH-0579", "datetime_utc": "1969-01-18T18:46:27Z", "year": 1969, "mag": 5.0, "mag_type": "Mb", "depth_km": 48.0, "mb": 5.0}}, {"type": "Feature", "geometry": {"type": "Point", "coordinates": [127.38, 6.61]}, "properties": {"id": "PH-0580", "datetime_utc": "1969-01-26T06:06:07.100000Z", "year": 1969, "mag": 5.3, "mag_type": "Mb", "depth_km": 61.0, "mb": 5.3}}, {"type": "Feature", "geometry": {"type": "Point", "coordinates": [126.46, 4.08]}, "properties": {"id": "PH-0581", "datetime_utc": "1969-01-30T02:33:34.500000Z", "year": 1969, "mag": 5.3, "mag_type": "Mb", "depth_km": 73.0, "mb": 5.3}}, {"type": "Feature", "geometry": {"type": "Point", "coordinates": [127.5, 4.8]}, "properties": {"id": "PH-0582", "datetime_utc": "1969-01-30T10:29:40.300000Z", "year": 1969, "mag": 5.9, "mag_type": "Mb", "depth_km": 72.0, "mb": 5.9}}, {"type": "Feature", "geometry": {"type": "Point", "coordinates": [127.7, 4.7]}, "properties": {"id": "PH-0583", "datetime_utc": "1969-01-30T12:38:21Z", "year": 1969, "mag": 5.4, "mag_type": "Mb", "depth_km": 15.0, "mb": 5.4}}, {"type": "Feature", "geometry": {"type": "Point", "coordinates": [127.53, 4.86]}, "properties": {"id": "PH-0584", "datetime_utc": "1969-01-30T17:19:36.400000Z", "year": 1969, "mag": 5.2, "mag_type": "Mb", "depth_km": 82.0, "mb": 5.2}}, {"type": "Feature", "geometry": {"type": "Point", "coordinates": [122.98, 3.94]}, "properties": {"id": "PH-0585", "datetime_utc": "1969-01-30T18:36:38.200000Z", "year": 1969, "mag": 5.4, "mag_type": "Mb", "depth_km": 533.0, "mb": 5.4}}, {"type": "Feature", "geometry": {"type": "Point", "coordinates": [128.14, 4.18]}, "properties": {"id": "PH-0586", "datetime_utc": "1969-01-31T00:44:15.100000Z", "year": 1969, "mag": 5.5, "mag_type": "Mb", "depth_km": 49.0, "mb": 5.5}}, {"type": "Feature", "geometry": {"type": "Point", "coordinates": [128.2, 4.2]}, "properties": {"id": "PH-0587", "datetime_utc": "1969-01-31T04:59:31.700000Z", "year": 1969, "mag": 5.1, "mag_type": "Mb", "depth_km": 33.0, "mb": 5.1}}, {"type": "Feature", "geometry": {"type": "Point", "coordinates": [128.14, 4.28]}, "properties": {"id": "PH-0588", "datetime_utc": "1969-01-31T08:56:43Z", "year": 1969, "mag": 5.2, "mag_type": "Mb", "depth_km": 33.0, "mb": 5.2}}, {"type": "Feature", "geometry": {"type": "Point", "coordinates": [128.02, 4.22]}, "properties": {"id": "PH-0589", "datetime_utc": "1969-01-31T10:45:37Z", "year": 1969, "mag": 5.1, "mag_type": "Mb", "depth_km": 61.0, "mb": 5.1}}, {"type": "Feature", "geometry": {"type": "Point", "coordinates": [128.11, 4.39]}, "properties": {"id": "PH-0590", "datetime_utc": "1969-01-31T13:48:23Z", "year": 1969, "mag": 5.3, "mag_type": "Mb", "depth_km": 31.0, "mb": 5.3}}, {"type": "Feature", "geometry": {"type": "Point", "coordinates": [127.45, 7.71]}, "properties": {"id": "PH-0591", "datetime_utc": "1969-01-31T20:07:21Z", "year": 1969, "mag": 5.3, "mag_type": "Mb", "depth_km": 81.0, "mb": 5.3}}, {"type": "Feature", "geometry": {"type": "Point", "coordinates": [127.83, 4.21]}, "properties": {"id": "PH-0592", "datetime_utc": "1969-01-31T20:37:51Z", "year": 1969, "mag": 5.3, "mag_type": "Mb", "depth_km": 37.0, "mb": 5.3}}, {"type": "Feature", "geometry": {"type": "Point", "coordinates": [128.13, 4.18]}, "properties": {"id": "PH-0593", "datetime_utc": "1969-02-01T07:24:32Z", "year": 1969, "mag": 5.0, "mag_type": "Mb", "depth_km": 15.0, "mb": 5.0}}, {"type": "Feature", "geometry": {"type": "Point", "coordinates": [126.31, 9.24]}, "properties": {"id": "PH-0594", "datetime_utc": "1969-02-01T07:41:29Z", "year": 1969, "mag": 5.3, "mag_type": "Mb", "depth_km": 92.0, "mb": 5.3}}, {"type": "Feature", "geometry": {"type": "Point", "coordinates": [128.1, 3.9]}, "properties": {"id": "PH-0595", "datetime_utc": "1969-02-01T16:19:14.100000Z", "year": 1969, "mag": 5.2, "mag_type": "Mb", "depth_km": 33.0, "mb": 5.2}}, {"type": "Feature", "geometry": {"type": "Point", "coordinates": [128.1, 3.9]}, "properties": {"id": "PH-0596", "datetime_utc": "1969-02-01T16:19:14.100000Z", "year": 1969, "mag": 5.2, "mag_type": "Mb", "depth_km": 33.0, "mb": 5.2}}, {"type": "Feature", "geometry": {"type": "Point", "coordinates": [128.13, 3.91]}, "properties": {"id": "PH-0597", "datetime_utc": "1969-02-02T00:17:37Z", "year": 1969, "mag": 5.0, "mag_type": "Mb", "depth_km": 105.0, "mb": 5.0}}, {"type": "Feature", "geometry": {"type": "Point", "coordinates": [128.34, 3.89]}, "properties": {"id": "PH-0598", "datetime_utc": "1969-02-02T01:38:47Z", "year": 1969, "mag": 5.4, "mag_type": "Mb", "depth_km": 48.0, "mb": 5.4}}, {"type": "Feature", "geometry": {"type": "Point", "coordinates": [128.31, 3.94]}, "properties": {"id": "PH-0599", "datetime_utc": "1969-02-02T02:07:03Z", "year": 1969, "mag": 5.1, "mag_type": "Mb", "depth_km": 76.0, "mb": 5.1}}, {"type": "Feature", "geometry": {"type": "Point", "coordinates": [128.3, 3.9]}, "properties": {"id": "PH-0600", "datetime_utc": "1969-02-02T02:34:16Z", "year": 1969, "mag": 5.2, "mag_type": "Mb", "depth_km": 90.0, "mb": 5.2}}, {"type": "Feature", "geometry": {"type": "Point", "coordinates": [128.36, 3.85]}, "properties": {"id": "PH-0601", "datetime_utc": "1969-02-02T05:21:26.500000Z", "year": 1969, "mag": 5.6, "mag_type": "Mb", "depth_km": 33.0, "mb": 5.6}}, {"type": "Feature", "geometry": {"type": "Point", "coordinates": [128.44, 3.66]}, "properties": {"id": "PH-0602", "datetime_utc": "1969-02-02T16:21:21.500000Z", "year": 1969, "mag": 5.2, "mag_type": "Mb", "depth_km": 87.0, "mb": 5.2}}, {"type": "Feature", "geometry": {"type": "Point", "coordinates": [128.4, 3.6]}, "properties": {"id": "PH-0603", "datetime_utc": "1969-02-02T16:48:48Z", "year": 1969, "mag": 5.1, "mag_type": "Mb", "depth_km": 63.0, "mb": 5.1}}, {"type": "Feature", "geometry": {"type": "Point", "coordinates": [128.1, 4.3]}, "properties": {"id": "PH-0604", "datetime_utc": "1969-02-02T20:50:24Z", "year": 1969, "mag": 5.1, "mag_type": "Mb", "depth_km": 62.0, "mb": 5.1}}, {"type": "Feature", "geometry": {"type": "Point", "coordinates": [128.25, 4.2]}, "properties": {"id": "PH-0605", "datetime_utc": "1969-02-03T17:11:58Z", "year": 1969, "mag": 5.1, "mag_type": "Mb", "depth_km": 92.0, "mb": 5.1}}, {"type": "Feature", "geometry": {"type": "Point", "coordinates": [128.14, 4.38]}, "properties": {"id": "PH-0606", "datetime_utc": "1969-02-03T19:01:30.100000Z", "year": 1969, "mag": 5.3, "mag_type": "Mb", "depth_km": 33.0, "mb": 5.3}}, {"type": "Feature", "geometry": {"type": "Point", "coordinates": [127.54, 4.81]}, "properties": {"id": "PH-0607", "datetime_utc": "1969-02-03T21:41:43.400000Z", "year": 1969, "mag": 6.1, "mag_type": "Mb", "depth_km": 46.0, "mb": 6.1}}, {"type": "Feature", "geometry": {"type": "Point", "coordinates": [128.61, 3.54]}, "properties": {"id": "PH-0608", "datetime_utc": "1969-02-05T10:36:29Z", "year": 1969, "mag": 5.0, "mag_type": "Mb", "depth_km": 58.0, "mb": 5.0}}, {"type": "Feature", "geometry": {"type": "Point", "coordinates": [128.28, 4.45]}, "properties": {"id": "PH-0609", "datetime_utc": "1969-02-09T04:12:08.400000Z", "year": 1969, "mag": 5.0, "mag_type": "Mb", "depth_km": 64.0, "mb": 5.0}}, {"type": "Feature", "geometry": {"type": "Point", "coordinates": [127.31, 5.54]}, "properties": {"id": "PH-0610", "datetime_utc": "1969-02-09T14:27:16Z", "year": 1969, "mag": 5.0, "mag_type": "Mb", "depth_km": 108.0, "mb": 5.0}}, {"type": "Feature", "geometry": {"type": "Point", "coordinates": [128.51, 3.81]}, "properties": {"id": "PH-0611", "datetime_utc": "1969-02-10T14:09:19Z", "year": 1969, "mag": 5.0, "mag_type": "Mb", "depth_km": 88.0, "mb": 5.0}}, {"type": "Feature", "geometry": {"type": "Point", "coordinates": [127.44, 4.59]}, "properties": {"id": "PH-0612", "datetime_utc": "1969-02-14T04:53:27.700000Z", "year": 1969, "mag": 5.5, "mag_type": "Mb", "depth_km": 94.0, "mb": 5.5}}, {"type": "Feature", "geometry": {"type": "Point", "coordinates": [128.4, 3.7]}, "properties": {"id": "PH-0613", "datetime_utc": "1969-02-17T00:43:03Z", "year": 1969, "mag": 5.6, "mag_type": "Mb", "depth_km": 49.0, "mb": 5.6}}, {"type": "Feature", "geometry": {"type": "Point", "coordinates": [128.68, 3.92]}, "properties": {"id": "PH-0614", "datetime_utc": "1969-02-17T01:15:53Z", "year": 1969, "mag": 5.2, "mag_type": "Mb", "depth_km": 62.0, "mb": 5.2}}, {"type": "Feature", "geometry": {"type": "Point", "coordinates": [128.7, 3.7]}, "properties": {"id": "PH-0615", "datetime_utc": "1969-02-17T01:26:13Z", "year": 1969, "mag": 5.1, "mag_type": "Mb", "depth_km": 89.0, "mb": 5.1}}, {"type": "Feature", "geometry": {"type": "Point", "coordinates": [128.6, 3.8]}, "properties": {"id": "PH-0616", "datetime_utc": "1969-02-17T02:00:35Z", "year": 1969, "mag": 5.1, "mag_type": "Mb", "depth_km": 74.0, "mb": 5.1}}, {"type": "Feature", "geometry": {"type": "Point", "coordinates": [128.6, 3.5]}, "properties": {"id": "PH-0617", "datetime_utc": "1969-02-17T06:27:19Z", "year": 1969, "mag": 5.2, "mag_type": "Mb", "depth_km": 98.0, "mb": 5.2}}, {"type": "Feature", "geometry": {"type": "Point", "coordinates": [128.16, 3.58]}, "properties": {"id": "PH-0618", "datetime_utc": "1969-02-20T09:55:29Z", "year": 1969, "mag": 5.6, "mag_type": "Mb", "depth_km": 2.0, "mb": 5.6}}, {"type": "Feature", "geometry": {"type": "Point", "coordinates": [128.4, 3.5]}, "properties": {"id": "PH-0619", "datetime_utc": "1969-02-20T10:30:21.500000Z", "year": 1969, "mag": 5.8, "mag_type": "Mb", "depth_km": 74.0, "mb": 5.8}}, {"type": "Feature", "geometry": {"type": "Point", "coordinates": [128.22, 3.45]}, "properties": {"id": "PH-0620", "datetime_utc": "1969-02-20T10:53:29Z", "year": 1969, "mag": 5.0, "mag_type": "Mb", "depth_km": 101.0, "mb": 5.0}}, {"type": "Feature", "geometry": {"type": "Point", "coordinates": [128.32, 3.54]}, "properties": {"id": "PH-0621", "datetime_utc": "1969-02-20T13:06:13Z", "year": 1969, "mag": 5.2, "mag_type": "Mb", "depth_km": 83.0, "mb": 5.2}}, {"type": "Feature", "geometry": {"type": "Point", "coordinates": [128.24, 3.45]}, "properties": {"id": "PH-0622", "datetime_utc": "1969-02-20T15:38:06Z", "year": 1969, "mag": 5.0, "mag_type": "Mb", "depth_km": 78.0, "mb": 5.0}}, {"type": "Feature", "geometry": {"type": "Point", "coordinates": [128.34, 3.57]}, "properties": {"id": "PH-0623", "datetime_utc": "1969-02-20T16:58:15Z", "year": 1969, "mag": 5.2, "mag_type": "Mb", "depth_km": 49.0, "mb": 5.2}}, {"type": "Feature", "geometry": {"type": "Point", "coordinates": [128.38, 3.69]}, "properties": {"id": "PH-0624", "datetime_utc": "1969-02-20T19:10:20Z", "year": 1969, "mag": 5.2, "mag_type": "Mb", "depth_km": 90.0, "mb": 5.2}}, {"type": "Feature", "geometry": {"type": "Point", "coordinates": [128.3, 3.3]}, "properties": {"id": "PH-0625", "datetime_utc": "1969-02-20T19:27:01Z", "year": 1969, "mag": 5.0, "mag_type": "Mb", "depth_km": 73.0, "mb": 5.0}}, {"type": "Feature", "geometry": {"type": "Point", "coordinates": [128.72, 3.62]}, "properties": {"id": "PH-0626", "datetime_utc": "1969-02-24T16:41:48Z", "year": 1969, "mag": 5.0, "mag_type": "Mb", "depth_km": 68.0, "mb": 5.0}}, {"type": "Feature", "geometry": {"type": "Point", "coordinates": [126.27, 5.27]}, "properties": {"id": "PH-0627", "datetime_utc": "1969-02-25T01:35:04.800000Z", "year": 1969, "mag": 5.3, "mag_type": "Mb", "depth_km": 80.0, "mb": 5.3}}, {"type": "Feature", "geometry": {"type": "Point", "coordinates": [122.13, 4.32]}, "properties": {"id": "PH-0628", "datetime_utc": "1969-02-26T01:31:19.300000Z", "year": 1969, "mag": 5.1, "mag_type": "Mb", "depth_km": 657.0, "mb": 5.1}}, {"type": "Feature", "geometry": {"type": "Point", "coordinates": [128.7, 2.5]}, "properties": {"id": "PH-0629", "datetime_utc": "1969-02-26T22:47:50.400000Z", "year": 1969, "mag": 5.1, "mag_type": "Mb", "depth_km": 90.0, "mb": 5.1}}, {"type": "Feature", "geometry": {"type": "Point", "coordinates": [120.8, 13.1]}, "properties": {"id": "PH-0630", "datetime_utc": "1969-03-02T22:21:26.700000Z", "year": 1969, "mag": 5.0, "mag_type": "Mb", "depth_km": 69.0, "mb": 5.0}}, {"type": "Feature", "geometry": {"type": "Point", "coordinates": [120.83, 13.02]}, "properties": {"id": "PH-0631", "datetime_utc": "1969-03-02T22:23:17Z", "year": 1969, "mag": 5.0, "mag_type": "Mb", "depth_km": 73.0, "mb": 5.0}}, {"type": "Feature", "geometry": {"type": "Point", "coordinates": [125.41, 10.73]}, "properties": {"id": "PH-0632", "datetime_utc": "1969-03-03T08:53:49.700000Z", "year": 1969, "mag": 5.1, "mag_type": "Mb", "depth_km": 110.0, "mb": 5.1}}, {"type": "Feature", "geometry": {"type": "Point", "coordinates": [125.94, 10.11]}, "properties": {"id": "PH-0633", "datetime_utc": "1969-03-05T08:51:23.700000Z", "year": 1969, "mag": 5.0, "mag_type": "Mb", "depth_km": 59.0, "mb": 5.0}}, {"type": "Feature", "geometry": {"type": "Point", "coordinates": [128.11, 4.04]}, "properties": {"id": "PH-0634", "datetime_utc": "1969-03-05T13:52:09Z", "year": 1969, "mag": 5.5, "mag_type": "Mb", "depth_km": 72.0, "mb": 5.5}}, {"type": "Feature", "geometry": {"type": "Point", "coordinates": [128.13, 3.98]}, "properties": {"id": "PH-0635", "datetime_utc": "1969-03-05T16:11:16Z", "year": 1969, "mag": 5.8, "mag_type": "Mb", "depth_km": 81.0, "mb": 5.8}}, {"type": "Feature", "geometry": {"type": "Point", "coordinates": [128.44, 4.15]}, "properties": {"id": "PH-0636", "datetime_utc": "1969-03-06T01:06:02Z", "year": 1969, "mag": 5.1, "mag_type": "Mb", "depth_km": 46.0, "mb": 5.1}}, {"type": "Feature", "geometry": {"type": "Point", "coordinates": [128.0, 4.0]}, "properties": {"id": "PH-0637", "datetime_utc": "1969-03-06T01:20:52Z", "year": 1969, "mag": 5.1, "mag_type": "Mb", "depth_km": 92.0, "mb": 5.1}}, {"type": "Feature", "geometry": {"type": "Point", "coordinates": [128.22, 4.01]}, "properties": {"id": "PH-0638", "datetime_utc": "1969-03-06T01:46:37.800000Z", "year": 1969, "mag": 5.0, "mag_type": "Mb", "depth_km": 82.0, "mb": 5.0}}, {"type": "Feature", "geometry": {"type": "Point", "coordinates": [128.0, 5.0]}, "properties": {"id": "PH-0639", "datetime_utc": "1969-03-07T22:55:32.600000Z", "year": 1969, "mag": 5.2, "mag_type": "Mb", "depth_km": 81.0, "mb": 5.2}}, {"type": "Feature", "geometry": {"type": "Point", "coordinates": [128.3, 4.0]}, "properties": {"id": "PH-0640", "datetime_utc": "1969-03-08T11:30:17Z", "year": 1969, "mag": 5.0, "mag_type": "Mb", "depth_km": 44.0, "mb": 5.0}}, {"type": "Feature", "geometry": {"type": "Point", "coordinates": [126.7, 2.4]}, "properties": {"id": "PH-0641", "datetime_utc": "1969-03-08T21:06:18Z", "year": 1969, "mag": 5.2, "mag_type": "Mb", "depth_km": 44.0, "mb": 5.2}}, {"type": "Feature", "geometry": {"type": "Point", "coordinates": [124.0, 14.0]}, "properties": {"id": "PH-0642", "datetime_utc": "1969-03-19T16:06:48.500000Z", "year": 1969, "mag": 5.1, "mag_type": "Mb", "depth_km": 77.0, "mb": 5.1}}, {"type": "Feature", "geometry": {"type": "Point", "coordinates": [127.35, 8.69]}, "properties": {"id": "PH-0643", "datetime_utc": "1969-03-20T16:18:57.500000Z", "year": 1969, "mag": 6.1, "mag_type": "Mb", "depth_km": 43.0, "mb": 6.1}}, {"type": "Feature", "geometry": {"type": "Point", "coordinates": [127.27, 8.72]}, "properties": {"id": "PH-0644", "datetime_utc": "1969-03-20T17:07:42Z", "year": 1969, "mag": 5.1, "mag_type": "Mb", "depth_km": 19.0, "mb": 5.1}}, {"type": "Feature", "geometry": {"type": "Point", "coordinates": [127.41, 8.81]}, "properties": {"id": "PH-0645", "datetime_utc": "1969-03-20T23:38:37Z", "year": 1969, "mag": 5.5, "mag_type": "Mb", "depth_km": 5.0, "mb": 5.5}}, {"type": "Feature", "geometry": {"type": "Point", "coordinates": [127.41, 8.54]}, "properties": {"id": "PH-0646", "datetime_utc": "1969-03-21T10:23:53Z", "year": 1969, "mag": 5.2, "mag_type": "Mb", "depth_km": 29.0, "mb": 5.2}}, {"type": "Feature", "geometry": {"type": "Point", "coordinates": [122.2, 16.2]}, "properties": {"id": "PH-0647", "datetime_utc": "1969-03-26T15:27:40Z", "year": 1969, "mag": 5.0, "mag_type": "Mb", "depth_km": 30.0, "mb": 5.0}}, {"type": "Feature", "geometry": {"type": "Point", "coordinates": [127.5, 8.8]}, "properties": {"id": "PH-0648", "datetime_utc": "1969-03-26T19:30:52Z", "year": 1969, "mag": 5.0, "mag_type": "Mb", "depth_km": 7.0, "mb": 5.0}}, {"type": "Feature", "geometry": {"type": "Point", "coordinates": [128.55, 3.89]}, "properties": {"id": "PH-0649", "datetime_utc": "1969-03-27T04:46:25Z", "year": 1969, "mag": 5.6, "mag_type": "Mb", "depth_km": 21.0, "mb": 5.6}}, {"type": "Feature", "geometry": {"type": "Point", "coordinates": [127.65, 4.72]}, "properties": {"id": "PH-0650", "datetime_utc": "1969-03-27T12:41:36.300000Z", "year": 1969, "mag": 5.8, "mag_type": "Mb", "depth_km": 32.0, "mb": 5.8}}, {"type": "Feature", "geometry": {"type": "Point", "coordinates": [128.04, 4.66]}, "properties": {"id": "PH-0651", "datetime_utc": "1969-03-30T07:11:04Z", "year": 1969, "mag": 5.0, "mag_type": "Mb", "depth_km": 61.0, "mb": 5.0}}, {"type": "Feature", "geometry": {"type": "Point", "coordinates": [128.06, 4.42]}, "properties": {"id": "PH-0652", "datetime_utc": "1969-03-30T07:55:12.300000Z", "year": 1969, "mag": 5.2, "mag_type": "Mb", "depth_km": 76.0, "mb": 5.2}}, {"type": "Feature", "geometry": {"type": "Point", "coordinates": [127.52, 4.66]}, "properties": {"id": "PH-0653", "datetime_utc": "1969-03-30T20:57:03.100000Z", "year": 1969, "mag": 5.1, "mag_type": "Mb", "depth_km": 97.0, "mb": 5.1}}, {"type": "Feature", "geometry": {"type": "Point", "coordinates": [126.1, 6.0]}, "properties": {"id": "PH-0654", "datetime_utc": "1969-04-02T21:36:44Z", "year": 1969, "mag": 5.0, "mag_type": "Mb", "depth_km": 80.0, "mb": 5.0}}, {"type": "Feature", "geometry": {"type": "Point", "coordinates": [128.1, 3.9]}, "properties": {"id": "PH-0655", "datetime_utc": "1969-04-03T19:20:45Z", "year": 1969, "mag": 5.0, "mag_type": "Mb", "depth_km": 65.0, "mb": 5.0}}, {"type": "Feature", "geometry": {"type": "Point", "coordinates": [127.3, 8.8]}, "properties": {"id": "PH-0656", "datetime_utc": "1969-04-03T23:40:56Z", "year": 1969, "mag": 5.2, "mag_type": "Mb", "depth_km": 38.0, "mb": 5.2}}, {"type": "Feature", "geometry": {"type": "Point", "coordinates": [125.36, 3.43]}, "properties": {"id": "PH-0657", "datetime_utc": "1969-04-05T03:44:37.900000Z", "year": 1969, "mag": 5.3, "mag_type": "Mb", "depth_km": 165.0, "mb": 5.3}}, {"type": "Feature", "geometry": {"type": "Point", "coordinates": [128.26, 3.44]}, "properties": {"id": "PH-0658", "datetime_utc": "1969-04-05T04:04:13Z", "year": 1969, "mag": 5.2, "mag_type": "Mb", "depth_km": 73.0, "mb": 5.2}}, {"type": "Feature", "geometry": {"type": "Point", "coordinates": [127.87, 4.23]}, "properties": {"id": "PH-0659", "datetime_utc": "1969-04-07T03:39:48.300000Z", "year": 1969, "mag": 5.3, "mag_type": "Mb", "depth_km": 79.0, "mb": 5.3}}, {"type": "Feature", "geometry": {"type": "Point", "coordinates": [126.18, 10.18]}, "properties": {"id": "PH-0660", "datetime_utc": "1969-04-12T10:45:22.200000Z", "year": 1969, "mag": 5.2, "mag_type": "Mb", "depth_km": 52.0, "mb": 5.2}}, {"type": "Feature", "geometry": {"type": "Point", "coordinates": [125.25, 5.1]}, "properties": {"id": "PH-0661", "datetime_utc": "1969-05-01T11:52:29.400000Z", "year": 1969, "mag": 5.1, "mag_type": "Mb", "depth_km": 222.0, "mb": 5.1}}, {"type": "Feature", "geometry": {"type": "Point", "coordinates": [124.64, 12.01]}, "properties": {"id": "PH-0662", "datetime_utc": "1969-05-07T08:52:51.300000Z", "year": 1969, "mag": 5.2, "mag_type": "Mb", "depth_km": 140.0, "mb": 5.2}}, {"type": "Feature", "geometry": {"type": "Point", "coordinates": [121.87, 16.04]}, "properties": {"id": "PH-0663", "datetime_utc": "1969-05-15T07:53:04.200000Z", "year": 1969, "mag": 5.0, "mag_type": "Mb", "depth_km": 62.0, "mb": 5.0}}, {"type": "Feature", "geometry": {"type": "Point", "coordinates": [125.81, 11.74]}, "properties": {"id": "PH-0664", "datetime_utc": "1969-05-21T02:56:48Z", "year": 1969, "mag": 5.2, "mag_type": "Mb", "depth_km": 21.0, "mb": 5.2}}, {"type": "Feature", "geometry": {"type": "Point", "coordinates": [125.81, 11.76]}, "properties": {"id": "PH-0665", "datetime_utc": "1969-05-26T15:37:18Z", "year": 1969, "mag": 5.2, "mag_type": "Mb", "depth_km": 21.0, "mb": 5.2}}, {"type": "Feature", "geometry": {"type": "Point", "coordinates": [125.83, 11.79]}, "properties": {"id": "PH-0666", "datetime_utc": "1969-05-28T03:41:05Z", "year": 1969, "mag": 5.3, "mag_type": "Mb", "depth_km": 25.0, "mb": 5.3}}, {"type": "Feature", "geometry": {"type": "Point", "coordinates": [126.65, 3.28]}, "properties": {"id": "PH-0667", "datetime_utc": "1969-06-01T13:49:07.100000Z", "year": 1969, "mag": 5.2, "mag_type": "Mb", "depth_km": 52.0, "mb": 5.2}}, {"type": "Feature", "geometry": {"type": "Point", "coordinates": [122.3, 15.2]}, "properties": {"id": "PH-0668", "datetime_utc": "1969-06-04T20:17:27.200000Z", "year": 1969, "mag": 5.0, "mag_type": "Mb", "depth_km": 29.0, "mb": 5.0}}, {"type": "Feature", "geometry": {"type": "Point", "coordinates": [121.5, 13.2]}, "properties": {"id": "PH-0669", "datetime_utc": "1969-06-10T17:15:28Z", "year": 1969, "mag": 5.1, "mag_type": "Mb", "depth_km": 17.0, "mb": 5.1}}, {"type": "Feature", "geometry": {"type": "Point", "coordinates": [125.44, 11.31]}, "properties": {"id": "PH-0670", "datetime_utc": "1969-06-21T06:36:43.300000Z", "year": 1969, "mag": 5.2, "mag_type": "Mb", "depth_km": 78.0, "mb": 5.2}}, {"type": "Feature", "geometry": {"type": "Point", "coordinates": [123.04, 13.38]}, "properties": {"id": "PH-0671", "datetime_utc": "1969-06-21T07:47:24.400000Z", "year": 1969, "mag": 5.2, "mag_type": "Mb", "depth_km": 17.0, "mb": 5.2}}, {"type": "Feature", "geometry": {"type": "Point", "coordinates": [123.22, 13.36]}, "properties": {"id": "PH-0672", "datetime_utc": "1969-06-24T10:58:09.600000Z", "year": 1969, "mag": 5.1, "mag_type": "Mb", "depth_km": 42.0, "mb": 5.1}}, {"type": "Feature", "geometry": {"type": "Point", "coordinates": [120.33, 13.46]}, "properties": {"id": "PH-0673", "datetime_utc": "1969-06-25T00:08:55.900000Z", "year": 1969, "mag": 5.0, "mag_type": "Mb", "depth_km": 60.0, "mb": 5.0}}, {"type": "Feature", "geometry": {"type": "Point", "coordinates": [126.99, 4.35]}, "properties": {"id": "PH-0674", "datetime_utc": "1969-06-27T07:54:41.500000Z", "year": 1969, "mag": 5.0, "mag_type": "Mb", "depth_km": 33.0, "mb": 5.0}}, {"type": "Feature", "geometry": {"type": "Point", "coordinates": [126.71, 6.78]}, "properties": {"id": "PH-0675", "datetime_utc": "1969-06-28T14:22:13.700000Z", "year": 1969, "mag": 5.3, "mag_type": "Mb", "depth_km": 103.0, "mb": 5.3}}, {"type": "Feature", "geometry": {"type": "Point", "coordinates": [126.62, 2.03]}, "properties": {"id": "PH-0676", "datetime_utc": "1969-07-08T04:06:42Z", "year": 1969, "mag": 5.4, "mag_type": "Mb", "depth_km": 32.0, "mb": 5.4}}, {"type": "Feature", "geometry": {"type": "Point", "coordinates": [126.65, 5.17]}, "properties": {"id": "PH-0677", "datetime_utc": "1969-07-16T04:47:38.100000Z", "year": 1969, "mag": 5.1, "mag_type": "Mb", "depth_km": 84.0, "mb": 5.1}}, {"type": "Feature", "geometry": {"type": "Point", "coordinates": [127.76, 2.88]}, "properties": {"id": "PH-0678", "datetime_utc": "1969-07-21T22:06:57.300000Z", "year": 1969, "mag": 5.4, "mag_type": "Mb", "depth_km": 226.0, "mb": 5.4}}, {"type": "Feature", "geometry": {"type": "Point", "coordinates": [126.58, 2.56]}, "properties": {"id": "PH-0679", "datetime_utc": "1969-07-25T13:34:09Z", "year": 1969, "mag": 5.6, "mag_type": "Mb", "depth_km": 31.0, "mb": 5.6}}, {"type": "Feature", "geometry": {"type": "Point", "coordinates": [119.0, 21.61]}, "properties": {"id": "PH-0680", "datetime_utc": "1969-07-25T22:49:39.400000Z", "year": 1969, "mag": 5.6, "mag_type": "Mb", "depth_km": 18.0, "mb": 5.6}}, {"type": "Feature", "geometry": {"type": "Point", "coordinates": [125.49, 7.19]}, "properties": {"id": "PH-0681", "datetime_utc": "1969-08-08T05:02:01.500000Z", "year": 1969, "mag": 5.1, "mag_type": "Mb", "depth_km": 56.0, "mb": 5.1}}, {"type": "Feature", "geometry": {"type": "Point", "coordinates": [126.64, 2.59]}, "properties": {"id": "PH-0682", "datetime_utc": "1969-08-17T12:31:48Z", "year": 1969, "mag": 5.1, "mag_type": "Mb", "depth_km": 52.0, "mb": 5.1}}, {"type": "Feature", "geometry": {"type": "Point", "coordinates": [126.58, 2.89]}, "properties": {"id": "PH-0683", "datetime_utc": "1969-09-02T12:38:35Z", "year": 1969, "mag": 5.1, "mag_type": "Mb", "depth_km": 40.0, "mb": 5.1}}, {"type": "Feature", "geometry": {"type": "Point", "coordinates": [128.33, 4.26]}, "properties": {"id": "PH-0684", "datetime_utc": "1969-09-03T01:32:02Z", "year": 1969, "mag": 5.0, "mag_type": "Mb", "depth_km": 66.0, "mb": 5.0}}, {"type": "Feature", "geometry": {"type": "Point", "coordinates": [119.56, 16.37]}, "properties": {"id": "PH-0685", "datetime_utc": "1969-09-04T18:18:37Z", "year": 1969, "mag": 5.8, "mag_type": "Mb", "depth_km": 60.0, "mb": 5.8}}, {"type": "Feature", "geometry": {"type": "Point", "coordinates": [128.5, 2.79]}, "properties": {"id": "PH-0686", "datetime_utc": "1969-09-07T05:00:45.800000Z", "year": 1969, "mag": 5.0, "mag_type": "Mb", "depth_km": 215.0, "mb": 5.0}}, {"type": "Feature", "geometry": {"type": "Point", "coordinates": [125.56, 6.27]}, "properties": {"id": "PH-0687", "datetime_utc": "1969-09-14T10:02:23.600000Z", "year": 1969, "mag": 5.1, "mag_type": "Mb", "depth_km": 54.0, "mb": 5.1}}, {"type": "Feature", "geometry": {"type": "Point", "coordinates": [125.32, 6.06]}, "properties": {"id": "PH-0688", "datetime_utc": "1969-09-19T00:29:38.400000Z", "year": 1969, "mag": 5.5, "mag_type": "Mb", "depth_km": 105.0, "mb": 5.5}}, {"type": "Feature", "geometry": {"type": "Point", "coordinates": [126.77, 9.71]}, "properties": {"id": "PH-0689", "datetime_utc": "1969-10-02T22:05:40.400000Z", "year": 1969, "mag": 5.2, "mag_type": "Mb", "depth_km": 59.0, "mb": 5.2}}, {"type": "Feature", "geometry": {"type": "Point", "coordinates": [123.7, 7.3]}, "properties": {"id": "PH-0690", "datetime_utc": "1969-10-05T16:34:18.500000Z", "year": 1969, "mag": 5.4, "mag_type": "Mb", "depth_km": 51.0, "mb": 5.4}}, {"type": "Feature", "geometry": {"type": "Point", "coordinates": [120.11, 14.99]}, "properties": {"id": "PH-0691", "datetime_utc": "1969-10-06T12:48:05.800000Z", "year": 1969, "mag": 5.6, "mag_type": "Mb", "depth_km": 66.0, "mb": 5.6}}, {"type": "Feature", "geometry": {"type": "Point", "coordinates": [123.78, 7.17]}, "properties": {"id": "PH-0692", "datetime_utc": "1969-10-06T21:46:36.800000Z", "year": 1969, "mag": 5.3, "mag_type": "Mb", "depth_km": 68.0, "mb": 5.3}}, {"type": "Feature", "geometry": {"type": "Point", "coordinates": [126.0, 7.7]}, "properties": {"id": "PH-0693", "datetime_utc": "1969-10-19T12:25:44.900000Z", "year": 1969, "mag": 5.3, "mag_type": "Mb", "depth_km": 58.0, "mb": 5.3}}, {"type": "Feature", "geometry": {"type": "Point", "coordinates": [125.9, 9.9]}, "properties": {"id": "PH-0694", "datetime_utc": "1969-11-17T05:20:49.700000Z", "year": 1969, "mag": 5.1, "mag_type": "Mb", "depth_km": 80.0, "mb": 5.1}}, {"type": "Feature", "geometry": {"type": "Point", "coordinates": [126.23, 8.13]}, "properties": {"id": "PH-0695", "datetime_utc": "1969-12-02T17:57:05Z", "year": 1969, "mag": 5.7, "mag_type": "Mb", "depth_km": 108.0, "mb": 5.7}}, {"type": "Feature", "geometry": {"type": "Point", "coordinates": [125.63, 9.67]}, "properties": {"id": "PH-0696", "datetime_utc": "1969-12-07T21:46:15Z", "year": 1969, "mag": 5.2, "mag_type": "Mb", "depth_km": 35.0, "mb": 5.2}}, {"type": "Feature", "geometry": {"type": "Point", "coordinates": [126.46, 4.31]}, "properties": {"id": "PH-0697", "datetime_utc": "1969-12-13T22:06:55Z", "year": 1969, "mag": 5.5, "mag_type": "Mb", "depth_km": 33.0, "mb": 5.5}}, {"type": "Feature", "geometry": {"type": "Point", "coordinates": [121.21, 19.16]}, "properties": {"id": "PH-0698", "datetime_utc": "1970-01-05T01:20:13.700000Z", "year": 1970, "mag": 5.4, "mag_type": "Mb", "depth_km": 68.0, "mb": 5.4}}, {"type": "Feature", "geometry": {"type": "Point", "coordinates": [126.4, 6.9]}, "properties": {"id": "PH-0699", "datetime_utc": "1970-01-10T12:07:08.600000Z", "year": 1970, "mag": 5.9, "mag_type": "Mb", "depth_km": 68.0, "mb": 5.9}}, {"type": "Feature", "geometry": {"type": "Point", "coordinates": [126.88, 4.11]}, "properties": {"id": "PH-0700", "datetime_utc": "1970-01-10T13:09:27.400000Z", "year": 1970, "mag": 5.0, "mag_type": "Mb", "depth_km": 83.0, "mb": 5.0}}, {"type": "Feature", "geometry": {"type": "Point", "coordinates": [126.79, 6.69]}, "properties": {"id": "PH-0701", "datetime_utc": "1970-01-10T13:13:01.300000Z", "year": 1970, "mag": 5.1, "mag_type": "Mb", "depth_km": 76.0, "mb": 5.1}}, {"type": "Feature", "geometry": {"type": "Point", "coordinates": [126.86, 6.74]}, "properties": {"id": "PH-0702", "datetime_utc": "1970-01-10T13:59:40.600000Z", "year": 1970, "mag": 5.4, "mag_type": "Mb", "depth_km": 88.0, "mb": 5.4}}, {"type": "Feature", "geometry": {"type": "Point", "coordinates": [126.84, 6.71]}, "properties": {"id": "PH-0703", "datetime_utc": "1970-01-10T14:16:31.300000Z", "year": 1970, "mag": 5.5, "mag_type": "Mb", "depth_km": 81.0, "mb": 5.5}}, {"type": "Feature", "geometry": {"type": "Point", "coordinates": [126.7, 6.8]}, "properties": {"id": "PH-0704", "datetime_utc": "1970-01-10T15:12:19Z", "year": 1970, "mag": 5.1, "mag_type": "Mb", "depth_km": 47.0, "mb": 5.1}}, {"type": "Feature", "geometry": {"type": "Point", "coordinates": [126.5, 8.3]}, "properties": {"id": "PH-0705", "datetime_utc": "1970-01-10T15:18:50Z", "year": 1970, "mag": 5.2, "mag_type": "Mb", "depth_km": 33.0, "mb": 5.2}}, {"type": "Feature", "geometry": {"type": "Point", "coordinates": [126.77, 7.04]}, "properties": {"id": "PH-0706", "datetime_utc": "1970-01-10T16:30:49Z", "year": 1970, "mag": 5.0, "mag_type": "Mb", "depth_km": 36.0, "mb": 5.0}}, {"type": "Feature", "geometry": {"type": "Point", "coordinates": [127.0, 7.0]}, "properties": {"id": "PH-0707", "datetime_utc": "1970-01-10T17:12:38.900000Z", "year": 1970, "mag": 5.0, "mag_type": "Mb", "depth_km": 96.0, "mb": 5.0}}, {"type": "Feature", "geometry": {"type": "Point", "coordinates": [126.87, 7.43]}, "properties": {"id": "PH-0708", "datetime_utc": "1970-01-11T05:02:05Z", "year": 1970, "mag": 5.4, "mag_type": "Mb", "depth_km": 60.0, "mb": 5.4}}, {"type": "Feature", "geometry": {"type": "Point", "coordinates": [125.6, 9.0]}, "properties": {"id": "PH-0709", "datetime_utc": "1970-01-11T12:19:35.200000Z", "year": 1970, "mag": 5.1, "mag_type": "Mb", "depth_km": 61.0, "mb": 5.1}}, {"type": "Feature", "geometry": {"type": "Point", "coordinates": [126.99, 6.52]}, "properties": {"id": "PH-0710", "datetime_utc": "1970-01-11T21:02:22.300000Z", "year": 1970, "mag": 5.0, "mag_type": "Mb", "depth_km": 84.0, "mb": 5.0}}, {"type": "Feature", "geometry": {"type": "Point", "coordinates": [126.97, 6.01]}, "properties": {"id": "PH-0711", "datetime_utc": "1970-01-12T04:25:01.100000Z", "year": 1970, "mag": 5.1, "mag_type": "Mb", "depth_km": 70.0, "mb": 5.1}}, {"type": "Feature", "geometry": {"type": "Point", "coordinates": [127.0, 8.68]}, "properties": {"id": "PH-0712", "datetime_utc": "1970-01-13T16:55:17.500000Z", "year": 1970, "mag": 5.3, "mag_type": "Mb", "depth_km": 54.0, "mb": 5.3}}, {"type": "Feature", "geometry": {"type": "Point", "coordinates": [126.79, 7.09]}, "properties": {"id": "PH-0713", "datetime_utc": "1970-01-13T20:48:27.200000Z", "year": 1970, "mag": 5.3, "mag_type": "Mb", "depth_km": 74.0, "mb": 5.3}}, {"type": "Feature", "geometry": {"type": "Point", "coordinates": [126.45, 9.02]}, "properties": {"id": "PH-0714", "datetime_utc": "1970-01-24T02:31:48.300000Z", "year": 1970, "mag": 5.3, "mag_type": "Mb", "depth_km": 53.0, "mb": 5.3}}, {"type": "Feature", "geometry": {"type": "Point", "coordinates": [128.02, 2.42]}, "properties": {"id": "PH-0715", "datetime_utc": "1970-01-24T18:07:18.100000Z", "year": 1970, "mag": 5.2, "mag_type": "Mb", "depth_km": 49.0, "mb": 5.2}}, {"type": "Feature", "geometry": {"type": "Point", "coordinates": [122.18, 17.37]}, "properties": {"id": "PH-0716", "datetime_utc": "1970-01-24T19:00:01.700000Z", "year": 1970, "mag": 5.1, "mag_type": "Mb", "depth_km": 74.0, "mb": 5.1}}, {"type": "Feature", "geometry": {"type": "Point", "coordinates": [127.16, 6.83]}, "properties": {"id": "PH-0717", "datetime_utc": "1970-01-31T07:55:45.300000Z", "year": 1970, "mag": 5.8, "mag_type": "Mb", "depth_km": 94.0, "mb": 5.8}}, {"type": "Feature", "geometry": {"type": "Point", "coordinates": [122.09, 12.58]}, "properties": {"id": "PH-0718", "datetime_utc": "1970-02-05T22:05:58.500000Z", "year": 1970, "mag": 5.9, "mag_type": "Mb", "depth_km": 8.0, "mb": 5.9}}, {"type": "Feature", "geometry": {"type": "Point", "coordinates": [122.22, 12.69]}, "properties": {"id": "PH-0719", "datetime_utc": "1970-02-05T22:45:40Z", "year": 1970, "mag": 5.1, "mag_type": "Mb", "depth_km": 20.0, "mb": 5.1}}, {"type": "Feature", "geometry": {"type": "Point", "coordinates": [121.93, 12.69]}, "properties": {"id": "PH-0720", "datetime_utc": "1970-02-06T02:17:33.500000Z", "year": 1970, "mag": 5.3, "mag_type": "Mb", "depth_km": 34.0, "mb": 5.3}}, {"type": "Feature", "geometry": {"type": "Point", "coordinates": [127.03, 6.88]}, "properties": {"id": "PH-0721", "datetime_utc": "1970-02-10T14:06:43Z", "year": 1970, "mag": 5.0, "mag_type": "Mb", "depth_km": 76.0, "mb": 5.0}}, {"type": "Feature", "geometry": {"type": "Point", "coordinates": [125.9, 9.8]}, "properties": {"id": "PH-0722", "datetime_utc": "1970-02-17T05:46:03.700000Z", "year": 1970, "mag": 5.8, "mag_type": "Mb", "depth_km": 83.0, "mb": 5.8}}, {"type": "Feature", "geometry": {"type": "Point", "coordinates": [121.2, 19.25]}, "properties": {"id": "PH-0723", "datetime_utc": "1970-02-23T20:48:20Z", "year": 1970, "mag": 5.1, "mag_type": "Mb", "depth_km": 65.0, "mb": 5.1}}, {"type": "Feature", "geometry": {"type": "Point", "coordinates": [126.89, 7.28]}, "properties": {"id": "PH-0724", "datetime_utc": "1970-03-05T04:29:06.900000Z", "year": 1970, "mag": 5.2, "mag_type": "Mb", "depth_km": 55.0, "mb": 5.2}}, {"type": "Feature", "geometry": {"type": "Point", "coordinates": [126.63, 7.85]}, "properties": {"id": "PH-0725", "datetime_utc": "1970-03-10T02:11:07.300000Z", "year": 1970, "mag": 5.1, "mag_type": "Mb", "depth_km": 106.0, "mb": 5.1}}, {"type": "Feature", "geometry": {"type": "Point", "coordinates": [122.24, 12.63]}, "properties": {"id": "PH-0726", "datetime_utc": "1970-03-10T06:11:56Z", "year": 1970, "mag": 5.6, "mag_type": "Mb", "depth_km": 26.0, "mb": 5.6}}, {"type": "Feature", "geometry": {"type": "Point", "coordinates": [125.35, 5.07]}, "properties": {"id": "PH-0727", "datetime_utc": "1970-03-20T11:07:38.400000Z", "year": 1970, "mag": 5.7, "mag_type": "Mb", "depth_km": 90.0, "mb": 5.7}}, {"type": "Feature", "geometry": {"type": "Point", "coordinates": [127.1, 2.25]}, "properties": {"id": "PH-0728", "datetime_utc": "1970-03-21T11:56:38Z", "year": 1970, "mag": 5.4, "mag_type": "Mb", "depth_km": 54.0, "mb": 5.4}}, {"type": "Feature", "geometry": {"type": "Point", "coordinates": [126.84, 7.14]}, "properties": {"id": "PH-0729", "datetime_utc": "1970-03-23T09:08:06Z", "year": 1970, "mag": 5.0, "mag_type": "Mb", "depth_km": 20.0, "mb": 5.0}}, {"type": "Feature", "geometry": {"type": "Point", "coordinates": [124.76, 10.99]}, "properties": {"id": "PH-0730", "datetime_utc": "1970-03-24T11:23:35.300000Z", "year": 1970, "mag": 5.0, "mag_type": "Mb", "depth_km": 48.0, "mb": 5.0}}, {"type": "Feature", "geometry": {"type": "Point", "coordinates": [120.67, 13.94]}, "properties": {"id": "PH-0731", "datetime_utc": "1970-03-29T02:18:01.500000Z", "year": 1970, "mag": 5.3, "mag_type": "Mb", "depth_km": 121.0, "mb": 5.3}}, {"type": "Feature", "geometry": {"type": "Point", "coordinates": [125.95, 4.92]}, "properties": {"id": "PH-0732", "datetime_utc": "1970-03-29T22:02:29.300000Z", "year": 1970, "mag": 5.0, "mag_type": "Mb", "depth_km": 112.0, "mb": 5.0}}, {"type": "Feature", "geometry": {"type": "Point", "coordinates": [125.93, 4.98]}, "properties": {"id": "PH-0733", "datetime_utc": "1970-03-30T04:41:05Z", "year": 1970, "mag": 5.0, "mag_type": "Mb", "depth_km": 112.0, "mb": 5.0}}, {"type": "Feature", "geometry": {"type": "Point", "coordinates": [126.66, 6.78]}, "properties": {"id": "PH-0734", "datetime_utc": "1970-03-30T16:46:46.200000Z", "year": 1970, "mag": 5.8, "mag_type": "Mb", "depth_km": 82.0, "mb": 5.8}}, {"type": "Feature", "geometry": {"type": "Point", "coordinates": [126.8, 7.7]}, "properties": {"id": "PH-0735", "datetime_utc": "1970-03-30T16:55:17Z", "year": 1970, "mag": 5.0, "mag_type": "Mb", "depth_km": 179.0, "mb": 5.0}}, {"type": "Feature", "geometry": {"type": "Point", "coordinates": [127.78, 4.73]}, "properties": {"id": "PH-0736", "datetime_utc": "1970-04-03T08:24:09.300000Z", "year": 1970, "mag": 5.2, "mag_type": "Mb", "depth_km": 80.0, "mb": 5.2}}, {"type": "Feature", "geometry": {"type": "Point", "coordinates": [120.37, 13.97]}, "properties": {"id": "PH-0737", "datetime_utc": "1970-04-06T00:54:32.800000Z", "year": 1970, "mag": 5.2, "mag_type": "Mb", "depth_km": 88.0, "mb": 5.2}}, {"type": "Feature", "geometry": {"type": "Point", "coordinates": [121.71, 15.78]}, "properties": {"id": "PH-0738", "datetime_utc": "1970-04-07T05:34:06.200000Z", "year": 1970, "mag": 7.3, "mag_type": "Ms", "depth_km": 40.0, "mb": 6.5, "ms": 7.3}}, {"type": "Feature", "geometry": {"type": "Point", "coordinates": [122.4, 15.25]}, "properties": {"id": "PH-0739", "datetime_utc": "1970-04-07T05:53:18.600000Z", "year": 1970, "mag": 5.6, "mag_type": "Mb", "depth_km": 47.0, "mb": 5.6}}, {"type": "Feature", "geometry": {"type": "Point", "coordinates": [121.8, 15.4]}, "properties": {"id": "PH-0740", "datetime_utc": "1970-04-07T06:04:39Z", "year": 1970, "mag": 5.1, "mag_type": "Mb", "depth_km": 48.0, "mb": 5.1}}, {"type": "Feature", "geometry": {"type": "Point", "coordinates": [121.85, 15.68]}, "properties": {"id": "PH-0741", "datetime_utc": "1970-04-07T06:11:52.800000Z", "year": 1970, "mag": 5.5, "mag_type": "Mb", "depth_km": 22.0, "mb": 5.5}}, {"type": "Feature", "geometry": {"type": "Point", "coordinates": [121.86, 15.53]}, "properties": {"id": "PH-0742", "datetime_utc": "1970-04-07T06:34:19.200000Z", "year": 1970, "mag": 5.5, "mag_type": "Mb", "depth_km": 33.0, "mb": 5.5}}, {"type": "Feature", "geometry": {"type": "Point", "coordinates": [121.78, 15.49]}, "properties": {"id": "PH-0743", "datetime_utc": "1970-04-07T07:59:57.300000Z", "year": 1970, "mag": 5.2, "mag_type": "Mb", "depth_km": 33.0, "mb": 5.2}}, {"type": "Feature", "geometry": {"type": "Point", "coordinates": [121.83, 15.38]}, "properties": {"id": "PH-0744", "datetime_utc": "1970-04-07T15:05:49Z", "year": 1970, "mag": 5.1, "mag_type": "Mb", "depth_km": 9.0, "mb": 5.1}}, {"type": "Feature", "geometry": {"type": "Point", "coordinates": [121.63, 15.38]}, "properties": {"id": "PH-0745", "datetime_utc": "1970-04-08T08:49:13Z", "year": 1970, "mag": 5.2, "mag_type": "Mb", "depth_km": 4.0, "mb": 5.2}}, {"type": "Feature", "geometry": {"type": "Point", "coordinates": [121.72, 15.59]}, "properties": {"id": "PH-0746", "datetime_utc": "1970-04-08T17:54:31Z", "year": 1970, "mag": 5.3, "mag_type": "Mb", "depth_km": 31.0, "mb": 5.3}}, {"type": "Feature", "geometry": {"type": "Point", "coordinates": [121.75, 15.4]}, "properties": {"id": "PH-0747", "datetime_utc": "1970-04-08T21:23:54Z", "year": 1970, "mag": 6.2, "mag_type": "Ms", "depth_km": 7.0, "mb": 5.7, "ms": 6.2}}, {"type": "Feature", "geometry": {"type": "Point", "coordinates": [121.88, 15.31]}, "properties": {"id": "PH-0748", "datetime_utc": "1970-04-08T21:30:59.500000Z", "year": 1970, "mag": 5.1, "mag_type": "Mb", "depth_km": 33.0, "mb": 5.1}}, {"type": "Feature", "geometry": {"type": "Point", "coordinates": [121.93, 15.42]}, "properties": {"id": "PH-0749", "datetime_utc": "1970-04-08T21:46:40Z", "year": 1970, "mag": 5.1, "mag_type": "Mb", "depth_km": 34.0, "mb": 5.1}}, {"type": "Feature", "geometry": {"type": "Point", "coordinates": [121.85, 15.55]}, "properties": {"id": "PH-0750", "datetime_utc": "1970-04-08T23:33:45Z", "year": 1970, "mag": 5.3, "mag_type": "Mb", "depth_km": 26.0, "mb": 5.3}}, {"type": "Feature", "geometry": {"type": "Point", "coordinates": [122.01, 15.08]}, "properties": {"id": "PH-0751", "datetime_utc": "1970-04-12T04:01:44.600000Z", "year": 1970, "mag": 7.0, "mag_type": "Ms", "depth_km": 25.0, "mb": 5.8, "ms": 7.0}}, {"type": "Feature", "geometry": {"type": "Point", "coordinates": [122.0, 15.0]}, "properties": {"id": "PH-0752", "datetime_utc": "1970-04-12T04:15:32.100000Z", "year": 1970, "mag": 5.1, "mag_type": "Mb", "depth_km": 18.0, "mb": 5.1}}, {"type": "Feature", "geometry": {"type": "Point", "coordinates": [122.04, 15.21]}, "properties": {"id": "PH-0753", "datetime_utc": "1970-04-12T04:16:55.300000Z", "year": 1970, "mag": 5.5, "mag_type": "Mb", "depth_km": 18.0, "mb": 5.5}}, {"type": "Feature", "geometry": {"type": "Point", "coordinates": [122.4, 15.1]}, "properties": {"id": "PH-0754", "datetime_utc": "1970-04-12T04:26:39.300000Z", "year": 1970, "mag": 5.2, "mag_type": "Mb", "depth_km": 29.0, "mb": 5.2}}, {"type": "Feature", "geometry": {"type": "Point", "coordinates": [122.51, 15.17]}, "properties": {"id": "PH-0755", "datetime_utc": "1970-04-12T05:18:09.100000Z", "year": 1970, "mag": 5.4, "mag_type": "Mb", "depth_km": 32.0, "mb": 5.4}}, {"type": "Feature", "geometry": {"type": "Point", "coordinates": [122.05, 15.08]}, "properties": {"id": "PH-0756", "datetime_utc": "1970-04-12T09:01:46Z", "year": 1970, "mag": 5.0, "mag_type": "Mb", "depth_km": 29.0, "mb": 5.0}}, {"type": "Feature", "geometry": {"type": "Point", "coordinates": [122.05, 15.12]}, "properties": {"id": "PH-0757", "datetime_utc": "1970-04-12T10:48:45.100000Z", "year": 1970, "mag": 5.1, "mag_type": "Mb", "depth_km": 39.0, "mb": 5.1}}, {"type": "Feature", "geometry": {"type": "Point", "coordinates": [122.51, 15.07]}, "properties": {"id": "PH-0758", "datetime_utc": "1970-04-12T14:22:38.200000Z", "year": 1970, "mag": 5.4, "mag_type": "Mb", "depth_km": 26.0, "mb": 5.4}}, {"type": "Feature", "geometry": {"type": "Point", "coordinates": [122.4, 15.25]}, "properties": {"id": "PH-0759", "datetime_utc": "1970-04-12T23:52:08.500000Z", "year": 1970, "mag": 5.0, "mag_type": "Mb", "depth_km": 33.0, "mb": 5.0}}, {"type": "Feature", "geometry": {"type": "Point", "coordinates": [122.24, 15.26]}, "properties": {"id": "PH-0760", "datetime_utc": "1970-04-13T08:28:22.600000Z", "year": 1970, "mag": 5.2, "mag_type": "Mb", "depth_km": 5.0, "mb": 5.2}}, {"type": "Feature", "geometry": {"type": "Point", "coordinates": [122.71, 15.11]}, "properties": {"id": "PH-0761", "datetime_utc": "1970-04-15T13:14:26.700000Z", "year": 1970, "mag": 6.0, "mag_type": "Ms", "depth_km": 50.0, "mb": 5.6, "ms": 6.0}}, {"type": "Feature", "geometry": {"type": "Point", "coordinates": [121.83, 15.37]}, "properties": {"id": "PH-0762", "datetime_utc": "1970-04-22T13:48:56Z", "year": 1970, "mag": 5.1, "mag_type": "Mb", "depth_km": 46.0, "mb": 5.1}}, {"type": "Feature", "geometry": {"type": "Point", "coordinates": [125.48, 10.44]}, "properties": {"id": "PH-0763", "datetime_utc": "1970-04-24T00:17:13.700000Z", "year": 1970, "mag": 5.2, "mag_type": "Mb", "depth_km": 121.0, "mb": 5.2}}, {"type": "Feature", "geometry": {"type": "Point", "coordinates": [121.78, 15.64]}, "properties": {"id": "PH-0764", "datetime_utc": "1970-05-01T03:22:14.200000Z", "year": 1970, "mag": 5.4, "mag_type": "Ms", "depth_km": 33.0, "mb": 5.3, "ms": 5.4}}, {"type": "Feature", "geometry": {"type": "Point", "coordinates": [121.76, 15.71]}, "properties": {"id": "PH-0765", "datetime_utc": "1970-05-06T02:35:17.500000Z", "year": 1970, "mag": 5.1, "mag_type": "Mb", "depth_km": 41.0, "mb": 5.1}}, {"type": "Feature", "geometry": {"type": "Point", "coordinates": [126.58, 8.17]}, "properties": {"id": "PH-0766", "datetime_utc": "1970-05-17T07:36:15.300000Z", "year": 1970, "mag": 5.1, "mag_type": "Mb", "depth_km": 90.0, "mb": 5.1}}, {"type": "Feature", "geometry": {"type": "Point", "coordinates": [124.6, 12.25]}, "properties": {"id": "PH-0767", "datetime_utc": "1970-05-30T13:16:28.600000Z", "year": 1970, "mag": 5.6, "mag_type": "Mb", "depth_km": 105.0, "mb": 5.6}}, {"type": "Feature", "geometry": {"type": "Point", "coordinates": [122.35, 18.65]}, "properties": {"id": "PH-0768", "datetime_utc": "1970-06-12T12:53:56Z", "year": 1970, "mag": 5.1, "mag_type": "Mb", "depth_km": 53.0, "mb": 5.1}}, {"type": "Feature", "geometry": {"type": "Point", "coordinates": [126.83, 7.22]}, "properties": {"id": "PH-0769", "datetime_utc": "1970-06-16T05:49:59.500000Z", "year": 1970, "mag": 5.0, "mag_type": "Mb", "depth_km": 86.0, "mb": 5.0}}, {"type": "Feature", "geometry": {"type": "Point", "coordinates": [122.0, 15.1]}, "properties": {"id": "PH-0770", "datetime_utc": "1970-06-16T08:09:14Z", "year": 1970, "mag": 5.1, "mag_type": "Mb", "depth_km": 19.0, "mb": 5.1}}, {"type": "Feature", "geometry": {"type": "Point", "coordinates": [126.98, 6.89]}, "properties": {"id": "PH-0771", "datetime_utc": "1970-06-19T16:40:10Z", "year": 1970, "mag": 5.0, "mag_type": "Mb", "depth_km": 67.0, "mb": 5.0}}, {"type": "Feature", "geometry": {"type": "Point", "coordinates": [126.66, 3.77]}, "properties": {"id": "PH-0772", "datetime_utc": "1970-06-22T14:43:01Z", "year": 1970, "mag": 5.2, "mag_type": "Mb", "depth_km": 63.0, "mb": 5.2}}, {"type": "Feature", "geometry": {"type": "Point", "coordinates": [126.1, 8.5]}, "properties": {"id": "PH-0773", "datetime_utc": "1970-06-22T18:32:46.700000Z", "year": 1970, "mag": 5.1, "mag_type": "Mb", "depth_km": 64.0, "mb": 5.1}}, {"type": "Feature", "geometry": {"type": "Point", "coordinates": [126.27, 4.14]}, "properties": {"id": "PH-0774", "datetime_utc": "1970-06-27T13:13:02.700000Z", "year": 1970, "mag": 5.0, "mag_type": "Mb", "depth_km": 116.0, "mb": 5.0}}, {"type": "Feature", "geometry": {"type": "Point", "coordinates": [126.57, 2.03]}, "properties": {"id": "PH-0775", "datetime_utc": "1970-07-01T06:27:16Z", "year": 1970, "mag": 5.2, "mag_type": "Mb", "depth_km": 76.0, "mb": 5.2}}, {"type": "Feature", "geometry": {"type": "Point", "coordinates": [126.8, 7.5]}, "properties": {"id": "PH-0776", "datetime_utc": "1970-07-05T14:12:17.900000Z", "year": 1970, "mag": 5.5, "mag_type": "Mb", "depth_km": 68.0, "mb": 5.5}}, {"type": "Feature", "geometry": {"type": "Point", "coordinates": [127.8, 4.4]}, "properties": {"id": "PH-0777", "datetime_utc": "1970-07-09T16:49:11Z", "year": 1970, "mag": 5.1, "mag_type": "Mb", "depth_km": 85.0, "mb": 5.1}}, {"type": "Feature", "geometry": {"type": "Point", "coordinates": [120.42, 13.93]}, "properties": {"id": "PH-0778", "datetime_utc": "1970-07-10T21:06:39.600000Z", "year": 1970, "mag": 5.5, "mag_type": "Mb", "depth_km": 89.0, "mb": 5.5}}, {"type": "Feature", "geometry": {"type": "Point", "coordinates": [125.41, 10.84]}, "properties": {"id": "PH-0779", "datetime_utc": "1970-07-12T09:18:04.600000Z", "year": 1970, "mag": 5.5, "mag_type": "Mb", "depth_km": 82.0, "mb": 5.5}}, {"type": "Feature", "geometry": {"type": "Point", "coordinates": [128.66, 3.17]}, "properties": {"id": "PH-0780", "datetime_utc": "1970-08-08T07:55:52.400000Z", "year": 1970, "mag": 5.3, "mag_type": "Mb", "depth_km": 95.0, "mb": 5.3}}, {"type": "Feature", "geometry": {"type": "Point", "coordinates": [123.12, 4.54]}, "properties": {"id": "PH-0781", "datetime_utc": "1970-08-18T16:52:26.400000Z", "year": 1970, "mag": 5.5, "mag_type": "Mb", "depth_km": 576.0, "mb": 5.5}}, {"type": "Feature", "geometry": {"type": "Point", "coordinates": [122.45, 9.46]}, "properties": {"id": "PH-0782", "datetime_utc": "1970-08-19T05:47:51.400000Z", "year": 1970, "mag": 5.0, "mag_type": "Mb", "depth_km": 51.0, "mb": 5.0}}, {"type": "Feature", "geometry": {"type": "Point", "coordinates": [125.77, 5.98]}, "properties": {"id": "PH-0783", "datetime_utc": "1970-08-24T12:53:22.600000Z", "year": 1970, "mag": 7.8, "mag_type": "Mb", "depth_km": 130.0, "mb": 7.8}}, {"type": "Feature", "geometry": {"type": "Point", "coordinates": [120.48, 18.02]}, "properties": {"id": "PH-0784", "datetime_utc": "1970-08-26T15:11:54.900000Z", "year": 1970, "mag": 5.5, "mag_type": "Mb", "depth_km": 58.0, "mb": 5.5}}, {"type": "Feature", "geometry": {"type": "Point", "coordinates": [122.0, 20.0]}, "properties": {"id": "PH-0785", "datetime_utc": "1970-08-27T16:28:47.500000Z", "year": 1970, "mag": 5.0, "mag_type": "Mb", "depth_km": 35.0, "mb": 5.0}}, {"type": "Feature", "geometry": {"type": "Point", "coordinates": [121.0, 18.7]}, "properties": {"id": "PH-0786", "datetime_utc": "1970-08-28T18:22:06Z", "year": 1970, "mag": 5.1, "mag_type": "Mb", "depth_km": 44.0, "mb": 5.1}}, {"type": "Feature", "geometry": {"type": "Point", "coordinates": [127.29, 8.73]}, "properties": {"id": "PH-0787", "datetime_utc": "1970-09-15T10:55:19.400000Z", "year": 1970, "mag": 5.5, "mag_type": "Mb", "depth_km": 33.0, "mb": 5.5}}, {"type": "Feature", "geometry": {"type": "Point", "coordinates": [122.02, 20.67]}, "properties": {"id": "PH-0788", "datetime_utc": "1970-09-30T09:52:23Z", "year": 1970, "mag": 5.1, "mag_type": "Mb", "depth_km": 30.0, "mb": 5.1}}, {"type": "Feature", "geometry": {"type": "Point", "coordinates": [126.92, 2.02]}, "properties": {"id": "PH-0789", "datetime_utc": "1970-10-02T10:56:44Z", "year": 1970, "mag": 5.1, "mag_type": "Mb", "depth_km": 25.0, "mb": 5.1}}, {"type": "Feature", "geometry": {"type": "Point", "coordinates": [126.38, 9.86]}, "properties": {"id": "PH-0790", "datetime_utc": "1970-10-09T10:16:17.100000Z", "year": 1970, "mag": 5.2, "mag_type": "Mb", "depth_km": 51.0, "mb": 5.2}}, {"type": "Feature", "geometry": {"type": "Point", "coordinates": [123.77, 6.95]}, "properties": {"id": "PH-0791", "datetime_utc": "1970-10-14T07:43:12Z", "year": 1970, "mag": 5.3, "mag_type": "Mb", "depth_km": 50.0, "mb": 5.3}}, {"type": "Feature", "geometry": {"type": "Point", "coordinates": [128.64, 2.47]}, "properties": {"id": "PH-0792", "datetime_utc": "1970-10-19T00:08:02Z", "year": 1970, "mag": 5.0, "mag_type": "Mb", "depth_km": 95.0, "mb": 5.0}}, {"type": "Feature", "geometry": {"type": "Point", "coordinates": [128.7, 2.75]}, "properties": {"id": "PH-0793", "datetime_utc": "1970-10-19T06:47:05.300000Z", "year": 1970, "mag": 5.1, "mag_type": "Mb", "depth_km": 79.0, "mb": 5.1}}, {"type": "Feature", "geometry": {"type": "Point", "coordinates": [120.82, 18.46]}, "properties": {"id": "PH-0794", "datetime_utc": "1970-10-26T11:46:54.400000Z", "year": 1970, "mag": 5.0, "mag_type": "Mb", "depth_km": 60.0, "mb": 5.0}}, {"type": "Feature", "geometry": {"type": "Point", "coordinates": [126.49, 9.35]}, "properties": {"id": "PH-0795", "datetime_utc": "1970-10-26T17:26:01Z", "year": 1970, "mag": 5.2, "mag_type": "Mb", "depth_km": 65.0, "mb": 5.2}}, {"type": "Feature", "geometry": {"type": "Point", "coordinates": [126.7, 7.5]}, "properties": {"id": "PH-0796", "datetime_utc": "1970-10-27T21:59:01.100000Z", "year": 1970, "mag": 5.1, "mag_type": "Mb", "depth_km": 92.0, "mb": 5.1}}, {"type": "Feature", "geometry": {"type": "Point", "coordinates": [120.88, 18.45]}, "properties": {"id": "PH-0797", "datetime_utc": "1970-11-03T15:12:14.300000Z", "year": 1970, "mag": 5.4, "mag_type": "Mb", "depth_km": 62.0, "mb": 5.4}}, {"type": "Feature", "geometry": {"type": "Point", "coordinates": [124.75, 6.6]}, "properties": {"id": "PH-0798", "datetime_utc": "1970-11-04T23:34:47.300000Z", "year": 1970, "mag": 5.0, "mag_type": "Mb", "depth_km": 381.0, "mb": 5.0}}, {"type": "Feature", "geometry": {"type": "Point", "coordinates": [120.88, 18.45]}, "properties": {"id": "PH-0799", "datetime_utc": "1970-11-07T23:18:26.100000Z", "year": 1970, "mag": 5.3, "mag_type": "Mb", "depth_km": 73.0, "mb": 5.3}}, {"type": "Feature", "geometry": {"type": "Point", "coordinates": [126.41, 9.16]}, "properties": {"id": "PH-0800", "datetime_utc": "1970-11-08T14:58:57.400000Z", "year": 1970, "mag": 5.6, "mag_type": "Mb", "depth_km": 52.0, "mb": 5.6}}, {"type": "Feature", "geometry": {"type": "Point", "coordinates": [126.51, 9.06]}, "properties": {"id": "PH-0801", "datetime_utc": "1970-11-10T01:16:45.200000Z", "year": 1970, "mag": 5.3, "mag_type": "Mb", "depth_km": 25.0, "mb": 5.3}}, {"type": "Feature", "geometry": {"type": "Point", "coordinates": [126.65, 9.15]}, "properties": {"id": "PH-0802", "datetime_utc": "1970-11-10T02:45:10.400000Z", "year": 1970, "mag": 5.0, "mag_type": "Mb", "depth_km": 53.0, "mb": 5.0}}, {"type": "Feature", "geometry": {"type": "Point", "coordinates": [123.97, 11.78]}, "properties": {"id": "PH-0803", "datetime_utc": "1970-11-13T14:16:21.700000Z", "year": 1970, "mag": 5.5, "mag_type": "Mb", "depth_km": 18.0, "mb": 5.5}}, {"type": "Feature", "geometry": {"type": "Point", "coordinates": [127.13, 2.19]}, "properties": {"id": "PH-0804", "datetime_utc": "1970-11-14T00:57:17Z", "year": 1970, "mag": 5.6, "mag_type": "Mb", "depth_km": 16.0, "mb": 5.6}}, {"type": "Feature", "geometry": {"type": "Point", "coordinates": [128.47, 2.74]}, "properties": {"id": "PH-0805", "datetime_utc": "1970-11-18T22:31:49.700000Z", "year": 1970, "mag": 5.2, "mag_type": "Mb", "depth_km": 207.0, "mb": 5.2}}, {"type": "Feature", "geometry": {"type": "Point", "coordinates": [128.48, 2.11]}, "properties": {"id": "PH-0806", "datetime_utc": "1970-11-21T02:51:00Z", "year": 1970, "mag": 5.5, "mag_type": "Mb", "depth_km": 73.0, "mb": 5.5}}, {"type": "Feature", "geometry": {"type": "Point", "coordinates": [120.13, 15.01]}, "properties": {"id": "PH-0807", "datetime_utc": "1970-11-21T12:19:40.100000Z", "year": 1970, "mag": 5.2, "mag_type": "Ms", "depth_km": 53.0, "mb": 5.5, "ms": 5.2}}, {"type": "Feature", "geometry": {"type": "Point", "coordinates": [126.93, 5.87]}, "properties": {"id": "PH-0808", "datetime_utc": "1970-12-13T12:29:14.800000Z", "year": 1970, "mag": 5.0, "mag_type": "Mb", "depth_km": 148.0, "mb": 5.0}}, {"type": "Feature", "geometry": {"type": "Point", "coordinates": [123.5, 5.1]}, "properties": {"id": "PH-0809", "datetime_utc": "1970-12-18T23:50:12.800000Z", "year": 1970, "mag": 5.5, "mag_type": "Mb", "depth_km": 512.0, "mb": 5.5}}, {"type": "Feature", "geometry": {"type": "Point", "coordinates": [126.79, 9.29]}, "properties": {"id": "PH-0810", "datetime_utc": "1970-12-21T12:53:34Z", "year": 1970, "mag": 5.4, "mag_type": "Mb", "depth_km": 17.0, "mb": 5.4}}, {"type": "Feature", "geometry": {"type": "Point", "coordinates": [126.8, 9.3]}, "properties": {"id": "PH-0811", "datetime_utc": "1970-12-21T14:05:36Z", "year": 1970, "mag": 5.1, "mag_type": "Mb", "depth_km": 4.0, "mb": 5.1}}, {"type": "Feature", "geometry": {"type": "Point", "coordinates": [126.63, 2.03]}, "properties": {"id": "PH-0812", "datetime_utc": "1971-01-14T09:22:00Z", "year": 1971, "mag": 5.2, "mag_type": "Mb", "depth_km": 72.0, "mb": 5.2}}, {"type": "Feature", "geometry": {"type": "Point", "coordinates": [126.96, 6.16]}, "properties": {"id": "PH-0813", "datetime_utc": "1971-01-27T03:51:31.900000Z", "year": 1971, "mag": 5.2, "mag_type": "Mb", "depth_km": 33.0, "mb": 5.2}}, {"type": "Feature", "geometry": {"type": "Point", "coordinates": [126.89, 2.19]}, "properties": {"id": "PH-0814", "datetime_utc": "1971-02-06T08:17:48.600000Z", "year": 1971, "mag": 5.6, "mag_type": "Mb", "depth_km": 33.0, "mb": 5.6}}, {"type": "Feature", "geometry": {"type": "Point", "coordinates": [127.67, 2.19]}, "properties": {"id": "PH-0815", "datetime_utc": "1971-02-06T09:31:35.200000Z", "year": 1971, "mag": 5.2, "mag_type": "Mb", "depth_km": 67.0, "mb": 5.2}}, {"type": "Feature", "geometry": {"type": "Point", "coordinates": [126.99, 2.22]}, "properties": {"id": "PH-0816", "datetime_utc": "1971-02-09T20:59:23.600000Z", "year": 1971, "mag": 5.1, "mag_type": "Mb", "depth_km": 54.0, "mb": 5.1}}, {"type": "Feature", "geometry": {"type": "Point", "coordinates": [121.99, 21.33]}, "properties": {"id": "PH-0817", "datetime_utc": "1971-02-11T17:53:56.100000Z", "year": 1971, "mag": 5.1, "mag_type": "Mb", "depth_km": 48.0, "mb": 5.1}}, {"type": "Feature", "geometry": {"type": "Point", "coordinates": [126.72, 2.19]}, "properties": {"id": "PH-0818", "datetime_utc": "1971-02-14T14:25:03Z", "year": 1971, "mag": 5.3, "mag_type": "Mb", "depth_km": 55.0, "mb": 5.3}}, {"type": "Feature", "geometry": {"type": "Point", "coordinates": [122.86, 3.38]}, "properties": {"id": "PH-0819", "datetime_utc": "1971-02-20T23:46:41.600000Z", "year": 1971, "mag": 5.0, "mag_type": "Mb", "depth_km": 537.0, "mb": 5.0}}, {"type": "Feature", "geometry": {"type": "Point", "coordinates": [126.93, 2.22]}, "properties": {"id": "PH-0820", "datetime_utc": "1971-02-22T22:08:27.800000Z", "year": 1971, "mag": 5.1, "mag_type": "Mb", "depth_km": 33.0, "mb": 5.1}}, {"type": "Feature", "geometry": {"type": "Point", "coordinates": [126.7, 5.87]}, "properties": {"id": "PH-0821", "datetime_utc": "1971-02-25T14:36:02.200000Z", "year": 1971, "mag": 5.6, "mag_type": "Mb", "depth_km": 88.0, "mb": 5.6}}, {"type": "Feature", "geometry": {"type": "Point", "coordinates": [125.89, 9.62]}, "properties": {"id": "PH-0822", "datetime_utc": "1971-02-28T18:16:49.400000Z", "year": 1971, "mag": 5.1, "mag_type": "Mb", "depth_km": 90.0, "mb": 5.1}}, {"type": "Feature", "geometry": {"type": "Point", "coordinates": [126.76, 2.42]}, "properties": {"id": "PH-0823", "datetime_utc": "1971-03-07T07:27:07Z", "year": 1971, "mag": 5.0, "mag_type": "Mb", "depth_km": 57.0, "mb": 5.0}}, {"type": "Feature", "geometry": {"type": "Point", "coordinates": [127.87, 7.69]}, "properties": {"id": "PH-0824", "datetime_utc": "1971-03-08T11:01:17.600000Z", "year": 1971, "mag": 5.0, "mag_type": "Mb", "depth_km": 76.0, "mb": 5.0}}, {"type": "Feature", "geometry": {"type": "Point", "coordinates": [126.78, 2.22]}, "properties": {"id": "PH-0825", "datetime_utc": "1971-03-11T11:08:23.600000Z", "year": 1971, "mag": 5.4, "mag_type": "Mb", "depth_km": 57.0, "mb": 5.4}}, {"type": "Feature", "geometry": {"type": "Point", "coordinates": [119.81, 18.81]}, "properties": {"id": "PH-0826", "datetime_utc": "1971-03-12T22:32:51Z", "year": 1971, "mag": 5.0, "mag_type": "Mb", "depth_km": 44.0, "mb": 5.0}}, {"type": "Feature", "geometry": {"type": "Point", "coordinates": [127.12, 8.3]}, "properties": {"id": "PH-0827", "datetime_utc": "1971-03-16T20:35:18.800000Z", "year": 1971, "mag": 5.7, "mag_type": "Mb", "depth_km": 52.0, "mb": 5.7}}, {"type": "Feature", "geometry": {"type": "Point", "coordinates": [126.72, 7.97]}, "properties": {"id": "PH-0828", "datetime_utc": "1971-03-18T09:45:03.800000Z", "year": 1971, "mag": 5.0, "mag_type": "Mb", "depth_km": 43.0, "mb": 5.0}}, {"type": "Feature", "geometry": {"type": "Point", "coordinates": [126.84, 2.16]}, "properties": {"id": "PH-0829", "datetime_utc": "1971-03-19T16:45:30.100000Z", "year": 1971, "mag": 5.4, "mag_type": "Mb", "depth_km": 33.0, "mb": 5.4}}, {"type": "Feature", "geometry": {"type": "Point", "coordinates": [126.7, 2.22]}, "properties": {"id": "PH-0830", "datetime_utc": "1971-03-19T16:52:50.900000Z", "year": 1971, "mag": 5.4, "mag_type": "Mb", "depth_km": 33.0, "mb": 5.4}}, {"type": "Feature", "geometry": {"type": "Point", "coordinates": [125.7, 8.93]}, "properties": {"id": "PH-0831", "datetime_utc": "1971-03-24T20:24:27.300000Z", "year": 1971, "mag": 5.5, "mag_type": "Mb", "depth_km": 59.0, "mb": 5.5}}, {"type": "Feature", "geometry": {"type": "Point", "coordinates": [126.41, 4.66]}, "properties": {"id": "PH-0832", "datetime_utc": "1971-03-24T21:28:13.800000Z", "year": 1971, "mag": 5.1, "mag_type": "Mb", "depth_km": 93.0, "mb": 5.1}}, {"type": "Feature", "geometry": {"type": "Point", "coordinates": [126.51, 3.1]}, "properties": {"id": "PH-0833", "datetime_utc": "1971-03-26T18:53:02.600000Z", "year": 1971, "mag": 5.3, "mag_type": "Mb", "depth_km": 66.0, "mb": 5.3}}, {"type": "Feature", "geometry": {"type": "Point", "coordinates": [125.71, 9.01]}, "properties": {"id": "PH-0834", "datetime_utc": "1971-03-31T09:14:03.800000Z", "year": 1971, "mag": 5.1, "mag_type": "Mb", "depth_km": 49.0, "mb": 5.1}}, {"type": "Feature", "geometry": {"type": "Point", "coordinates": [125.68, 8.95]}, "properties": {"id": "PH-0835", "datetime_utc": "1971-03-31T10:23:57.300000Z", "year": 1971, "mag": 5.4, "mag_type": "Mb", "depth_km": 33.0, "mb": 5.4}}, {"type": "Feature", "geometry": {"type": "Point", "coordinates": [125.68, 8.94]}, "properties": {"id": "PH-0836", "datetime_utc": "1971-04-02T04:16:08.800000Z", "year": 1971, "mag": 5.0, "mag_type": "Mb", "depth_km": 31.0, "mb": 5.0}}, {"type": "Feature", "geometry": {"type": "Point", "coordinates": [128.21, 2.83]}, "properties": {"id": "PH-0837", "datetime_utc": "1971-04-03T16:19:25.700000Z", "year": 1971, "mag": 5.2, "mag_type": "Mb", "depth_km": 33.0, "mb": 5.2}}, {"type": "Feature", "geometry": {"type": "Point", "coordinates": [129.12, 2.44]}, "properties": {"id": "PH-0838", "datetime_utc": "1971-04-07T04:59:39.400000Z", "year": 1971, "mag": 6.5, "mag_type": "Mb", "depth_km": 47.0, "mb": 6.5}}, {"type": "Feature", "geometry": {"type": "Point", "coordinates": [129.4, 3.5]}, "properties": {"id": "PH-0839", "datetime_utc": "1971-04-07T06:50:11Z", "year": 1971, "mag": 5.1, "mag_type": "Mb", "depth_km": 33.0, "mb": 5.1}}, {"type": "Feature", "geometry": {"type": "Point", "coordinates": [129.2, 2.56]}, "properties": {"id": "PH-0840", "datetime_utc": "1971-04-07T07:03:53.700000Z", "year": 1971, "mag": 5.0, "mag_type": "Mb", "depth_km": 33.0, "mb": 5.0}}, {"type": "Feature", "geometry": {"type": "Point", "coordinates": [129.16, 2.38]}, "properties": {"id": "PH-0841", "datetime_utc": "1971-04-08T20:04:28.300000Z", "year": 1971, "mag": 5.3, "mag_type": "Mb", "depth_km": 54.0, "mb": 5.3}}, {"type": "Feature", "geometry": {"type": "Point", "coordinates": [123.59, 5.08]}, "properties": {"id": "PH-0842", "datetime_utc": "1971-04-09T13:48:32.100000Z", "year": 1971, "mag": 5.1, "mag_type": "Mb", "depth_km": 493.0, "mb": 5.1}}, {"type": "Feature", "geometry": {"type": "Point", "coordinates": [127.12, 6.05]}, "properties": {"id": "PH-0843", "datetime_utc": "1971-04-16T17:55:52Z", "year": 1971, "mag": 5.1, "mag_type": "Mb", "depth_km": 212.0, "mb": 5.1}}, {"type": "Feature", "geometry": {"type": "Point", "coordinates": [126.5, 4.74]}, "properties": {"id": "PH-0844", "datetime_utc": "1971-04-20T16:13:21Z", "year": 1971, "mag": 5.6, "mag_type": "Mb", "depth_km": 79.0, "mb": 5.6}}, {"type": "Feature", "geometry": {"type": "Point", "coordinates": [121.22, 19.21]}, "properties": {"id": "PH-0845", "datetime_utc": "1971-04-27T10:04:06.300000Z", "year": 1971, "mag": 5.0, "mag_type": "Mb", "depth_km": 10.0, "mb": 5.0}}, {"type": "Feature", "geometry": {"type": "Point", "coordinates": [120.72, 18.25]}, "properties": {"id": "PH-0846", "datetime_utc": "1971-04-29T00:46:45.400000Z", "year": 1971, "mag": 5.2, "mag_type": "Mb", "depth_km": 33.0, "mb": 5.2}}, {"type": "Feature", "geometry": {"type": "Point", "coordinates": [122.0, 19.7]}, "properties": {"id": "PH-0847", "datetime_utc": "1971-04-29T15:02:42Z", "year": 1971, "mag": 5.3, "mag_type": "Mb", "depth_km": 40.0, "mb": 5.3}}, {"type": "Feature", "geometry": {"type": "Point", "coordinates": [122.34, 12.64]}, "properties": {"id": "PH-0848", "datetime_utc": "1971-04-29T19:56:11.600000Z", "year": 1971, "mag": 5.7, "mag_type": "Mb", "depth_km": 4.0, "mb": 5.7}}, {"type": "Feature", "geometry": {"type": "Point", "coordinates": [122.3, 13.0]}, "properties": {"id": "PH-0849", "datetime_utc": "1971-04-29T19:56:24Z", "year": 1971, "mag": 6.0, "mag_type": "Mb", "depth_km": 90.0, "mb": 6.0}}, {"type": "Feature", "geometry": {"type": "Point", "coordinates": [127.55, 4.65]}, "properties": {"id": "PH-0850", "datetime_utc": "1971-04-30T11:20:39.400000Z", "year": 1971, "mag": 5.2, "mag_type": "Mb", "depth_km": 103.0, "mb": 5.2}}, {"type": "Feature", "geometry": {"type": "Point", "coordinates": [124.14, 8.84]}, "properties": {"id": "PH-0851", "datetime_utc": "1971-05-03T06:19:05.700000Z", "year": 1971, "mag": 5.6, "mag_type": "Mb", "depth_km": 68.0, "mb": 5.6}}, {"type": "Feature", "geometry": {"type": "Point", "coordinates": [127.5, 5.8]}, "properties": {"id": "PH-0852", "datetime_utc": "1971-05-04T04:47:23Z", "year": 1971, "mag": 5.0, "mag_type": "Mb", "depth_km": 33.0, "mb": 5.0}}, {"type": "Feature", "geometry": {"type": "Point", "coordinates": [121.4, 19.9]}, "properties": {"id": "PH-0853", "datetime_utc": "1971-05-05T01:43:14Z", "year": 1971, "mag": 5.2, "mag_type": "Mb", "depth_km": 33.0, "mb": 5.2}}, {"type": "Feature", "geometry": {"type": "Point", "coordinates": [125.99, 5.53]}, "properties": {"id": "PH-0854", "datetime_utc": "1971-05-08T18:09:21.900000Z", "year": 1971, "mag": 5.1, "mag_type": "Mb", "depth_km": 114.0, "mb": 5.1}}, {"type": "Feature", "geometry": {"type": "Point", "coordinates": [126.84, 7.96]}, "properties": {"id": "PH-0855", "datetime_utc": "1971-05-10T11:53:53Z", "year": 1971, "mag": 5.8, "mag_type": "Mb", "depth_km": 33.0, "mb": 5.8}}, {"type": "Feature", "geometry": {"type": "Point", "coordinates": [129.13, 12.38]}, "properties": {"id": "PH-0856", "datetime_utc": "1971-05-19T11:06:31.400000Z", "year": 1971, "mag": 5.3, "mag_type": "Mb", "depth_km": 45.0, "mb": 5.3}}, {"type": "Feature", "geometry": {"type": "Point", "coordinates": [124.45, 9.37]}, "properties": {"id": "PH-0857", "datetime_utc": "1971-05-24T18:26:01.500000Z", "year": 1971, "mag": 5.0, "mag_type": "Mb", "depth_km": 540.0, "mb": 5.0}}, {"type": "Feature", "geometry": {"type": "Point", "coordinates": [120.5, 17.9]}, "properties": {"id": "PH-0858", "datetime_utc": "1971-06-01T00:26:09Z", "year": 1971, "mag": 5.2, "mag_type": "Mb", "depth_km": 33.0, "mb": 5.2}}, {"type": "Feature", "geometry": {"type": "Point", "coordinates": [120.29, 18.02]}, "properties": {"id": "PH-0859", "datetime_utc": "1971-06-01T00:26:13.600000Z", "year": 1971, "mag": 5.0, "mag_type": "Mb", "depth_km": 595.0, "mb": 5.0}}, {"type": "Feature", "geometry": {"type": "Point", "coordinates": [120.84, 20.2]}, "properties": {"id": "PH-0860", "datetime_utc": "1971-06-01T19:23:44.800000Z", "year": 1971, "mag": 5.1, "mag_type": "Mb", "depth_km": 33.0, "mb": 5.1}}, {"type": "Feature", "geometry": {"type": "Point", "coordinates": [126.16, 6.05]}, "properties": {"id": "PH-0861", "datetime_utc": "1971-06-05T09:20:54Z", "year": 1971, "mag": 5.5, "mag_type": "Mb", "depth_km": 67.0, "mb": 5.5}}, {"type": "Feature", "geometry": {"type": "Point", "coordinates": [124.43, 7.48]}, "properties": {"id": "PH-0862", "datetime_utc": "1971-06-06T12:06:59Z", "year": 1971, "mag": 5.1, "mag_type": "Mb", "depth_km": 54.0, "mb": 5.1}}, {"type": "Feature", "geometry": {"type": "Point", "coordinates": [119.53, 18.84]}, "properties": {"id": "PH-0863", "datetime_utc": "1971-06-15T05:27:34.900000Z", "year": 1971, "mag": 5.1, "mag_type": "Mb", "depth_km": 52.0, "mb": 5.1}}, {"type": "Feature", "geometry": {"type": "Point", "coordinates": [123.89, 12.27]}, "properties": {"id": "PH-0864", "datetime_utc": "1971-07-02T05:34:27.300000Z", "year": 1971, "mag": 5.3, "mag_type": "Mb", "depth_km": 35.0, "mb": 5.3}}, {"type": "Feature", "geometry": {"type": "Point", "coordinates": [121.87, 15.6]}, "properties": {"id": "PH-0865", "datetime_utc": "1971-07-04T11:30:51.100000Z", "year": 1971, "mag": 5.1, "mag_type": "Ms", "depth_km": 30.0, "mb": 5.5, "ms": 5.1}}, {"type": "Feature", "geometry": {"type": "Point", "coordinates": [121.85, 15.6]}, "properties": {"id": "PH-0866", "datetime_utc": "1971-07-04T11:30:53.800000Z", "year": 1971, "mag": 5.5, "mag_type": "Mb", "depth_km": 50.0, "mb": 5.5}}, {"type": "Feature", "geometry": {"type": "Point", "coordinates": [126.17, 9.33]}, "properties": {"id": "PH-0867", "datetime_utc": "1971-07-14T00:01:49.200000Z", "year": 1971, "mag": 5.4, "mag_type": "Mb", "depth_km": 73.0, "mb": 5.4}}, {"type": "Feature", "geometry": {"type": "Point", "coordinates": [128.6, 2.55]}, "properties": {"id": "PH-0868", "datetime_utc": "1971-07-14T02:57:44.500000Z", "year": 1971, "mag": 5.5, "mag_type": "Mb", "depth_km": 240.0, "mb": 5.5}}, {"type": "Feature", "geometry": {"type": "Point", "coordinates": [129.32, 2.63]}, "properties": {"id": "PH-0869", "datetime_utc": "1971-07-14T23:00:05.900000Z", "year": 1971, "mag": 5.5, "mag_type": "Mb", "depth_km": 41.0, "mb": 5.5}}, {"type": "Feature", "geometry": {"type": "Point", "coordinates": [127.67, 4.93]}, "properties": {"id": "PH-0870", "datetime_utc": "1971-07-16T02:35:25Z", "year": 1971, "mag": 5.3, "mag_type": "Mb", "depth_km": 142.0, "mb": 5.3}}, {"type": "Feature", "geometry": {"type": "Point", "coordinates": [128.13, 2.34]}, "properties": {"id": "PH-0871", "datetime_utc": "1971-07-17T16:18:04.800000Z", "year": 1971, "mag": 5.2, "mag_type": "Mb", "depth_km": 110.0, "mb": 5.2}}, {"type": "Feature", "geometry": {"type": "Point", "coordinates": [120.26, 15.27]}, "properties": {"id": "PH-0872", "datetime_utc": "1971-07-20T10:34:11.500000Z", "year": 1971, "mag": 5.4, "mag_type": "Mb", "depth_km": 33.0, "mb": 5.4}}, {"type": "Feature", "geometry": {"type": "Point", "coordinates": [122.9, 7.8]}, "properties": {"id": "PH-0873", "datetime_utc": "1971-07-22T07:19:40Z", "year": 1971, "mag": 5.0, "mag_type": "Mb", "depth_km": 33.0, "mb": 5.0}}, {"type": "Feature", "geometry": {"type": "Point", "coordinates": [123.68, 12.36]}, "properties": {"id": "PH-0874", "datetime_utc": "1971-07-25T12:51:42Z", "year": 1971, "mag": 5.6, "mag_type": "Mb", "depth_km": 33.0, "mb": 5.6}}, {"type": "Feature", "geometry": {"type": "Point", "coordinates": [123.3, 12.32]}, "properties": {"id": "PH-0875", "datetime_utc": "1971-07-27T16:31:58.600000Z", "year": 1971, "mag": 5.2, "mag_type": "Mb", "depth_km": 33.0, "mb": 5.2}}, {"type": "Feature", "geometry": {"type": "Point", "coordinates": [125.9, 5.85]}, "properties": {"id": "PH-0876", "datetime_utc": "1971-08-04T21:23:36Z", "year": 1971, "mag": 5.1, "mag_type": "Mb", "depth_km": 81.0, "mb": 5.1}}, {"type": "Feature", "geometry": {"type": "Point", "coordinates": [127.38, 6.32]}, "properties": {"id": "PH-0877", "datetime_utc": "1971-08-29T03:35:15.100000Z", "year": 1971, "mag": 5.4, "mag_type": "Mb", "depth_km": 58.0, "mb": 5.4}}, {"type": "Feature", "geometry": {"type": "Point", "coordinates": [126.25, 9.01]}, "properties": {"id": "PH-0878", "datetime_utc": "1971-08-29T09:29:35.900000Z", "year": 1971, "mag": 5.2, "mag_type": "Mb", "depth_km": 70.0, "mb": 5.2}}, {"type": "Feature", "geometry": {"type": "Point", "coordinates": [126.4, 5.85]}, "properties": {"id": "PH-0879", "datetime_utc": "1971-09-26T03:20:07.700000Z", "year": 1971, "mag": 5.3, "mag_type": "Mb", "depth_km": 120.0, "mb": 5.3}}, {"type": "Feature", "geometry": {"type": "Point", "coordinates": [125.79, 3.22]}, "properties": {"id": "PH-0880", "datetime_utc": "1971-09-26T15:25:18Z", "year": 1971, "mag": 5.3, "mag_type": "Mb", "depth_km": 48.0, "mb": 5.3}}, {"type": "Feature", "geometry": {"type": "Point", "coordinates": [126.0, 3.74]}, "properties": {"id": "PH-0881", "datetime_utc": "1971-09-28T14:04:41.900000Z", "year": 1971, "mag": 5.9, "mag_type": "Mb", "depth_km": 169.0, "mb": 5.9}}, {"type": "Feature", "geometry": {"type": "Point", "coordinates": [122.51, 21.59]}, "properties": {"id": "PH-0882", "datetime_utc": "1971-10-09T21:30:39.100000Z", "year": 1971, "mag": 5.2, "mag_type": "Mb", "depth_km": 39.0, "mb": 5.2}}, {"type": "Feature", "geometry": {"type": "Point", "coordinates": [121.14, 19.03]}, "properties": {"id": "PH-0883", "datetime_utc": "1971-10-15T02:33:16.100000Z", "year": 1971, "mag": 5.1, "mag_type": "Mb", "depth_km": 60.0, "mb": 5.1}}, {"type": "Feature", "geometry": {"type": "Point", "coordinates": [121.35, 21.93]}, "properties": {"id": "PH-0884", "datetime_utc": "1971-10-20T08:40:19Z", "year": 1971, "mag": 5.5, "mag_type": "Mb", "depth_km": 35.0, "mb": 5.5}}, {"type": "Feature", "geometry": {"type": "Point", "coordinates": [125.95, 10.26]}, "properties": {"id": "PH-0885", "datetime_utc": "1971-10-24T22:22:56.400000Z", "year": 1971, "mag": 5.2, "mag_type": "Mb", "depth_km": 55.0, "mb": 5.2}}, {"type": "Feature", "geometry": {"type": "Point", "coordinates": [120.11, 17.43]}, "properties": {"id": "PH-0886", "datetime_utc": "1971-10-27T09:27:18.600000Z", "year": 1971, "mag": 5.4, "mag_type": "Mb", "depth_km": 51.0, "mb": 5.4}}, {"type": "Feature", "geometry": {"type": "Point", "coordinates": [126.45, 4.51]}, "properties": {"id": "PH-0887", "datetime_utc": "1971-10-28T02:28:22.300000Z", "year": 1971, "mag": 5.0, "mag_type": "Mb", "depth_km": 91.0, "mb": 5.0}}, {"type": "Feature", "geometry": {"type": "Point", "coordinates": [123.4, 3.8]}, "properties": {"id": "PH-0888", "datetime_utc": "1971-10-28T17:22:22.900000Z", "year": 1971, "mag": 5.4, "mag_type": "Mb", "depth_km": 464.0, "mb": 5.4}}, {"type": "Feature", "geometry": {"type": "Point", "coordinates": [122.44, 17.82]}, "properties": {"id": "PH-0889", "datetime_utc": "1971-11-03T01:38:52.400000Z", "year": 1971, "mag": 5.0, "mag_type": "Mb", "depth_km": 69.0, "mb": 5.0}}, {"type": "Feature", "geometry": {"type": "Point", "coordinates": [126.51, 5.77]}, "properties": {"id": "PH-0890", "datetime_utc": "1971-11-08T22:43:00.600000Z", "year": 1971, "mag": 5.7, "mag_type": "Mb", "depth_km": 164.0, "mb": 5.7}}, {"type": "Feature", "geometry": {"type": "Point", "coordinates": [121.32, 19.93]}, "properties": {"id": "PH-0891", "datetime_utc": "1971-11-09T03:39:27.700000Z", "year": 1971, "mag": 5.2, "mag_type": "Mb", "depth_km": 48.0, "mb": 5.2}}, {"type": "Feature", "geometry": {"type": "Point", "coordinates": [126.61, 8.1]}, "properties": {"id": "PH-0892", "datetime_utc": "1971-12-04T15:55:45Z", "year": 1971, "mag": 5.1, "mag_type": "Mb", "depth_km": 54.0, "mb": 5.1}}, {"type": "Feature", "geometry": {"type": "Point", "coordinates": [128.02, 3.7]}, "properties": {"id": "PH-0893", "datetime_utc": "1971-12-07T06:23:11.800000Z", "year": 1971, "mag": 6.0, "mag_type": "Mb", "depth_km": 69.0, "mb": 6.0}}, {"type": "Feature", "geometry": {"type": "Point", "coordinates": [126.7, 6.28]}, "properties": {"id": "PH-0894", "datetime_utc": "1971-12-17T03:56:09Z", "year": 1971, "mag": 5.1, "mag_type": "Mb", "depth_km": 96.0, "mb": 5.1}}, {"type": "Feature", "geometry": {"type": "Point", "coordinates": [120.99, 21.77]}, "properties": {"id": "PH-0895", "datetime_utc": "1971-12-24T21:12:11Z", "year": 1971, "mag": 5.0, "mag_type": "Mb", "depth_km": 33.0, "mb": 5.0}}, {"type": "Feature", "geometry": {"type": "Point", "coordinates": [125.85, 4.38]}, "properties": {"id": "PH-0896", "datetime_utc": "1971-12-28T22:42:46.900000Z", "year": 1971, "mag": 5.3, "mag_type": "Mb", "depth_km": 124.0, "mb": 5.3}}, {"type": "Feature", "geometry": {"type": "Point", "coordinates": [123.26, 6.9]}, "properties": {"id": "PH-0897", "datetime_utc": "1971-12-31T22:37:25Z", "year": 1971, "mag": 5.5, "mag_type": "Mb", "depth_km": 6.0, "mb": 5.5}}, {"type": "Feature", "geometry": {"type": "Point", "coordinates": [120.21, 20.87]}, "properties": {"id": "PH-0898", "datetime_utc": "1972-01-08T05:27:52.900000Z", "year": 1972, "mag": 6.2, "mag_type": "Mb", "depth_km": 33.0, "mb": 6.2}}, {"type": "Feature", "geometry": {"type": "Point", "coordinates": [120.2, 20.9]}, "properties": {"id": "PH-0899", "datetime_utc": "1972-01-08T05:28:00Z", "year": 1972, "mag": 7.3, "mag_type": "Mb", "depth_km": 90.0, "mb": 7.3}}, {"type": "Feature", "geometry": {"type": "Point", "coordinates": [120.22, 21.31]}, "properties": {"id": "PH-0900", "datetime_utc": "1972-01-08T05:35:34.800000Z", "year": 1972, "mag": 5.1, "mag_type": "Mb", "depth_km": 33.0, "mb": 5.1}}, {"type": "Feature", "geometry": {"type": "Point", "coordinates": [120.3, 20.9]}, "properties": {"id": "PH-0901", "datetime_utc": "1972-01-08T08:14:00Z", "year": 1972, "mag": 5.3, "mag_type": "Mb", "depth_km": 60.0, "mb": 5.3}}, {"type": "Feature", "geometry": {"type": "Point", "coordinates": [120.28, 20.92]}, "properties": {"id": "PH-0902", "datetime_utc": "1972-01-08T14:32:14.800000Z", "year": 1972, "mag": 5.0, "mag_type": "Mb", "depth_km": 33.0, "mb": 5.0}}, {"type": "Feature", "geometry": {"type": "Point", "coordinates": [120.37, 20.9]}, "properties": {"id": "PH-0903", "datetime_utc": "1972-01-10T05:23:52.500000Z", "year": 1972, "mag": 5.0, "mag_type": "Mb", "depth_km": 32.0, "mb": 5.0}}, {"type": "Feature", "geometry": {"type": "Point", "coordinates": [120.87, 13.55]}, "properties": {"id": "PH-0904", "datetime_utc": "1972-01-14T00:01:32.900000Z", "year": 1972, "mag": 5.1, "mag_type": "Mb", "depth_km": 126.0, "mb": 5.1}}, {"type": "Feature", "geometry": {"type": "Point", "coordinates": [122.71, 3.83]}, "properties": {"id": "PH-0905", "datetime_utc": "1972-01-14T04:05:21.200000Z", "year": 1972, "mag": 5.2, "mag_type": "Mb", "depth_km": 573.0, "mb": 5.2}}, {"type": "Feature", "geometry": {"type": "Point", "coordinates": [126.48, 6.96]}, "properties": {"id": "PH-0906", "datetime_utc": "1972-01-21T15:29:23.200000Z", "year": 1972, "mag": 5.2, "mag_type": "Mb", "depth_km": 183.0, "mb": 5.2}}, {"type": "Feature", "geometry": {"type": "Point", "coordinates": [123.8, 3.52]}, "properties": {"id": "PH-0907", "datetime_utc": "1972-01-24T04:30:02.600000Z", "year": 1972, "mag": 5.3, "mag_type": "Mb", "depth_km": 427.0, "mb": 5.3}}, {"type": "Feature", "geometry": {"type": "Point", "coordinates": [124.08, 13.79]}, "properties": {"id": "PH-0908", "datetime_utc": "1972-01-24T05:49:27.300000Z", "year": 1972, "mag": 5.0, "mag_type": "Mb", "depth_km": 82.0, "mb": 5.0}}, {"type": "Feature", "geometry": {"type": "Point", "coordinates": [120.19, 20.92]}, "properties": {"id": "PH-0909", "datetime_utc": "1972-01-28T16:18:26Z", "year": 1972, "mag": 5.4, "mag_type": "Mb", "depth_km": 33.0, "mb": 5.4}}, {"type": "Feature", "geometry": {"type": "Point", "coordinates": [123.38, 18.27]}, "properties": {"id": "PH-0910", "datetime_utc": "1972-02-01T02:13:21.100000Z", "year": 1972, "mag": 5.1, "mag_type": "Mb", "depth_km": 19.0, "mb": 5.1}}, {"type": "Feature", "geometry": {"type": "Point", "coordinates": [122.05, 19.35]}, "properties": {"id": "PH-0911", "datetime_utc": "1972-02-08T03:37:52.400000Z", "year": 1972, "mag": 5.7, "mag_type": "Mb", "depth_km": 50.0, "mb": 5.7}}, {"type": "Feature", "geometry": {"type": "Point", "coordinates": [122.34, 17.5]}, "properties": {"id": "PH-0912", "datetime_utc": "1972-02-14T00:39:30.800000Z", "year": 1972, "mag": 5.2, "mag_type": "Mb", "depth_km": 54.0, "mb": 5.2}}, {"type": "Feature", "geometry": {"type": "Point", "coordinates": [120.42, 18.19]}, "properties": {"id": "PH-0913", "datetime_utc": "1972-02-29T13:00:45Z", "year": 1972, "mag": 5.5, "mag_type": "Mb", "depth_km": 34.0, "mb": 5.5}}, {"type": "Feature", "geometry": {"type": "Point", "coordinates": [121.81, 15.69]}, "properties": {"id": "PH-0914", "datetime_utc": "1972-03-16T05:09:06.200000Z", "year": 1972, "mag": 5.1, "mag_type": "Mb", "depth_km": 53.0, "mb": 5.1}}, {"type": "Feature", "geometry": {"type": "Point", "coordinates": [124.44, 5.98]}, "properties": {"id": "PH-0915", "datetime_utc": "1972-03-16T21:47:51.200000Z", "year": 1972, "mag": 5.0, "mag_type": "Mb", "depth_km": 67.0, "mb": 5.0}}, {"type": "Feature", "geometry": {"type": "Point", "coordinates": [125.54, 3.74]}, "properties": {"id": "PH-0916", "datetime_utc": "1972-03-24T15:40:38.800000Z", "year": 1972, "mag": 5.3, "mag_type": "Mb", "depth_km": 33.0, "mb": 5.3}}, {"type": "Feature", "geometry": {"type": "Point", "coordinates": [123.75, 7.15]}, "properties": {"id": "PH-0917", "datetime_utc": "1972-03-24T17:17:40.700000Z", "year": 1972, "mag": 5.5, "mag_type": "Mb", "depth_km": 33.0, "mb": 5.5}}, {"type": "Feature", "geometry": {"type": "Point", "coordinates": [123.77, 7.13]}, "properties": {"id": "PH-0918", "datetime_utc": "1972-03-24T19:31:33.400000Z", "year": 1972, "mag": 5.5, "mag_type": "Mb", "depth_km": 33.0, "mb": 5.5}}, {"type": "Feature", "geometry": {"type": "Point", "coordinates": [120.76, 13.52]}, "properties": {"id": "PH-0919", "datetime_utc": "1972-03-28T08:29:20.600000Z", "year": 1972, "mag": 5.8, "mag_type": "Mb", "depth_km": 165.0, "mb": 5.8}}, {"type": "Feature", "geometry": {"type": "Point", "coordinates": [120.3, 21.4]}, "properties": {"id": "PH-0920", "datetime_utc": "1972-04-04T01:36:17Z", "year": 1972, "mag": 5.0, "mag_type": "Mb", "depth_km": 94.0, "mb": 5.0}}, {"type": "Feature", "geometry": {"type": "Point", "coordinates": [125.62, 11.19]}, "properties": {"id": "PH-0921", "datetime_utc": "1972-04-05T07:19:38.500000Z", "year": 1972, "mag": 5.2, "mag_type": "Mb", "depth_km": 137.0, "mb": 5.2}}, {"type": "Feature", "geometry": {"type": "Point", "coordinates": [127.06, 6.62]}, "properties": {"id": "PH-0922", "datetime_utc": "1972-04-05T15:16:55.500000Z", "year": 1972, "mag": 5.0, "mag_type": "Mb", "depth_km": 90.0, "mb": 5.0}}, {"type": "Feature", "geometry": {"type": "Point", "coordinates": [121.91, 21.37]}, "properties": {"id": "PH-0923", "datetime_utc": "1972-04-10T00:45:19.700000Z", "year": 1972, "mag": 5.0, "mag_type": "Mb", "depth_km": 102.0, "mb": 5.0}}, {"type": "Feature", "geometry": {"type": "Point", "coordinates": [119.74, 14.89]}, "properties": {"id": "PH-0924", "datetime_utc": "1972-04-14T12:44:13.200000Z", "year": 1972, "mag": 5.0, "mag_type": "Mb", "depth_km": 47.0, "mb": 5.0}}, {"type": "Feature", "geometry": {"type": "Point", "coordinates": [125.41, 4.45]}, "properties": {"id": "PH-0925", "datetime_utc": "1972-04-16T20:44:14.200000Z", "year": 1972, "mag": 5.0, "mag_type": "Mb", "depth_km": 245.0, "mb": 5.0}}, {"type": "Feature", "geometry": {"type": "Point", "coordinates": [126.1, 4.07]}, "properties": {"id": "PH-0926", "datetime_utc": "1972-04-20T03:41:05.100000Z", "year": 1972, "mag": 5.2, "mag_type": "Mb", "depth_km": 157.0, "mb": 5.2}}, {"type": "Feature", "geometry": {"type": "Point", "coordinates": [126.1, 9.76]}, "properties": {"id": "PH-0927", "datetime_utc": "1972-04-22T21:09:46.800000Z", "year": 1972, "mag": 5.1, "mag_type": "Mb", "depth_km": 58.0, "mb": 5.1}}, {"type": "Feature", "geometry": {"type": "Point", "coordinates": [120.31, 13.37]}, "properties": {"id": "PH-0928", "datetime_utc": "1972-04-25T19:30:09.300000Z", "year": 1972, "mag": 7.2, "mag_type": "Mb", "depth_km": 50.0, "mb": 7.2}}, {"type": "Feature", "geometry": {"type": "Point", "coordinates": [120.3, 14.2]}, "properties": {"id": "PH-0929", "datetime_utc": "1972-04-25T20:37:42.500000Z", "year": 1972, "mag": 5.3, "mag_type": "Mb", "depth_km": 33.0, "mb": 5.3}}, {"type": "Feature", "geometry": {"type": "Point", "coordinates": [120.41, 13.55]}, "properties": {"id": "PH-0930", "datetime_utc": "1972-04-25T20:37:48.700000Z", "year": 1972, "mag": 5.0, "mag_type": "Mb", "depth_km": 79.0, "mb": 5.0}}, {"type": "Feature", "geometry": {"type": "Point", "coordinates": [120.52, 13.52]}, "properties": {"id": "PH-0931", "datetime_utc": "1972-04-25T20:46:35.900000Z", "year": 1972, "mag": 5.4, "mag_type": "Mb", "depth_km": 33.0, "mb": 5.4}}, {"type": "Feature", "geometry": {"type": "Point", "coordinates": [120.51, 13.51]}, "properties": {"id": "PH-0932", "datetime_utc": "1972-04-26T04:30:19.500000Z", "year": 1972, "mag": 5.1, "mag_type": "Mb", "depth_km": 72.0, "mb": 5.1}}, {"type": "Feature", "geometry": {"type": "Point", "coordinates": [120.55, 13.55]}, "properties": {"id": "PH-0933", "datetime_utc": "1972-04-26T06:18:44.900000Z", "year": 1972, "mag": 5.2, "mag_type": "Mb", "depth_km": 33.0, "mb": 5.2}}, {"type": "Feature", "geometry": {"type": "Point", "coordinates": [120.61, 13.49]}, "properties": {"id": "PH-0934", "datetime_utc": "1972-04-26T06:43:42.900000Z", "year": 1972, "mag": 5.0, "mag_type": "Mb", "depth_km": 63.0, "mb": 5.0}}, {"type": "Feature", "geometry": {"type": "Point", "coordinates": [120.67, 13.49]}, "properties": {"id": "PH-0935", "datetime_utc": "1972-04-26T08:38:34.600000Z", "year": 1972, "mag": 5.3, "mag_type": "Mb", "depth_km": 71.0, "mb": 5.3}}, {"type": "Feature", "geometry": {"type": "Point", "coordinates": [120.35, 13.17]}, "properties": {"id": "PH-0936", "datetime_utc": "1972-04-26T09:44:23.600000Z", "year": 1972, "mag": 5.0, "mag_type": "Mb", "depth_km": 50.0, "mb": 5.0}}, {"type": "Feature", "geometry": {"type": "Point", "coordinates": [120.1, 13.4]}, "properties": {"id": "PH-0937", "datetime_utc": "1972-04-26T14:55:39Z", "year": 1972, "mag": 5.0, "mag_type": "Mb", "depth_km": 33.0, "mb": 5.0}}, {"type": "Feature", "geometry": {"type": "Point", "coordinates": [120.34, 13.22]}, "properties": {"id": "PH-0938", "datetime_utc": "1972-04-26T15:55:59.300000Z", "year": 1972, "mag": 5.1, "mag_type": "Mb", "depth_km": 40.0, "mb": 5.1}}, {"type": "Feature", "geometry": {"type": "Point", "coordinates": [120.3, 12.23]}, "properties": {"id": "PH-0939", "datetime_utc": "1972-04-26T16:01:13.300000Z", "year": 1972, "mag": 5.1, "mag_type": "Mb", "depth_km": 56.0, "mb": 5.1}}, {"type": "Feature", "geometry": {"type": "Point", "coordinates": [120.58, 13.43]}, "properties": {"id": "PH-0940", "datetime_utc": "1972-04-26T17:35:08.400000Z", "year": 1972, "mag": 5.2, "mag_type": "Mb", "depth_km": 53.0, "mb": 5.2}}, {"type": "Feature", "geometry": {"type": "Point", "coordinates": [127.18, 5.64]}, "properties": {"id": "PH-0941", "datetime_utc": "1972-04-26T20:50:36.900000Z", "year": 1972, "mag": 5.3, "mag_type": "Mb", "depth_km": 127.0, "mb": 5.3}}, {"type": "Feature", "geometry": {"type": "Point", "coordinates": [120.59, 13.41]}, "properties": {"id": "PH-0942", "datetime_utc": "1972-04-26T21:34:53.900000Z", "year": 1972, "mag": 5.0, "mag_type": "Mb", "depth_km": 44.0, "mb": 5.0}}, {"type": "Feature", "geometry": {"type": "Point", "coordinates": [120.68, 13.51]}, "properties": {"id": "PH-0943", "datetime_utc": "1972-04-27T01:29:38.200000Z", "year": 1972, "mag": 5.4, "mag_type": "Mb", "depth_km": 72.0, "mb": 5.4}}, {"type": "Feature", "geometry": {"type": "Point", "coordinates": [120.44, 13.44]}, "properties": {"id": "PH-0944", "datetime_utc": "1972-04-27T06:44:29.700000Z", "year": 1972, "mag": 5.2, "mag_type": "Mb", "depth_km": 56.0, "mb": 5.2}}, {"type": "Feature", "geometry": {"type": "Point", "coordinates": [120.43, 13.19]}, "properties": {"id": "PH-0945", "datetime_utc": "1972-04-27T14:37:16.700000Z", "year": 1972, "mag": 5.4, "mag_type": "Mb", "depth_km": 45.0, "mb": 5.4}}, {"type": "Feature", "geometry": {"type": "Point", "coordinates": [120.5, 13.4]}, "properties": {"id": "PH-0946", "datetime_utc": "1972-04-27T15:35:36Z", "year": 1972, "mag": 5.3, "mag_type": "Mb", "depth_km": 33.0, "mb": 5.3}}, {"type": "Feature", "geometry": {"type": "Point", "coordinates": [120.34, 13.33]}, "properties": {"id": "PH-0947", "datetime_utc": "1972-04-27T15:35:39.800000Z", "year": 1972, "mag": 5.1, "mag_type": "Mb", "depth_km": 65.0, "mb": 5.1}}, {"type": "Feature", "geometry": {"type": "Point", "coordinates": [120.64, 13.35]}, "properties": {"id": "PH-0948", "datetime_utc": "1972-04-29T04:54:40.700000Z", "year": 1972, "mag": 5.2, "mag_type": "Mb", "depth_km": 56.0, "mb": 5.2}}, {"type": "Feature", "geometry": {"type": "Point", "coordinates": [120.41, 13.29]}, "properties": {"id": "PH-0949", "datetime_utc": "1972-04-30T00:13:26.300000Z", "year": 1972, "mag": 5.2, "mag_type": "Mb", "depth_km": 33.0, "mb": 5.2}}, {"type": "Feature", "geometry": {"type": "Point", "coordinates": [120.54, 13.54]}, "properties": {"id": "PH-0950", "datetime_utc": "1972-04-30T15:15:34.300000Z", "year": 1972, "mag": 5.5, "mag_type": "Mb", "depth_km": 56.0, "mb": 5.5}}, {"type": "Feature", "geometry": {"type": "Point", "coordinates": [120.49, 13.61]}, "properties": {"id": "PH-0951", "datetime_utc": "1972-04-30T16:07:08.600000Z", "year": 1972, "mag": 5.3, "mag_type": "Mb", "depth_km": 66.0, "mb": 5.3}}, {"type": "Feature", "geometry": {"type": "Point", "coordinates": [120.39, 13.38]}, "properties": {"id": "PH-0952", "datetime_utc": "1972-05-01T18:23:22.600000Z", "year": 1972, "mag": 5.0, "mag_type": "Mb", "depth_km": 63.0, "mb": 5.0}}, {"type": "Feature", "geometry": {"type": "Point", "coordinates": [125.16, 4.76]}, "properties": {"id": "PH-0953", "datetime_utc": "1972-05-01T19:07:18.500000Z", "year": 1972, "mag": 5.1, "mag_type": "Mb", "depth_km": 137.0, "mb": 5.1}}, {"type": "Feature", "geometry": {"type": "Point", "coordinates": [124.59, 5.56]}, "properties": {"id": "PH-0954", "datetime_utc": "1972-05-02T13:10:24.100000Z", "year": 1972, "mag": 5.2, "mag_type": "Mb", "depth_km": 387.0, "mb": 5.2}}, {"type": "Feature", "geometry": {"type": "Point", "coordinates": [126.21, 3.59]}, "properties": {"id": "PH-0955", "datetime_utc": "1972-05-02T15:38:16.900000Z", "year": 1972, "mag": 5.1, "mag_type": "Mb", "depth_km": 74.0, "mb": 5.1}}, {"type": "Feature", "geometry": {"type": "Point", "coordinates": [120.46, 13.41]}, "properties": {"id": "PH-0956", "datetime_utc": "1972-05-08T04:21:08.900000Z", "year": 1972, "mag": 5.1, "mag_type": "Mb", "depth_km": 53.0, "mb": 5.1}}, {"type": "Feature", "geometry": {"type": "Point", "coordinates": [119.88, 13.36]}, "properties": {"id": "PH-0957", "datetime_utc": "1972-05-17T05:27:51.600000Z", "year": 1972, "mag": 5.7, "mag_type": "Mb", "depth_km": 37.0, "mb": 5.7}}, {"type": "Feature", "geometry": {"type": "Point", "coordinates": [119.74, 14.08]}, "properties": {"id": "PH-0958", "datetime_utc": "1972-05-17T05:50:49.700000Z", "year": 1972, "mag": 5.2, "mag_type": "Mb", "depth_km": 88.0, "mb": 5.2}}, {"type": "Feature", "geometry": {"type": "Point", "coordinates": [122.29, 16.59]}, "properties": {"id": "PH-0959", "datetime_utc": "1972-05-22T06:04:00.100000Z", "year": 1972, "mag": 6.9, "mag_type": "Ms", "depth_km": 34.0, "mb": 5.7, "ms": 6.9}}, {"type": "Feature", "geometry": {"type": "Point", "coordinates": [122.16, 16.41]}, "properties": {"id": "PH-0960", "datetime_utc": "1972-05-22T20:24:46.900000Z", "year": 1972, "mag": 5.0, "mag_type": "Mb", "depth_km": 75.0, "mb": 5.0}}, {"type": "Feature", "geometry": {"type": "Point", "coordinates": [122.39, 16.76]}, "properties": {"id": "PH-0961", "datetime_utc": "1972-05-23T00:19:28.600000Z", "year": 1972, "mag": 5.0, "mag_type": "Mb", "depth_km": 45.0, "mb": 5.0}}, {"type": "Feature", "geometry": {"type": "Point", "coordinates": [122.19, 16.68]}, "properties": {"id": "PH-0962", "datetime_utc": "1972-05-23T17:51:27.200000Z", "year": 1972, "mag": 5.1, "mag_type": "Mb", "depth_km": 68.0, "mb": 5.1}}, {"type": "Feature", "geometry": {"type": "Point", "coordinates": [128.19, 12.72]}, "properties": {"id": "PH-0963", "datetime_utc": "1972-05-24T01:00:36.900000Z", "year": 1972, "mag": 5.1, "mag_type": "Mb", "depth_km": 141.0, "mb": 5.1}}, {"type": "Feature", "geometry": {"type": "Point", "coordinates": [122.29, 16.63]}, "properties": {"id": "PH-0964", "datetime_utc": "1972-05-24T08:11:26.600000Z", "year": 1972, "mag": 5.1, "mag_type": "Mb", "depth_km": 62.0, "mb": 5.1}}, {"type": "Feature", "geometry": {"type": "Point", "coordinates": [126.51, 13.28]}, "properties": {"id": "PH-0965", "datetime_utc": "1972-05-24T17:53:38.500000Z", "year": 1972, "mag": 5.0, "mag_type": "Mb", "depth_km": 71.0, "mb": 5.0}}, {"type": "Feature", "geometry": {"type": "Point", "coordinates": [126.2, 5.78]}, "properties": {"id": "PH-0966", "datetime_utc": "1972-05-24T23:26:49Z", "year": 1972, "mag": 5.2, "mag_type": "Mb", "depth_km": 90.0, "mb": 5.2}}, {"type": "Feature", "geometry": {"type": "Point", "coordinates": [122.3, 16.65]}, "properties": {"id": "PH-0967", "datetime_utc": "1972-05-24T23:34:15Z", "year": 1972, "mag": 5.0, "mag_type": "Mb", "depth_km": 65.0, "mb": 5.0}}, {"type": "Feature", "geometry": {"type": "Point", "coordinates": [122.52, 16.38]}, "properties": {"id": "PH-0968", "datetime_utc": "1972-05-25T05:31:51.400000Z", "year": 1972, "mag": 5.1, "mag_type": "Mb", "depth_km": 36.0, "mb": 5.1}}, {"type": "Feature", "geometry": {"type": "Point", "coordinates": [120.41, 13.29]}, "properties": {"id": "PH-0969", "datetime_utc": "1972-05-26T08:38:18.800000Z", "year": 1972, "mag": 5.2, "mag_type": "Mb", "depth_km": 38.0, "mb": 5.2}}, {"type": "Feature", "geometry": {"type": "Point", "coordinates": [120.65, 13.37]}, "properties": {"id": "PH-0970", "datetime_utc": "1972-05-28T15:20:49.800000Z", "year": 1972, "mag": 5.2, "mag_type": "Mb", "depth_km": 46.0, "mb": 5.2}}, {"type": "Feature", "geometry": {"type": "Point", "coordinates": [128.94, 2.47]}, "properties": {"id": "PH-0971", "datetime_utc": "1972-05-28T20:33:23Z", "year": 1972, "mag": 5.2, "mag_type": "Mb", "depth_km": 104.0, "mb": 5.2}}, {"type": "Feature", "geometry": {"type": "Point", "coordinates": [122.44, 16.58]}, "properties": {"id": "PH-0972", "datetime_utc": "1972-06-01T06:31:15.500000Z", "year": 1972, "mag": 5.0, "mag_type": "Mb", "depth_km": 45.0, "mb": 5.0}}, {"type": "Feature", "geometry": {"type": "Point", "coordinates": [128.3, 3.22]}, "properties": {"id": "PH-0973", "datetime_utc": "1972-06-02T20:24:03.800000Z", "year": 1972, "mag": 5.1, "mag_type": "Mb", "depth_km": 86.0, "mb": 5.1}}, {"type": "Feature", "geometry": {"type": "Point", "coordinates": [123.69, 12.48]}, "properties": {"id": "PH-0974", "datetime_utc": "1972-06-07T05:24:19.600000Z", "year": 1972, "mag": 5.1, "mag_type": "Mb", "depth_km": 13.0, "mb": 5.1}}, {"type": "Feature", "geometry": {"type": "Point", "coordinates": [128.18, 2.51]}, "properties": {"id": "PH-0975", "datetime_utc": "1972-06-07T12:01:17.600000Z", "year": 1972, "mag": 5.7, "mag_type": "Mb", "depth_km": 152.0, "mb": 5.7}}, {"type": "Feature", "geometry": {"type": "Point", "coordinates": [128.26, 2.5]}, "properties": {"id": "PH-0976", "datetime_utc": "1972-06-07T12:01:18.700000Z", "year": 1972, "mag": 5.6, "mag_type": "Mb", "depth_km": 162.0, "mb": 5.6}}, {"type": "Feature", "geometry": {"type": "Point", "coordinates": [128.18, 21.06]}, "properties": {"id": "PH-0977", "datetime_utc": "1972-06-08T09:14:08.300000Z", "year": 1972, "mag": 5.4, "mag_type": "Mb", "depth_km": 33.0, "mb": 5.4}}, {"type": "Feature", "geometry": {"type": "Point", "coordinates": [124.32, 3.94]}, "properties": {"id": "PH-0978", "datetime_utc": "1972-06-11T16:41:00.900000Z", "year": 1972, "mag": 5.8, "mag_type": "Mb", "depth_km": 325.0, "mb": 5.8}}, {"type": "Feature", "geometry": {"type": "Point", "coordinates": [122.41, 16.6]}, "properties": {"id": "PH-0979", "datetime_utc": "1972-06-12T11:19:44.400000Z", "year": 1972, "mag": 5.2, "mag_type": "Mb", "depth_km": 33.0, "mb": 5.2}}, {"type": "Feature", "geometry": {"type": "Point", "coordinates": [120.34, 13.34]}, "properties": {"id": "PH-0980", "datetime_utc": "1972-06-19T01:32:19Z", "year": 1972, "mag": 5.3, "mag_type": "Mb", "depth_km": 49.0, "mb": 5.3}}, {"type": "Feature", "geometry": {"type": "Point", "coordinates": [120.51, 13.46]}, "properties": {"id": "PH-0981", "datetime_utc": "1972-06-19T01:32:22.100000Z", "year": 1972, "mag": 5.2, "mag_type": "Mb", "depth_km": 75.0, "mb": 5.2}}, {"type": "Feature", "geometry": {"type": "Point", "coordinates": [125.83, 2.55]}, "properties": {"id": "PH-0982", "datetime_utc": "1972-06-20T18:25:43.100000Z", "year": 1972, "mag": 5.3, "mag_type": "Mb", "depth_km": 84.0, "mb": 5.3}}, {"type": "Feature", "geometry": {"type": "Point", "coordinates": [120.29, 21.08]}, "properties": {"id": "PH-0983", "datetime_utc": "1972-06-26T08:08:24.800000Z", "year": 1972, "mag": 5.0, "mag_type": "Mb", "depth_km": 33.0, "mb": 5.0}}, {"type": "Feature", "geometry": {"type": "Point", "coordinates": [125.69, 11.38]}, "properties": {"id": "PH-0984", "datetime_utc": "1972-06-29T03:44:10Z", "year": 1972, "mag": 5.1, "mag_type": "Mb", "depth_km": 67.0, "mb": 5.1}}, {"type": "Feature", "geometry": {"type": "Point", "coordinates": [125.94, 5.79]}, "properties": {"id": "PH-0985", "datetime_utc": "1972-07-03T05:31:27.500000Z", "year": 1972, "mag": 5.6, "mag_type": "Mb", "depth_km": 96.0, "mb": 5.6}}, {"type": "Feature", "geometry": {"type": "Point", "coordinates": [122.52, 9.41]}, "properties": {"id": "PH-0986", "datetime_utc": "1972-07-04T10:16:12.200000Z", "year": 1972, "mag": 5.5, "mag_type": "Mb", "depth_km": 58.0, "mb": 5.5}}, {"type": "Feature", "geometry": {"type": "Point", "coordinates": [126.22, 11.86]}, "properties": {"id": "PH-0987", "datetime_utc": "1972-07-07T12:36:14.100000Z", "year": 1972, "mag": 5.4, "mag_type": "Mb", "depth_km": 33.0, "mb": 5.4}}, {"type": "Feature", "geometry": {"type": "Point", "coordinates": [124.61, 3.76]}, "properties": {"id": "PH-0988", "datetime_utc": "1972-07-13T15:09:08.700000Z", "year": 1972, "mag": 5.0, "mag_type": "Mb", "depth_km": 346.0, "mb": 5.0}}, {"type": "Feature", "geometry": {"type": "Point", "coordinates": [124.49, 3.74]}, "properties": {"id": "PH-0989", "datetime_utc": "1972-07-16T02:53:15Z", "year": 1972, "mag": 5.0, "mag_type": "Mb", "depth_km": 349.0, "mb": 5.0}}, {"type": "Feature", "geometry": {"type": "Point", "coordinates": [125.96, 9.16]}, "properties": {"id": "PH-0990", "datetime_utc": "1972-07-21T14:39:03.100000Z", "year": 1972, "mag": 5.2, "mag_type": "Mb", "depth_km": 104.0, "mb": 5.2}}, {"type": "Feature", "geometry": {"type": "Point", "coordinates": [126.59, 2.44]}, "properties": {"id": "PH-0991", "datetime_utc": "1972-08-01T03:20:07.700000Z", "year": 1972, "mag": 5.1, "mag_type": "Mb", "depth_km": 48.0, "mb": 5.1}}, {"type": "Feature", "geometry": {"type": "Point", "coordinates": [127.44, 2.32]}, "properties": {"id": "PH-0992", "datetime_utc": "1972-08-01T19:06:33.800000Z", "year": 1972, "mag": 5.9, "mag_type": "Mb", "depth_km": 96.0, "mb": 5.9}}, {"type": "Feature", "geometry": {"type": "Point", "coordinates": [120.35, 13.44]}, "properties": {"id": "PH-0993", "datetime_utc": "1972-08-03T15:10:23.300000Z", "year": 1972, "mag": 5.3, "mag_type": "Mb", "depth_km": 33.0, "mb": 5.3}}, {"type": "Feature", "geometry": {"type": "Point", "coordinates": [120.56, 13.27]}, "properties": {"id": "PH-0994", "datetime_utc": "1972-08-28T14:24:46.100000Z", "year": 1972, "mag": 5.2, "mag_type": "Mb", "depth_km": 62.0, "mb": 5.2}}, {"type": "Feature", "geometry": {"type": "Point", "coordinates": [128.24, 2.24]}, "properties": {"id": "PH-0995", "datetime_utc": "1972-09-16T10:51:38.600000Z", "year": 1972, "mag": 5.6, "mag_type": "Mb", "depth_km": 147.0, "mb": 5.6}}, {"type": "Feature", "geometry": {"type": "Point", "coordinates": [123.06, 3.91]}, "properties": {"id": "PH-0996", "datetime_utc": "1972-09-22T17:54:06.200000Z", "year": 1972, "mag": 5.2, "mag_type": "Mb", "depth_km": 569.0, "mb": 5.2}}, {"type": "Feature", "geometry": {"type": "Point", "coordinates": [125.74, 4.07]}, "properties": {"id": "PH-0997", "datetime_utc": "1972-09-28T17:00:31.400000Z", "year": 1972, "mag": 5.4, "mag_type": "Mb", "depth_km": 161.0, "mb": 5.4}}, {"type": "Feature", "geometry": {"type": "Point", "coordinates": [127.24, 3.35]}, "properties": {"id": "PH-0998", "datetime_utc": "1972-09-29T17:02:47.800000Z", "year": 1972, "mag": 5.1, "mag_type": "Mb", "depth_km": 31.0, "mb": 5.1}}, {"type": "Feature", "geometry": {"type": "Point", "coordinates": [123.75, 7.47]}, "properties": {"id": "PH-0999", "datetime_utc": "1972-10-01T23:49:36.200000Z", "year": 1972, "mag": 6.0, "mag_type": "Mb", "depth_km": 613.0, "mb": 6.0}}, {"type": "Feature", "geometry": {"type": "Point", "coordinates": [124.03, 5.97]}, "properties": {"id": "PH-1000", "datetime_utc": "1972-10-06T20:00:47.600000Z", "year": 1972, "mag": 5.2, "mag_type": "Mb", "depth_km": 540.0, "mb": 5.2}}, {"type": "Feature", "geometry": {"type": "Point", "coordinates": [128.67, 2.56]}, "properties": {"id": "PH-1001", "datetime_utc": "1972-10-28T01:01:20.400000Z", "year": 1972, "mag": 5.4, "mag_type": "Mb", "depth_km": 48.0, "mb": 5.4}}, {"type": "Feature", "geometry": {"type": "Point", "coordinates": [128.51, 2.61]}, "properties": {"id": "PH-1002", "datetime_utc": "1972-10-28T01:10:33.500000Z", "year": 1972, "mag": 5.2, "mag_type": "Mb", "depth_km": 33.0, "mb": 5.2}}, {"type": "Feature", "geometry": {"type": "Point", "coordinates": [128.66, 2.5]}, "properties": {"id": "PH-1003", "datetime_utc": "1972-10-28T17:19:41.500000Z", "year": 1972, "mag": 5.7, "mag_type": "Mb", "depth_km": 52.0, "mb": 5.7}}, {"type": "Feature", "geometry": {"type": "Point", "coordinates": [128.57, 2.45]}, "properties": {"id": "PH-1004", "datetime_utc": "1972-10-28T18:31:21.600000Z", "year": 1972, "mag": 5.4, "mag_type": "Mb", "depth_km": 80.0, "mb": 5.4}}, {"type": "Feature", "geometry": {"type": "Point", "coordinates": [121.49, 19.5]}, "properties": {"id": "PH-1005", "datetime_utc": "1972-11-02T17:06:39.900000Z", "year": 1972, "mag": 5.2, "mag_type": "Mb", "depth_km": 66.0, "mb": 5.2}}, {"type": "Feature", "geometry": {"type": "Point", "coordinates": [120.2, 12.9]}, "properties": {"id": "PH-1006", "datetime_utc": "1972-11-04T10:36:45.300000Z", "year": 1972, "mag": 5.1, "mag_type": "Mb", "depth_km": 33.0, "mb": 5.1}}, {"type": "Feature", "geometry": {"type": "Point", "coordinates": [126.86, 6.2]}, "properties": {"id": "PH-1007", "datetime_utc": "1972-11-13T20:19:17.900000Z", "year": 1972, "mag": 5.1, "mag_type": "Mb", "depth_km": 124.0, "mb": 5.1}}, {"type": "Feature", "geometry": {"type": "Point", "coordinates": [124.8, 3.4]}, "properties": {"id": "PH-1008", "datetime_utc": "1972-11-26T07:50:08Z", "year": 1972, "mag": 5.9, "mag_type": "Mb", "depth_km": 33.0, "mb": 5.9}}, {"type": "Feature", "geometry": {"type": "Point", "coordinates": [124.5, 4.17]}, "properties": {"id": "PH-1009", "datetime_utc": "1972-11-26T07:50:36.800000Z", "year": 1972, "mag": 5.3, "mag_type": "Mb", "depth_km": 330.0, "mb": 5.3}}, {"type": "Feature", "geometry": {"type": "Point", "coordinates": [121.49, 20.18]}, "properties": {"id": "PH-1010", "datetime_utc": "1972-11-27T02:45:41.800000Z", "year": 1972, "mag": 5.4, "mag_type": "Mb", "depth_km": 33.0, "mb": 5.4}}, {"type": "Feature", "geometry": {"type": "Point", "coordinates": [124.66, 2.97]}, "properties": {"id": "PH-1011", "datetime_utc": "1972-11-27T02:49:47.500000Z", "year": 1972, "mag": 5.2, "mag_type": "Mb", "depth_km": 48.0, "mb": 5.2}}, {"type": "Feature", "geometry": {"type": "Point", "coordinates": [127.88, 3.47]}, "properties": {"id": "PH-1012", "datetime_utc": "1972-11-27T08:55:29.900000Z", "year": 1972, "mag": 5.7, "mag_type": "Mb", "depth_km": 105.0, "mb": 5.7}}, {"type": "Feature", "geometry": {"type": "Point", "coordinates": [128.8, 4.08]}, "properties": {"id": "PH-1013", "datetime_utc": "1972-11-29T02:58:50.700000Z", "year": 1972, "mag": 5.0, "mag_type": "Mb", "depth_km": 60.0, "mb": 5.0}}, {"type": "Feature", "geometry": {"type": "Point", "coordinates": [126.67, 6.47]}, "properties": {"id": "PH-1014", "datetime_utc": "1972-12-02T00:19:47.200000Z", "year": 1972, "mag": 6.3, "mag_type": "Mb", "depth_km": 33.0, "mb": 6.3}}, {"type": "Feature", "geometry": {"type": "Point", "coordinates": [126.62, 6.41]}, "properties": {"id": "PH-1015", "datetime_utc": "1972-12-02T00:19:52Z", "year": 1972, "mag": 6.0, "mag_type": "Mb", "depth_km": 73.0, "mb": 6.0}}, {"type": "Feature", "geometry": {"type": "Point", "coordinates": [127.12, 6.78]}, "properties": {"id": "PH-1016", "datetime_utc": "1972-12-02T00:34:35.900000Z", "year": 1972, "mag": 5.4, "mag_type": "Mb", "depth_km": 30.0, "mb": 5.4}}, {"type": "Feature", "geometry": {"type": "Point", "coordinates": [127.23, 6.2]}, "properties": {"id": "PH-1017", "datetime_utc": "1972-12-02T01:37:45.200000Z", "year": 1972, "mag": 5.2, "mag_type": "Mb", "depth_km": 94.0, "mb": 5.2}}, {"type": "Feature", "geometry": {"type": "Point", "coordinates": [126.62, 6.45]}, "properties": {"id": "PH-1018", "datetime_utc": "1972-12-02T01:40:47.800000Z", "year": 1972, "mag": 5.9, "mag_type": "Mb", "depth_km": 54.0, "mb": 5.9}}, {"type": "Feature", "geometry": {"type": "Point", "coordinates": [126.67, 6.39]}, "properties": {"id": "PH-1019", "datetime_utc": "1972-12-02T01:40:51.500000Z", "year": 1972, "mag": 5.6, "mag_type": "Mb", "depth_km": 84.0, "mb": 5.6}}, {"type": "Feature", "geometry": {"type": "Point", "coordinates": [127.73, 6.25]}, "properties": {"id": "PH-1020", "datetime_utc": "1972-12-02T02:30:04.700000Z", "year": 1972, "mag": 5.0, "mag_type": "Mb", "depth_km": 50.0, "mb": 5.0}}, {"type": "Feature", "geometry": {"type": "Point", "coordinates": [126.7, 6.51]}, "properties": {"id": "PH-1021", "datetime_utc": "1972-12-02T02:56:37.600000Z", "year": 1972, "mag": 5.2, "mag_type": "Mb", "depth_km": 63.0, "mb": 5.2}}, {"type": "Feature", "geometry": {"type": "Point", "coordinates": [127.42, 6.12]}, "properties": {"id": "PH-1022", "datetime_utc": "1972-12-02T03:29:16.500000Z", "year": 1972, "mag": 5.0, "mag_type": "Mb", "depth_km": 33.0, "mb": 5.0}}, {"type": "Feature", "geometry": {"type": "Point", "coordinates": [127.59, 6.2]}, "properties": {"id": "PH-1023", "datetime_utc": "1972-12-02T03:56:57.600000Z", "year": 1972, "mag": 5.6, "mag_type": "Mb", "depth_km": 48.0, "mb": 5.6}}, {"type": "Feature", "geometry": {"type": "Point", "coordinates": [127.49, 6.11]}, "properties": {"id": "PH-1024", "datetime_utc": "1972-12-02T04:04:55.100000Z", "year": 1972, "mag": 5.0, "mag_type": "Mb", "depth_km": 33.0, "mb": 5.0}}, {"type": "Feature", "geometry": {"type": "Point", "coordinates": [127.4, 6.21]}, "properties": {"id": "PH-1025", "datetime_utc": "1972-12-02T04:31:47.100000Z", "year": 1972, "mag": 5.3, "mag_type": "Mb", "depth_km": 65.0, "mb": 5.3}}, {"type": "Feature", "geometry": {"type": "Point", "coordinates": [127.16, 6.18]}, "properties": {"id": "PH-1026", "datetime_utc": "1972-12-02T04:48:37.500000Z", "year": 1972, "mag": 5.1, "mag_type": "Mb", "depth_km": 33.0, "mb": 5.1}}, {"type": "Feature", "geometry": {"type": "Point", "coordinates": [127.19, 5.76]}, "properties": {"id": "PH-1027", "datetime_utc": "1972-12-02T05:04:03Z", "year": 1972, "mag": 5.0, "mag_type": "Mb", "depth_km": 33.0, "mb": 5.0}}, {"type": "Feature", "geometry": {"type": "Point", "coordinates": [127.31, 5.62]}, "properties": {"id": "PH-1028", "datetime_utc": "1972-12-02T05:48:19.500000Z", "year": 1972, "mag": 5.4, "mag_type": "Mb", "depth_km": 33.0, "mb": 5.4}}, {"type": "Feature", "geometry": {"type": "Point", "coordinates": [127.2, 5.9]}, "properties": {"id": "PH-1029", "datetime_utc": "1972-12-02T09:54:21.700000Z", "year": 1972, "mag": 5.1, "mag_type": "Mb", "depth_km": 80.0, "mb": 5.1}}, {"type": "Feature", "geometry": {"type": "Point", "coordinates": [127.36, 5.8]}, "properties": {"id": "PH-1030", "datetime_utc": "1972-12-02T10:16:26.800000Z", "year": 1972, "mag": 5.0, "mag_type": "Mb", "depth_km": 88.0, "mb": 5.0}}, {"type": "Feature", "geometry": {"type": "Point", "coordinates": [127.03, 6.05]}, "properties": {"id": "PH-1031", "datetime_utc": "1972-12-02T10:36:04.400000Z", "year": 1972, "mag": 5.0, "mag_type": "Mb", "depth_km": 33.0, "mb": 5.0}}, {"type": "Feature", "geometry": {"type": "Point", "coordinates": [127.23, 5.71]}, "properties": {"id": "PH-1032", "datetime_utc": "1972-12-02T11:26:55.500000Z", "year": 1972, "mag": 5.6, "mag_type": "Mb", "depth_km": 68.0, "mb": 5.6}}, {"type": "Feature", "geometry": {"type": "Point", "coordinates": [127.04, 6.02]}, "properties": {"id": "PH-1033", "datetime_utc": "1972-12-02T18:15:52.300000Z", "year": 1972, "mag": 5.1, "mag_type": "Mb", "depth_km": 77.0, "mb": 5.1}}, {"type": "Feature", "geometry": {"type": "Point", "coordinates": [127.23, 5.88]}, "properties": {"id": "PH-1034", "datetime_utc": "1972-12-02T21:00:30.800000Z", "year": 1972, "mag": 5.0, "mag_type": "Mb", "depth_km": 64.0, "mb": 5.0}}, {"type": "Feature", "geometry": {"type": "Point", "coordinates": [128.56, 3.69]}, "properties": {"id": "PH-1035", "datetime_utc": "1972-12-02T23:38:44.300000Z", "year": 1972, "mag": 5.2, "mag_type": "Mb", "depth_km": 99.0, "mb": 5.2}}, {"type": "Feature", "geometry": {"type": "Point", "coordinates": [126.92, 5.72]}, "properties": {"id": "PH-1036", "datetime_utc": "1972-12-03T01:01:46.900000Z", "year": 1972, "mag": 5.1, "mag_type": "Mb", "depth_km": 62.0, "mb": 5.1}}, {"type": "Feature", "geometry": {"type": "Point", "coordinates": [127.47, 5.57]}, "properties": {"id": "PH-1037", "datetime_utc": "1972-12-03T01:26:57.800000Z", "year": 1972, "mag": 5.0, "mag_type": "Mb", "depth_km": 60.0, "mb": 5.0}}, {"type": "Feature", "geometry": {"type": "Point", "coordinates": [127.22, 5.97]}, "properties": {"id": "PH-1038", "datetime_utc": "1972-12-03T03:04:33.100000Z", "year": 1972, "mag": 5.0, "mag_type": "Mb", "depth_km": 65.0, "mb": 5.0}}, {"type": "Feature", "geometry": {"type": "Point", "coordinates": [126.78, 6.54]}, "properties": {"id": "PH-1039", "datetime_utc": "1972-12-03T07:45:02.600000Z", "year": 1972, "mag": 5.3, "mag_type": "Mb", "depth_km": 82.0, "mb": 5.3}}, {"type": "Feature", "geometry": {"type": "Point", "coordinates": [127.2, 6.2]}, "properties": {"id": "PH-1040", "datetime_utc": "1972-12-03T09:25:20.600000Z", "year": 1972, "mag": 5.0, "mag_type": "Mb", "depth_km": 68.0, "mb": 5.0}}, {"type": "Feature", "geometry": {"type": "Point", "coordinates": [127.27, 5.79]}, "properties": {"id": "PH-1041", "datetime_utc": "1972-12-03T19:25:32.400000Z", "year": 1972, "mag": 5.3, "mag_type": "Mb", "depth_km": 58.0, "mb": 5.3}}, {"type": "Feature", "geometry": {"type": "Point", "coordinates": [127.41, 5.47]}, "properties": {"id": "PH-1042", "datetime_utc": "1972-12-03T20:35:46.300000Z", "year": 1972, "mag": 5.2, "mag_type": "Mb", "depth_km": 66.0, "mb": 5.2}}, {"type": "Feature", "geometry": {"type": "Point", "coordinates": [126.95, 5.77]}, "properties": {"id": "PH-1043", "datetime_utc": "1972-12-05T06:03:07.300000Z", "year": 1972, "mag": 5.1, "mag_type": "Mb", "depth_km": 77.0, "mb": 5.1}}, {"type": "Feature", "geometry": {"type": "Point", "coordinates": [127.7, 6.01]}, "properties": {"id": "PH-1044", "datetime_utc": "1972-12-05T15:17:45.700000Z", "year": 1972, "mag": 5.2, "mag_type": "Mb", "depth_km": 44.0, "mb": 5.2}}, {"type": "Feature", "geometry": {"type": "Point", "coordinates": [126.97, 6.1]}, "properties": {"id": "PH-1045", "datetime_utc": "1972-12-06T10:23:59.100000Z", "year": 1972, "mag": 5.2, "mag_type": "Mb", "depth_km": 80.0, "mb": 5.2}}, {"type": "Feature", "geometry": {"type": "Point", "coordinates": [127.48, 6.03]}, "properties": {"id": "PH-1046", "datetime_utc": "1972-12-07T14:00:49.200000Z", "year": 1972, "mag": 5.4, "mag_type": "Mb", "depth_km": 56.0, "mb": 5.4}}, {"type": "Feature", "geometry": {"type": "Point", "coordinates": [128.49, 3.75]}, "properties": {"id": "PH-1047", "datetime_utc": "1972-12-07T14:50:15Z", "year": 1972, "mag": 5.4, "mag_type": "Mb", "depth_km": 53.0, "mb": 5.4}}, {"type": "Feature", "geometry": {"type": "Point", "coordinates": [127.34, 6.12]}, "properties": {"id": "PH-1048", "datetime_utc": "1972-12-08T08:12:55.900000Z", "year": 1972, "mag": 5.1, "mag_type": "Mb", "depth_km": 74.0, "mb": 5.1}}, {"type": "Feature", "geometry": {"type": "Point", "coordinates": [127.17, 5.88]}, "properties": {"id": "PH-1049", "datetime_utc": "1972-12-08T09:15:36.600000Z", "year": 1972, "mag": 5.0, "mag_type": "Mb", "depth_km": 90.0, "mb": 5.0}}, {"type": "Feature", "geometry": {"type": "Point", "coordinates": [127.36, 5.69]}, "properties": {"id": "PH-1050", "datetime_utc": "1972-12-08T10:18:12.800000Z", "year": 1972, "mag": 5.0, "mag_type": "Mb", "depth_km": 64.0, "mb": 5.0}}, {"type": "Feature", "geometry": {"type": "Point", "coordinates": [127.15, 6.11]}, "properties": {"id": "PH-1051", "datetime_utc": "1972-12-08T13:12:57Z", "year": 1972, "mag": 5.0, "mag_type": "Mb", "depth_km": 66.0, "mb": 5.0}}, {"type": "Feature", "geometry": {"type": "Point", "coordinates": [127.12, 7.24]}, "properties": {"id": "PH-1052", "datetime_utc": "1972-12-08T16:55:40.400000Z", "year": 1972, "mag": 5.4, "mag_type": "Mb", "depth_km": 57.0, "mb": 5.4}}, {"type": "Feature", "geometry": {"type": "Point", "coordinates": [127.04, 6.12]}, "properties": {"id": "PH-1053", "datetime_utc": "1972-12-08T19:38:56.700000Z", "year": 1972, "mag": 5.1, "mag_type": "Mb", "depth_km": 73.0, "mb": 5.1}}, {"type": "Feature", "geometry": {"type": "Point", "coordinates": [127.29, 5.67]}, "properties": {"id": "PH-1054", "datetime_utc": "1972-12-08T20:17:12.900000Z", "year": 1972, "mag": 5.4, "mag_type": "Mb", "depth_km": 63.0, "mb": 5.4}}, {"type": "Feature", "geometry": {"type": "Point", "coordinates": [127.37, 5.69]}, "properties": {"id": "PH-1055", "datetime_utc": "1972-12-08T20:43:16Z", "year": 1972, "mag": 5.3, "mag_type": "Mb", "depth_km": 65.0, "mb": 5.3}}, {"type": "Feature", "geometry": {"type": "Point", "coordinates": [127.45, 5.65]}, "properties": {"id": "PH-1056", "datetime_utc": "1972-12-09T00:07:45.800000Z", "year": 1972, "mag": 5.1, "mag_type": "Mb", "depth_km": 68.0, "mb": 5.1}}, {"type": "Feature", "geometry": {"type": "Point", "coordinates": [127.06, 7.33]}, "properties": {"id": "PH-1057", "datetime_utc": "1972-12-09T04:56:44.800000Z", "year": 1972, "mag": 5.0, "mag_type": "Mb", "depth_km": 71.0, "mb": 5.0}}, {"type": "Feature", "geometry": {"type": "Point", "coordinates": [126.78, 7.34]}, "properties": {"id": "PH-1058", "datetime_utc": "1972-12-09T06:03:41.300000Z", "year": 1972, "mag": 5.0, "mag_type": "Mb", "depth_km": 92.0, "mb": 5.0}}, {"type": "Feature", "geometry": {"type": "Point", "coordinates": [126.85, 7.18]}, "properties": {"id": "PH-1059", "datetime_utc": "1972-12-09T07:27:49Z", "year": 1972, "mag": 5.1, "mag_type": "Mb", "depth_km": 93.0, "mb": 5.1}}, {"type": "Feature", "geometry": {"type": "Point", "coordinates": [126.92, 7.41]}, "properties": {"id": "PH-1060", "datetime_utc": "1972-12-09T12:55:47.500000Z", "year": 1972, "mag": 5.2, "mag_type": "Mb", "depth_km": 66.0, "mb": 5.2}}, {"type": "Feature", "geometry": {"type": "Point", "coordinates": [127.32, 6.19]}, "properties": {"id": "PH-1061", "datetime_utc": "1972-12-09T13:25:33.900000Z", "year": 1972, "mag": 5.3, "mag_type": "Mb", "depth_km": 44.0, "mb": 5.3}}, {"type": "Feature", "geometry": {"type": "Point", "coordinates": [126.64, 6.05]}, "properties": {"id": "PH-1062", "datetime_utc": "1972-12-11T02:28:02.600000Z", "year": 1972, "mag": 5.2, "mag_type": "Mb", "depth_km": 96.0, "mb": 5.2}}, {"type": "Feature", "geometry": {"type": "Point", "coordinates": [125.66, 4.75]}, "properties": {"id": "PH-1063", "datetime_utc": "1972-12-11T02:37:04.900000Z", "year": 1972, "mag": 5.5, "mag_type": "Mb", "depth_km": 33.0, "mb": 5.5}}, {"type": "Feature", "geometry": {"type": "Point", "coordinates": [127.01, 6.26]}, "properties": {"id": "PH-1064", "datetime_utc": "1972-12-12T04:54:38.400000Z", "year": 1972, "mag": 5.0, "mag_type": "Mb", "depth_km": 53.0, "mb": 5.0}}, {"type": "Feature", "geometry": {"type": "Point", "coordinates": [126.49, 6.47]}, "properties": {"id": "PH-1065", "datetime_utc": "1972-12-12T17:46:47.800000Z", "year": 1972, "mag": 5.3, "mag_type": "Mb", "depth_km": 3.0, "mb": 5.3}}, {"type": "Feature", "geometry": {"type": "Point", "coordinates": [126.53, 6.67]}, "properties": {"id": "PH-1066", "datetime_utc": "1972-12-12T18:00:41.800000Z", "year": 1972, "mag": 5.4, "mag_type": "Mb", "depth_km": 41.0, "mb": 5.4}}, {"type": "Feature", "geometry": {"type": "Point", "coordinates": [122.54, 9.66]}, "properties": {"id": "PH-1067", "datetime_utc": "1972-12-13T22:51:47.300000Z", "year": 1972, "mag": 5.2, "mag_type": "Mb", "depth_km": 143.0, "mb": 5.2}}, {"type": "Feature", "geometry": {"type": "Point", "coordinates": [126.52, 5.52]}, "properties": {"id": "PH-1068", "datetime_utc": "1972-12-16T23:48:25.700000Z", "year": 1972, "mag": 5.0, "mag_type": "Mb", "depth_km": 64.0, "mb": 5.0}}, {"type": "Feature", "geometry": {"type": "Point", "coordinates": [127.4, 6.11]}, "properties": {"id": "PH-1069", "datetime_utc": "1972-12-17T00:12:10.500000Z", "year": 1972, "mag": 5.4, "mag_type": "Mb", "depth_km": 56.0, "mb": 5.4}}, {"type": "Feature", "geometry": {"type": "Point", "coordinates": [126.57, 5.68]}, "properties": {"id": "PH-1070", "datetime_utc": "1972-12-17T03:15:24Z", "year": 1972, "mag": 5.1, "mag_type": "Mb", "depth_km": 33.0, "mb": 5.1}}, {"type": "Feature", "geometry": {"type": "Point", "coordinates": [126.46, 6.56]}, "properties": {"id": "PH-1071", "datetime_utc": "1972-12-18T10:03:03.200000Z", "year": 1972, "mag": 5.1, "mag_type": "Mb", "depth_km": 33.0, "mb": 5.1}}, {"type": "Feature", "geometry": {"type": "Point", "coordinates": [126.62, 6.11]}, "properties": {"id": "PH-1072", "datetime_utc": "1972-12-16T15:22:22.200000Z", "year": 1972, "mag": 5.8, "mag_type": "Mb", "depth_km": 14.0, "mb": 5.8}}, {"type": "Feature", "geometry": {"type": "Point", "coordinates": [126.98, 6.14]}, "properties": {"id": "PH-1073", "datetime_utc": "1972-12-19T15:22:30Z", "year": 1972, "mag": 5.2, "mag_type": "Mb", "depth_km": 66.0, "mb": 5.2}}, {"type": "Feature", "geometry": {"type": "Point", "coordinates": [126.82, 8.56]}, "properties": {"id": "PH-1074", "datetime_utc": "1972-12-20T22:42:50.800000Z", "year": 1972, "mag": 5.3, "mag_type": "Mb", "depth_km": 47.0, "mb": 5.3}}, {"type": "Feature", "geometry": {"type": "Point", "coordinates": [123.95, 9.2]}, "properties": {"id": "PH-1075", "datetime_utc": "1972-12-21T09:52:36.800000Z", "year": 1972, "mag": 5.2, "mag_type": "Mb", "depth_km": 565.0, "mb": 5.2}}, {"type": "Feature", "geometry": {"type": "Point", "coordinates": [127.13, 5.58]}, "properties": {"id": "PH-1076", "datetime_utc": "1972-12-28T05:54:10.600000Z", "year": 1972, "mag": 5.8, "mag_type": "Mb", "depth_km": 70.0, "mb": 5.8}}, {"type": "Feature", "geometry": {"type": "Point", "coordinates": [127.3, 5.68]}, "properties": {"id": "PH-1077", "datetime_utc": "1973-01-07T22:17:02.600000Z", "year": 1973, "mag": 5.1, "mag_type": "Mb", "depth_km": 79.0, "mb": 5.1}}, {"type": "Feature", "geometry": {"type": "Point", "coordinates": [126.15, 6.98]}, "properties": {"id": "PH-1078", "datetime_utc": "1973-01-09T06:14:25.300000Z", "year": 1973, "mag": 5.3, "mag_type": "Mb", "depth_km": 51.0, "mb": 5.3}}, {"type": "Feature", "geometry": {"type": "Point", "coordinates": [127.09, 6.43]}, "properties": {"id": "PH-1079", "datetime_utc": "1973-01-18T10:18:17.300000Z", "year": 1973, "mag": 5.0, "mag_type": "Mb", "depth_km": 60.0, "mb": 5.0}}, {"type": "Feature", "geometry": {"type": "Point", "coordinates": [126.84, 5.94]}, "properties": {"id": "PH-1080", "datetime_utc": "1973-01-19T08:05:09.600000Z", "year": 1973, "mag": 5.2, "mag_type": "Mb", "depth_km": 63.0, "mb": 5.2}}, {"type": "Feature", "geometry": {"type": "Point", "coordinates": [126.68, 2.38]}, "properties": {"id": "PH-1081", "datetime_utc": "1973-01-28T23:05:12.300000Z", "year": 1973, "mag": 5.2, "mag_type": "Mb", "depth_km": 59.0, "mb": 5.2}}, {"type": "Feature", "geometry": {"type": "Point", "coordinates": [126.69, 11.4]}, "properties": {"id": "PH-1082", "datetime_utc": "1973-02-05T11:20:10.600000Z", "year": 1973, "mag": 5.0, "mag_type": "Mb", "depth_km": 19.0, "mb": 5.0}}, {"type": "Feature", "geometry": {"type": "Point", "coordinates": [126.8, 6.45]}, "properties": {"id": "PH-1083", "datetime_utc": "1973-02-07T09:51:17.600000Z", "year": 1973, "mag": 5.3, "mag_type": "Mb", "depth_km": 207.0, "mb": 5.3}}, {"type": "Feature", "geometry": {"type": "Point", "coordinates": [126.84, 6.66]}, "properties": {"id": "PH-1084", "datetime_utc": "1973-02-11T11:17:58.300000Z", "year": 1973, "mag": 5.1, "mag_type": "Mb", "depth_km": 71.0, "mb": 5.1}}, {"type": "Feature", "geometry": {"type": "Point", "coordinates": [125.7, 4.55]}, "properties": {"id": "PH-1085", "datetime_utc": "1973-02-13T13:59:46.800000Z", "year": 1973, "mag": 5.5, "mag_type": "Mb", "depth_km": 173.0, "mb": 5.5}}, {"type": "Feature", "geometry": {"type": "Point", "coordinates": [126.49, 4.06]}, "properties": {"id": "PH-1086", "datetime_utc": "1973-02-26T09:56:22.200000Z", "year": 1973, "mag": 5.0, "mag_type": "Mb", "depth_km": 82.0, "mb": 5.0}}, {"type": "Feature", "geometry": {"type": "Point", "coordinates": [127.04, 5.7]}, "properties": {"id": "PH-1087", "datetime_utc": "1973-02-26T10:53:27.600000Z", "year": 1973, "mag": 5.2, "mag_type": "Mb", "depth_km": 74.0, "mb": 5.2}}, {"type": "Feature", "geometry": {"type": "Point", "coordinates": [127.06, 6.17]}, "properties": {"id": "PH-1088", "datetime_utc": "1973-02-27T09:08:57.800000Z", "year": 1973, "mag": 5.0, "mag_type": "Mb", "depth_km": 68.0, "mb": 5.0}}, {"type": "Feature", "geometry": {"type": "Point", "coordinates": [126.13, 9.55]}, "properties": {"id": "PH-1089", "datetime_utc": "1973-02-28T08:07:34.700000Z", "year": 1973, "mag": 5.3, "mag_type": "Mb", "depth_km": 81.0, "mb": 5.3}}, {"type": "Feature", "geometry": {"type": "Point", "coordinates": [126.3, 3.59]}, "properties": {"id": "PH-1090", "datetime_utc": "1973-03-03T00:44:36.400000Z", "year": 1973, "mag": 5.1, "mag_type": "Mb", "depth_km": 112.0, "mb": 5.1}}, {"type": "Feature", "geometry": {"type": "Point", "coordinates": [126.85, 6.15]}, "properties": {"id": "PH-1091", "datetime_utc": "1973-03-05T23:20:26Z", "year": 1973, "mag": 5.3, "mag_type": "Mb", "depth_km": 84.0, "mb": 5.3}}, {"type": "Feature", "geometry": {"type": "Point", "coordinates": [120.71, 18.11]}, "properties": {"id": "PH-1092", "datetime_utc": "1973-03-06T03:58:40.200000Z", "year": 1973, "mag": 5.1, "mag_type": "Mb", "depth_km": 98.0, "mb": 5.1}}, {"type": "Feature", "geometry": {"type": "Point", "coordinates": [126.63, 5.5]}, "properties": {"id": "PH-1093", "datetime_utc": "1973-03-07T03:09:11.500000Z", "year": 1973, "mag": 5.2, "mag_type": "Mb", "depth_km": 81.0, "mb": 5.2}}, {"type": "Feature", "geometry": {"type": "Point", "coordinates": [127.34, 6.27]}, "properties": {"id": "PH-1094", "datetime_utc": "1973-03-09T10:06:37.700000Z", "year": 1973, "mag": 6.0, "mag_type": "Mb", "depth_km": 55.0, "mb": 6.0}}, {"type": "Feature", "geometry": {"type": "Point", "coordinates": [126.49, 4.16]}, "properties": {"id": "PH-1095", "datetime_utc": "1973-03-12T12:39:02Z", "year": 1973, "mag": 5.5, "mag_type": "Mb", "depth_km": 37.0, "mb": 5.5}}, {"type": "Feature", "geometry": {"type": "Point", "coordinates": [120.36, 13.94]}, "properties": {"id": "PH-1096", "datetime_utc": "1973-03-15T17:58:39.400000Z", "year": 1973, "mag": 5.2, "mag_type": "Mb", "depth_km": 113.0, "mb": 5.2}}, {"type": "Feature", "geometry": {"type": "Point", "coordinates": [126.64, 2.09]}, "properties": {"id": "PH-1097", "datetime_utc": "1973-03-16T00:51:47Z", "year": 1973, "mag": 6.0, "mag_type": "Mb", "depth_km": 18.0, "mb": 6.0}}, {"type": "Feature", "geometry": {"type": "Point", "coordinates": [126.5, 2.17]}, "properties": {"id": "PH-1098", "datetime_utc": "1973-03-16T01:00:48Z", "year": 1973, "mag": 5.4, "mag_type": "Mb", "depth_km": 33.0, "mb": 5.4}}, {"type": "Feature", "geometry": {"type": "Point", "coordinates": [126.39, 2.04]}, "properties": {"id": "PH-1099", "datetime_utc": "1973-03-16T01:09:07.400000Z", "year": 1973, "mag": 5.2, "mag_type": "Mb", "depth_km": 33.0, "mb": 5.2}}, {"type": "Feature", "geometry": {"type": "Point", "coordinates": [126.55, 2.01]}, "properties": {"id": "PH-1100", "datetime_utc": "1973-03-16T02:12:23.300000Z", "year": 1973, "mag": 5.5, "mag_type": "Mb", "depth_km": 47.0, "mb": 5.5}}, {"type": "Feature", "geometry": {"type": "Point", "coordinates": [126.59, 2.03]}, "properties": {"id": "PH-1101", "datetime_utc": "1973-03-18T11:06:14.700000Z", "year": 1973, "mag": 6.0, "mag_type": "Mb", "depth_km": 33.0, "mb": 6.0}}, {"type": "Feature", "geometry": {"type": "Point", "coordinates": [126.79, 2.15]}, "properties": {"id": "PH-1102", "datetime_utc": "1973-03-18T11:23:43.800000Z", "year": 1973, "mag": 5.2, "mag_type": "Mb", "depth_km": 32.0, "mb": 5.2}}, {"type": "Feature", "geometry": {"type": "Point", "coordinates": [126.32, 5.95]}, "properties": {"id": "PH-1103", "datetime_utc": "1973-03-22T22:39:15.500000Z", "year": 1973, "mag": 5.1, "mag_type": "Mb", "depth_km": 102.0, "mb": 5.1}}, {"type": "Feature", "geometry": {"type": "Point", "coordinates": [126.83, 4.19]}, "properties": {"id": "PH-1104", "datetime_utc": "1973-03-23T21:39:47.600000Z", "year": 1973, "mag": 5.6, "mag_type": "Mb", "depth_km": 35.0, "mb": 5.6}}, {"type": "Feature", "geometry": {"type": "Point", "coordinates": [122.48, 11.96]}, "properties": {"id": "PH-1105", "datetime_utc": "1973-03-28T14:39:21.900000Z", "year": 1973, "mag": 5.1, "mag_type": "Mb", "depth_km": 46.0, "mb": 5.1}}, {"type": "Feature", "geometry": {"type": "Point", "coordinates": [124.04, 5.82]}, "properties": {"id": "PH-1106", "datetime_utc": "1973-03-31T00:36:13.600000Z", "year": 1973, "mag": 5.0, "mag_type": "Mb", "depth_km": 554.0, "mb": 5.0}}, {"type": "Feature", "geometry": {"type": "Point", "coordinates": [122.5, 11.94]}, "properties": {"id": "PH-1107", "datetime_utc": "1973-04-05T04:32:09.100000Z", "year": 1973, "mag": 5.4, "mag_type": "Mb", "depth_km": 6.0, "mb": 5.4}}, {"type": "Feature", "geometry": {"type": "Point", "coordinates": [122.66, 11.96]}, "properties": {"id": "PH-1108", "datetime_utc": "1973-04-05T04:32:13.200000Z", "year": 1973, "mag": 5.3, "mag_type": "Mb", "depth_km": 30.0, "mb": 5.3}}, {"type": "Feature", "geometry": {"type": "Point", "coordinates": [122.31, 11.82]}, "properties": {"id": "PH-1109", "datetime_utc": "1973-04-11T04:25:40.600000Z", "year": 1973, "mag": 5.0, "mag_type": "Mb", "depth_km": 21.0, "mb": 5.0}}, {"type": "Feature", "geometry": {"type": "Point", "coordinates": [126.37, 5.47]}, "properties": {"id": "PH-1110", "datetime_utc": "1973-04-13T04:03:56.900000Z", "year": 1973, "mag": 5.3, "mag_type": "Mb", "depth_km": 30.0, "mb": 5.3}}, {"type": "Feature", "geometry": {"type": "Point", "coordinates": [124.09, 6.64]}, "properties": {"id": "PH-1111", "datetime_utc": "1973-04-14T16:17:42.100000Z", "year": 1973, "mag": 5.4, "mag_type": "Mb", "depth_km": 23.0, "mb": 5.4}}, {"type": "Feature", "geometry": {"type": "Point", "coordinates": [124.03, 6.64]}, "properties": {"id": "PH-1112", "datetime_utc": "1973-04-14T16:17:46.900000Z", "year": 1973, "mag": 5.4, "mag_type": "Mb", "depth_km": 57.0, "mb": 5.4}}, {"type": "Feature", "geometry": {"type": "Point", "coordinates": [127.1, 5.83]}, "properties": {"id": "PH-1113", "datetime_utc": "1973-04-17T14:21:57.900000Z", "year": 1973, "mag": 5.1, "mag_type": "Mb", "depth_km": 69.0, "mb": 5.1}}, {"type": "Feature", "geometry": {"type": "Point", "coordinates": [126.9, 7.09]}, "properties": {"id": "PH-1114", "datetime_utc": "1973-04-24T03:52:33.600000Z", "year": 1973, "mag": 5.0, "mag_type": "Mb", "depth_km": 33.0, "mb": 5.0}}, {"type": "Feature", "geometry": {"type": "Point", "coordinates": [117.7, 6.39]}, "properties": {"id": "PH-1115", "datetime_utc": "1973-04-28T20:39:43.900000Z", "year": 1973, "mag": 5.4, "mag_type": "Mb", "depth_km": 33.0, "mb": 5.4}}, {"type": "Feature", "geometry": {"type": "Point", "coordinates": [126.76, 2.28]}, "properties": {"id": "PH-1116", "datetime_utc": "1973-05-04T11:27:13.300000Z", "year": 1973, "mag": 5.9, "mag_type": "Mb", "depth_km": 33.0, "mb": 5.9}}, {"type": "Feature", "geometry": {"type": "Point", "coordinates": [122.5, 11.99]}, "properties": {"id": "PH-1117", "datetime_utc": "1973-05-12T06:35:54.100000Z", "year": 1973, "mag": 5.1, "mag_type": "Mb", "depth_km": 33.0, "mb": 5.1}}, {"type": "Feature", "geometry": {"type": "Point", "coordinates": [122.8, 12.2]}, "properties": {"id": "PH-1118", "datetime_utc": "1973-05-12T06:35:57.500000Z", "year": 1973, "mag": 5.1, "mag_type": "Mb", "depth_km": 33.0, "mb": 5.1}}, {"type": "Feature", "geometry": {"type": "Point", "coordinates": [120.75, 13.64]}, "properties": {"id": "PH-1119", "datetime_utc": "1973-05-13T12:55:42.600000Z", "year": 1973, "mag": 5.3, "mag_type": "Mb", "depth_km": 1.0, "mb": 5.3}}, {"type": "Feature", "geometry": {"type": "Point", "coordinates": [120.89, 13.73]}, "properties": {"id": "PH-1120", "datetime_utc": "1973-05-13T12:55:48.600000Z", "year": 1973, "mag": 5.2, "mag_type": "Mb", "depth_km": 40.0, "mb": 5.2}}, {"type": "Feature", "geometry": {"type": "Point", "coordinates": [121.29, 20.3]}, "properties": {"id": "PH-1121", "datetime_utc": "1973-05-24T01:52:47.300000Z", "year": 1973, "mag": 5.0, "mag_type": "Mb", "depth_km": 33.0, "mb": 5.0}}, {"type": "Feature", "geometry": {"type": "Point", "coordinates": [125.8, 11.64]}, "properties": {"id": "PH-1122", "datetime_utc": "1973-06-11T10:14:29.900000Z", "year": 1973, "mag": 5.3, "mag_type": "Mb", "depth_km": 20.0, "mb": 5.3}}, {"type": "Feature", "geometry": {"type": "Point", "coordinates": [121.15, 19.11]}, "properties": {"id": "PH-1123", "datetime_utc": "1973-06-25T07:19:46.300000Z", "year": 1973, "mag": 5.7, "mag_type": "Mb", "depth_km": 50.0, "mb": 5.7}}, {"type": "Feature", "geometry": {"type": "Point", "coordinates": [126.78, 6.93]}, "properties": {"id": "PH-1124", "datetime_utc": "1973-06-25T20:46:46.300000Z", "year": 1973, "mag": 5.2, "mag_type": "Mb", "depth_km": 73.0, "mb": 5.2}}, {"type": "Feature", "geometry": {"type": "Point", "coordinates": [120.62, 6.59]}, "properties": {"id": "PH-1125", "datetime_utc": "1973-06-02T16:09:13.100000Z", "year": 1973, "mag": 5.1, "mag_type": "Mb", "depth_km": 94.0, "mb": 5.1}}, {"type": "Feature", "geometry": {"type": "Point", "coordinates": [125.43, 12.27]}, "properties": {"id": "PH-1126", "datetime_utc": "1973-07-03T06:37:46.400000Z", "year": 1973, "mag": 5.5, "mag_type": "Mb", "depth_km": 44.0, "mb": 5.5}}, {"type": "Feature", "geometry": {"type": "Point", "coordinates": [125.33, 12.21]}, "properties": {"id": "PH-1127", "datetime_utc": "1973-07-03T07:03:04.900000Z", "year": 1973, "mag": 6.5, "mag_type": "Mb", "depth_km": 33.0, "mb": 6.5}}, {"type": "Feature", "geometry": {"type": "Point", "coordinates": [125.4, 12.28]}, "properties": {"id": "PH-1128", "datetime_utc": "1973-07-03T07:49:22.300000Z", "year": 1973, "mag": 5.4, "mag_type": "Mb", "depth_km": 51.0, "mb": 5.4}}, {"type": "Feature", "geometry": {"type": "Point", "coordinates": [125.39, 12.15]}, "properties": {"id": "PH-1129", "datetime_utc": "1973-07-03T07:57:24Z", "year": 1973, "mag": 5.3, "mag_type": "Mb", "depth_km": 56.0, "mb": 5.3}}, {"type": "Feature", "geometry": {"type": "Point", "coordinates": [125.55, 12.18]}, "properties": {"id": "PH-1130", "datetime_utc": "1973-07-03T08:20:34.700000Z", "year": 1973, "mag": 5.2, "mag_type": "Mb", "depth_km": 40.0, "mb": 5.2}}, {"type": "Feature", "geometry": {"type": "Point", "coordinates": [125.28, 12.27]}, "properties": {"id": "PH-1131", "datetime_utc": "1973-07-03T09:03:30.700000Z", "year": 1973, "mag": 5.2, "mag_type": "Mb", "depth_km": 33.0, "mb": 5.2}}, {"type": "Feature", "geometry": {"type": "Point", "coordinates": [125.51, 12.15]}, "properties": {"id": "PH-1132", "datetime_utc": "1973-07-03T11:33:38.400000Z", "year": 1973, "mag": 5.4, "mag_type": "Mb", "depth_km": 33.0, "mb": 5.4}}, {"type": "Feature", "geometry": {"type": "Point", "coordinates": [125.2, 12.18]}, "properties": {"id": "PH-1133", "datetime_utc": "1973-07-03T20:28:08.300000Z", "year": 1973, "mag": 5.0, "mag_type": "Mb", "depth_km": 60.0, "mb": 5.0}}, {"type": "Feature", "geometry": {"type": "Point", "coordinates": [124.7, 13.23]}, "properties": {"id": "PH-1134", "datetime_utc": "1973-07-05T22:46:16.300000Z", "year": 1973, "mag": 5.6, "mag_type": "Mb", "depth_km": 38.0, "mb": 5.6}}, {"type": "Feature", "geometry": {"type": "Point", "coordinates": [125.63, 12.29]}, "properties": {"id": "PH-1135", "datetime_utc": "1973-07-08T00:02:46.400000Z", "year": 1973, "mag": 5.3, "mag_type": "Mb", "depth_km": 47.0, "mb": 5.3}}, {"type": "Feature", "geometry": {"type": "Point", "coordinates": [126.5, 5.97]}, "properties": {"id": "PH-1136", "datetime_utc": "1973-07-09T07:47:51.100000Z", "year": 1973, "mag": 5.1, "mag_type": "Mb", "depth_km": 90.0, "mb": 5.1}}, {"type": "Feature", "geometry": {"type": "Point", "coordinates": [125.46, 12.23]}, "properties": {"id": "PH-1137", "datetime_utc": "1973-07-12T19:10:23.500000Z", "year": 1973, "mag": 5.2, "mag_type": "Mb", "depth_km": 33.0, "mb": 5.2}}, {"type": "Feature", "geometry": {"type": "Point", "coordinates": [125.83, 5.15]}, "properties": {"id": "PH-1138", "datetime_utc": "1973-07-14T05:19:57.800000Z", "year": 1973, "mag": 5.0, "mag_type": "Mb", "depth_km": 112.0, "mb": 5.0}}, {"type": "Feature", "geometry": {"type": "Point", "coordinates": [119.86, 14.93]}, "properties": {"id": "PH-1139", "datetime_utc": "1973-07-18T03:53:41.200000Z", "year": 1973, "mag": 5.1, "mag_type": "Mb", "depth_km": 56.0, "mb": 5.1}}, {"type": "Feature", "geometry": {"type": "Point", "coordinates": [125.22, 3.45]}, "properties": {"id": "PH-1140", "datetime_utc": "1973-07-18T22:17:19.300000Z", "year": 1973, "mag": 5.4, "mag_type": "Mb", "depth_km": 154.0, "mb": 5.4}}, {"type": "Feature", "geometry": {"type": "Point", "coordinates": [121.4, 20.04]}, "properties": {"id": "PH-1141", "datetime_utc": "1973-07-21T11:46:34.900000Z", "year": 1973, "mag": 5.0, "mag_type": "Mb", "depth_km": 72.0, "mb": 5.0}}, {"type": "Feature", "geometry": {"type": "Point", "coordinates": [124.02, 6.32]}, "properties": {"id": "PH-1142", "datetime_utc": "1973-07-22T15:27:01.500000Z", "year": 1973, "mag": 5.1, "mag_type": "Mb", "depth_km": 33.0, "mb": 5.1}}, {"type": "Feature", "geometry": {"type": "Point", "coordinates": [121.29, 21.83]}, "properties": {"id": "PH-1143", "datetime_utc": "1973-07-23T14:34:05Z", "year": 1973, "mag": 5.6, "mag_type": "Mb", "depth_km": 30.0, "mb": 5.6}}, {"type": "Feature", "geometry": {"type": "Point", "coordinates": [126.79, 7.14]}, "properties": {"id": "PH-1144", "datetime_utc": "1973-07-25T18:28:32.100000Z", "year": 1973, "mag": 5.1, "mag_type": "Mb", "depth_km": 73.0, "mb": 5.1}}, {"type": "Feature", "geometry": {"type": "Point", "coordinates": [125.78, 12.24]}, "properties": {"id": "PH-1145", "datetime_utc": "1973-07-25T19:58:55.800000Z", "year": 1973, "mag": 5.3, "mag_type": "Mb", "depth_km": 33.0, "mb": 5.3}}, {"type": "Feature", "geometry": {"type": "Point", "coordinates": [125.89, 11.99]}, "properties": {"id": "PH-1146", "datetime_utc": "1973-07-25T21:08:28Z", "year": 1973, "mag": 5.2, "mag_type": "Mb", "depth_km": 33.0, "mb": 5.2}}, {"type": "Feature", "geometry": {"type": "Point", "coordinates": [121.49, 11.58]}, "properties": {"id": "PH-1147", "datetime_utc": "1973-08-17T18:48:16.800000Z", "year": 1973, "mag": 5.4, "mag_type": "Mb", "depth_km": 48.0, "mb": 5.4}}, {"type": "Feature", "geometry": {"type": "Point", "coordinates": [121.39, 11.51]}, "properties": {"id": "PH-1148", "datetime_utc": "1973-08-18T08:25:44.100000Z", "year": 1973, "mag": 5.9, "mag_type": "Mb", "depth_km": 14.0, "mb": 5.9}}, {"type": "Feature", "geometry": {"type": "Point", "coordinates": [121.18, 11.36]}, "properties": {"id": "PH-1149", "datetime_utc": "1973-08-19T01:45:18.900000Z", "year": 1973, "mag": 5.2, "mag_type": "Mb", "depth_km": 22.0, "mb": 5.2}}, {"type": "Feature", "geometry": {"type": "Point", "coordinates": [126.62, 2.94]}, "properties": {"id": "PH-1150", "datetime_utc": "1973-08-21T01:45:45.700000Z", "year": 1973, "mag": 5.2, "mag_type": "Mb", "depth_km": 62.0, "mb": 5.2}}, {"type": "Feature", "geometry": {"type": "Point", "coordinates": [121.98, 16.44]}, "properties": {"id": "PH-1151", "datetime_utc": "1973-08-23T17:25:37.700000Z", "year": 1973, "mag": 5.1, "mag_type": "Mb", "depth_km": 67.0, "mb": 5.1}}, {"type": "Feature", "geometry": {"type": "Point", "coordinates": [125.44, 12.26]}, "properties": {"id": "PH-1152", "datetime_utc": "1973-08-23T18:38:11.100000Z", "year": 1973, "mag": 5.2, "mag_type": "Mb", "depth_km": 3.0, "mb": 5.2}}, {"type": "Feature", "geometry": {"type": "Point", "coordinates": [121.6, 19.49]}, "properties": {"id": "PH-1153", "datetime_utc": "1973-08-25T21:50:01.400000Z", "year": 1973, "mag": 5.1, "mag_type": "Mb", "depth_km": 44.0, "mb": 5.1}}, {"type": "Feature", "geometry": {"type": "Point", "coordinates": [123.74, 7.41]}, "properties": {"id": "PH-1154", "datetime_utc": "1973-09-02T00:29:26.200000Z", "year": 1973, "mag": 5.3, "mag_type": "Mb", "depth_km": 6.0, "mb": 5.3}}, {"type": "Feature", "geometry": {"type": "Point", "coordinates": [126.16, 9.16]}, "properties": {"id": "PH-1155", "datetime_utc": "1973-09-13T06:19:45.800000Z", "year": 1973, "mag": 5.8, "mag_type": "Mb", "depth_km": 68.0, "mb": 5.8}}, {"type": "Feature", "geometry": {"type": "Point", "coordinates": [123.79, 9.05]}, "properties": {"id": "PH-1156", "datetime_utc": "1973-09-20T20:43:39.800000Z", "year": 1973, "mag": 6.0, "mag_type": "Mb", "depth_km": 560.0, "mb": 6.0}}, {"type": "Feature", "geometry": {"type": "Point", "coordinates": [120.66, 18.58]}, "properties": {"id": "PH-1157", "datetime_utc": "1973-09-21T13:48:32.200000Z", "year": 1973, "mag": 5.2, "mag_type": "Mb", "depth_km": 28.0, "mb": 5.2}}, {"type": "Feature", "geometry": {"type": "Point", "coordinates": [124.6, 6.32]}, "properties": {"id": "PH-1158", "datetime_utc": "1973-09-22T01:41:03.600000Z", "year": 1973, "mag": 5.1, "mag_type": "Mb", "depth_km": 528.0, "mb": 5.1}}, {"type": "Feature", "geometry": {"type": "Point", "coordinates": [126.31, 9.96]}, "properties": {"id": "PH-1159", "datetime_utc": "1973-09-22T05:01:44.200000Z", "year": 1973, "mag": 5.3, "mag_type": "Mb", "depth_km": 36.0, "mb": 5.3}}, {"type": "Feature", "geometry": {"type": "Point", "coordinates": [126.16, 9.83]}, "properties": {"id": "PH-1160", "datetime_utc": "1973-09-22T05:42:27.600000Z", "year": 1973, "mag": 5.1, "mag_type": "Mb", "depth_km": 54.0, "mb": 5.1}}, {"type": "Feature", "geometry": {"type": "Point", "coordinates": [127.1, 3.55]}, "properties": {"id": "PH-1161", "datetime_utc": "1973-09-22T12:38:52.300000Z", "year": 1973, "mag": 5.2, "mag_type": "Mb", "depth_km": 33.0, "mb": 5.2}}, {"type": "Feature", "geometry": {"type": "Point", "coordinates": [125.09, 11.63]}, "properties": {"id": "PH-1162", "datetime_utc": "1973-09-23T00:32:17.300000Z", "year": 1973, "mag": 5.1, "mag_type": "Mb", "depth_km": 99.0, "mb": 5.1}}, {"type": "Feature", "geometry": {"type": "Point", "coordinates": [125.29, 10.35]}, "properties": {"id": "PH-1163", "datetime_utc": "1973-09-23T12:25:52Z", "year": 1973, "mag": 5.7, "mag_type": "Mb", "depth_km": 39.0, "mb": 5.7}}, {"type": "Feature", "geometry": {"type": "Point", "coordinates": [126.35, 9.94]}, "properties": {"id": "PH-1164", "datetime_utc": "1973-09-23T16:40:34.800000Z", "year": 1973, "mag": 5.2, "mag_type": "Mb", "depth_km": 46.0, "mb": 5.2}}, {"type": "Feature", "geometry": {"type": "Point", "coordinates": [126.56, 9.82]}, "properties": {"id": "PH-1165", "datetime_utc": "1973-09-24T10:41:10.500000Z", "year": 1973, "mag": 5.0, "mag_type": "Mb", "depth_km": 45.0, "mb": 5.0}}, {"type": "Feature", "geometry": {"type": "Point", "coordinates": [126.56, 9.82]}, "properties": {"id": "PH-1166", "datetime_utc": "1973-09-24T10:41:10.500000Z", "year": 1973, "mag": 5.0, "mag_type": "Mb", "depth_km": 45.0, "mb": 5.0}}, {"type": "Feature", "geometry": {"type": "Point", "coordinates": [126.83, 7.52]}, "properties": {"id": "PH-1167", "datetime_utc": "1973-09-25T22:26:31.600000Z", "year": 1973, "mag": 5.2, "mag_type": "Mb", "depth_km": 94.0, "mb": 5.2}}, {"type": "Feature", "geometry": {"type": "Point", "coordinates": [125.27, 10.22]}, "properties": {"id": "PH-1168", "datetime_utc": "1973-09-26T09:46:48.800000Z", "year": 1973, "mag": 5.4, "mag_type": "Mb", "depth_km": 33.0, "mb": 5.4}}, {"type": "Feature", "geometry": {"type": "Point", "coordinates": [126.72, 2.61]}, "properties": {"id": "PH-1169", "datetime_utc": "1973-09-27T08:36:03.900000Z", "year": 1973, "mag": 5.0, "mag_type": "Mb", "depth_km": 33.0, "mb": 5.0}}, {"type": "Feature", "geometry": {"type": "Point", "coordinates": [126.12, 9.92]}, "properties": {"id": "PH-1170", "datetime_utc": "1973-09-30T10:09:28.500000Z", "year": 1973, "mag": 5.2, "mag_type": "Mb", "depth_km": 77.0, "mb": 5.2}}, {"type": "Feature", "geometry": {"type": "Point", "coordinates": [125.75, 5.41]}, "properties": {"id": "PH-1171", "datetime_utc": "1973-10-01T13:41:57.500000Z", "year": 1973, "mag": 5.1, "mag_type": "Mb", "depth_km": 134.0, "mb": 5.1}}, {"type": "Feature", "geometry": {"type": "Point", "coordinates": [126.15, 9.87]}, "properties": {"id": "PH-1172", "datetime_utc": "1973-10-02T21:18:18.600000Z", "year": 1973, "mag": 5.8, "mag_type": "Mb", "depth_km": 71.0, "mb": 5.8}}, {"type": "Feature", "geometry": {"type": "Point", "coordinates": [125.71, 5.79]}, "properties": {"id": "PH-1173", "datetime_utc": "1973-10-03T05:27:45.100000Z", "year": 1973, "mag": 5.0, "mag_type": "Mb", "depth_km": 132.0, "mb": 5.0}}, {"type": "Feature", "geometry": {"type": "Point", "coordinates": [125.62, 9.73]}, "properties": {"id": "PH-1174", "datetime_utc": "1973-10-06T16:34:33.300000Z", "year": 1973, "mag": 5.5, "mag_type": "Mb", "depth_km": 82.0, "mb": 5.5}}, {"type": "Feature", "geometry": {"type": "Point", "coordinates": [122.34, 16.33]}, "properties": {"id": "PH-1175", "datetime_utc": "1973-10-07T12:20:37.200000Z", "year": 1973, "mag": 5.0, "mag_type": "Mb", "depth_km": 33.0, "mb": 5.0}}, {"type": "Feature", "geometry": {"type": "Point", "coordinates": [122.35, 16.29]}, "properties": {"id": "PH-1176", "datetime_utc": "1973-10-09T01:44:57.500000Z", "year": 1973, "mag": 5.2, "mag_type": "Mb", "depth_km": 33.0, "mb": 5.2}}, {"type": "Feature", "geometry": {"type": "Point", "coordinates": [126.01, 12.79]}, "properties": {"id": "PH-1177", "datetime_utc": "1973-10-09T20:29:24Z", "year": 1973, "mag": 5.0, "mag_type": "Mb", "depth_km": 56.0, "mb": 5.0}}, {"type": "Feature", "geometry": {"type": "Point", "coordinates": [125.56, 3.82]}, "properties": {"id": "PH-1178", "datetime_utc": "1973-10-25T04:56:04.300000Z", "year": 1973, "mag": 5.3, "mag_type": "Mb", "depth_km": 147.0, "mb": 5.3}}, {"type": "Feature", "geometry": {"type": "Point", "coordinates": [120.24, 13.79]}, "properties": {"id": "PH-1179", "datetime_utc": "1973-10-25T06:41:11.300000Z", "year": 1973, "mag": 5.6, "mag_type": "Mb", "depth_km": 63.0, "mb": 5.6}}, {"type": "Feature", "geometry": {"type": "Point", "coordinates": [126.13, 11.69]}, "properties": {"id": "PH-1180", "datetime_utc": "1973-10-26T14:47:05Z", "year": 1973, "mag": 5.0, "mag_type": "Mb", "depth_km": 78.0, "mb": 5.0}}, {"type": "Feature", "geometry": {"type": "Point", "coordinates": [123.93, 9.12]}, "properties": {"id": "PH-1181", "datetime_utc": "1973-10-28T14:52:04.100000Z", "year": 1973, "mag": 5.1, "mag_type": "Mb", "depth_km": 554.0, "mb": 5.1}}, {"type": "Feature", "geometry": {"type": "Point", "coordinates": [124.37, 3.79]}, "properties": {"id": "PH-1182", "datetime_utc": "1973-11-03T18:49:15.200000Z", "year": 1973, "mag": 5.0, "mag_type": "Mb", "depth_km": 272.0, "mb": 5.0}}, {"type": "Feature", "geometry": {"type": "Point", "coordinates": [125.69, 3.99]}, "properties": {"id": "PH-1183", "datetime_utc": "1973-11-08T17:22:58.700000Z", "year": 1973, "mag": 5.1, "mag_type": "Mb", "depth_km": 149.0, "mb": 5.1}}, {"type": "Feature", "geometry": {"type": "Point", "coordinates": [126.23, 8.95]}, "properties": {"id": "PH-1184", "datetime_utc": "1973-11-15T23:19:13.600000Z", "year": 1973, "mag": 5.0, "mag_type": "Mb", "depth_km": 83.0, "mb": 5.0}}, {"type": "Feature", "geometry": {"type": "Point", "coordinates": [121.02, 13.45]}, "properties": {"id": "PH-1185", "datetime_utc": "1973-11-21T12:05:46.300000Z", "year": 1973, "mag": 5.1, "mag_type": "Mb", "depth_km": 39.0, "mb": 5.1}}, {"type": "Feature", "geometry": {"type": "Point", "coordinates": [127.59, 5.14]}, "properties": {"id": "PH-1186", "datetime_utc": "1973-12-08T04:47:59.500000Z", "year": 1973, "mag": 5.0, "mag_type": "Mb", "depth_km": 121.0, "mb": 5.0}}, {"type": "Feature", "geometry": {"type": "Point", "coordinates": [127.12, 3.63]}, "properties": {"id": "PH-1187", "datetime_utc": "1973-12-08T12:49:43.600000Z", "year": 1973, "mag": 5.3, "mag_type": "Mb", "depth_km": 38.0, "mb": 5.3}}, {"type": "Feature", "geometry": {"type": "Point", "coordinates": [122.46, 3.44]}, "properties": {"id": "PH-1188", "datetime_utc": "1973-12-11T08:13:12.600000Z", "year": 1973, "mag": 5.4, "mag_type": "Mb", "depth_km": 560.0, "mb": 5.4}}, {"type": "Feature", "geometry": {"type": "Point", "coordinates": [126.61, 10.02]}, "properties": {"id": "PH-1189", "datetime_utc": "1973-12-30T10:23:24.200000Z", "year": 1973, "mag": 5.2, "mag_type": "Mb", "depth_km": 42.0, "mb": 5.2}}, {"type": "Feature", "geometry": {"type": "Point", "coordinates": [121.4, 19.1]}, "properties": {"id": "PH-1190", "datetime_utc": "1974-01-07T03:55:38Z", "year": 1974, "mag": 5.5, "mag_type": "Mb", "depth_km": 33.0, "mb": 5.5}}, {"type": "Feature", "geometry": {"type": "Point", "coordinates": [121.0, 19.1]}, "properties": {"id": "PH-1191", "datetime_utc": "1974-01-07T03:55:39.100000Z", "year": 1974, "mag": 5.0, "mag_type": "Mb", "depth_km": 39.0, "mb": 5.0}}, {"type": "Feature", "geometry": {"type": "Point", "coordinates": [121.1, 18.9]}, "properties": {"id": "PH-1192", "datetime_utc": "1974-01-07T03:55:41.700000Z", "year": 1974, "mag": 5.0, "mag_type": "Mb", "depth_km": 58.0, "mb": 5.0}}, {"type": "Feature", "geometry": {"type": "Point", "coordinates": [120.2, 16.7]}, "properties": {"id": "PH-1193", "datetime_utc": "1974-01-17T02:44:03Z", "year": 1974, "mag": 5.5, "mag_type": "Mb", "depth_km": 33.0, "mb": 5.5}}, {"type": "Feature", "geometry": {"type": "Point", "coordinates": [119.9, 16.7]}, "properties": {"id": "PH-1194", "datetime_utc": "1974-01-17T02:44:08.900000Z", "year": 1974, "mag": 5.2, "mag_type": "Mb", "depth_km": 73.0, "mb": 5.2}}, {"type": "Feature", "geometry": {"type": "Point", "coordinates": [122.2, 8.2]}, "properties": {"id": "PH-1195", "datetime_utc": "1974-01-18T01:12:56.200000Z", "year": 1974, "mag": 5.4, "mag_type": "Mb", "depth_km": 33.0, "mb": 5.4}}, {"type": "Feature", "geometry": {"type": "Point", "coordinates": [122.3, 8.2]}, "properties": {"id": "PH-1196", "datetime_utc": "1974-01-18T01:12:58.900000Z", "year": 1974, "mag": 5.1, "mag_type": "Mb", "depth_km": 54.0, "mb": 5.1}}, {"type": "Feature", "geometry": {"type": "Point", "coordinates": [126.5, 8.4]}, "properties": {"id": "PH-1197", "datetime_utc": "1974-01-22T10:00:09.300000Z", "year": 1974, "mag": 5.8, "mag_type": "Mb", "depth_km": 33.0, "mb": 5.8}}, {"type": "Feature", "geometry": {"type": "Point", "coordinates": [120.1, 18.9]}, "properties": {"id": "PH-1198", "datetime_utc": "1974-02-03T10:08:47.400000Z", "year": 1974, "mag": 5.8, "mag_type": "Mb", "depth_km": 21.0, "mb": 5.8}}, {"type": "Feature", "geometry": {"type": "Point", "coordinates": [126.3, 8.9]}, "properties": {"id": "PH-1199", "datetime_utc": "1974-02-04T08:08:48.600000Z", "year": 1974, "mag": 5.3, "mag_type": "Mb", "depth_km": 53.0, "mb": 5.3}}, {"type": "Feature", "geometry": {"type": "Point", "coordinates": [125.1, 6.2]}, "properties": {"id": "PH-1200", "datetime_utc": "1974-02-04T09:02:03.800000Z", "year": 1974, "mag": 5.1, "mag_type": "Mb", "depth_km": 25.0, "mb": 5.1}}, {"type": "Feature", "geometry": {"type": "Point", "coordinates": [127.6, 4.3]}, "properties": {"id": "PH-1201", "datetime_utc": "1974-02-07T16:22:30.800000Z", "year": 1974, "mag": 5.2, "mag_type": "Mb", "depth_km": 42.0, "mb": 5.2}}, {"type": "Feature", "geometry": {"type": "Point", "coordinates": [127.7, 4.3]}, "properties": {"id": "PH-1202", "datetime_utc": "1974-02-07T16:22:37.600000Z", "year": 1974, "mag": 5.0, "mag_type": "Mb", "depth_km": 103.0, "mb": 5.0}}, {"type": "Feature", "geometry": {"type": "Point", "coordinates": [120.1, 16.2]}, "properties": {"id": "PH-1203", "datetime_utc": "1974-02-09T08:28:12Z", "year": 1974, "mag": 5.5, "mag_type": "Mb", "depth_km": 33.0, "mb": 5.5}}, {"type": "Feature", "geometry": {"type": "Point", "coordinates": [119.9, 15.9]}, "properties": {"id": "PH-1204", "datetime_utc": "1974-02-09T08:28:15.300000Z", "year": 1974, "mag": 5.2, "mag_type": "Mb", "depth_km": 65.0, "mb": 5.2}}, {"type": "Feature", "geometry": {"type": "Point", "coordinates": [119.9, 16.0]}, "properties": {"id": "PH-1205", "datetime_utc": "1974-02-09T08:28:18.300000Z", "year": 1974, "mag": 5.0, "mag_type": "Mb", "depth_km": 87.0, "mb": 5.0}}, {"type": "Feature", "geometry": {"type": "Point", "coordinates": [126.8, 9.3]}, "properties": {"id": "PH-1206", "datetime_utc": "1974-02-11T00:11:09.600000Z", "year": 1974, "mag": 5.1, "mag_type": "Mb", "depth_km": 33.0, "mb": 5.1}}, {"type": "Feature", "geometry": {"type": "Point", "coordinates": [127.0, 9.4]}, "properties": {"id": "PH-1207", "datetime_utc": "1974-02-11T00:11:04.800000Z", "year": 1974, "mag": 5.2, "mag_type": "Mb", "depth_km": 33.0, "mb": 5.2}}, {"type": "Feature", "geometry": {"type": "Point", "coordinates": [120.4, 13.6]}, "properties": {"id": "PH-1208", "datetime_utc": "1974-02-12T09:47:46.700000Z", "year": 1974, "mag": 5.4, "mag_type": "Mb", "depth_km": 88.0, "mb": 5.4}}, {"type": "Feature", "geometry": {"type": "Point", "coordinates": [122.2, 14.0]}, "properties": {"id": "PH-1209", "datetime_utc": "1974-02-19T03:30:21.800000Z", "year": 1974, "mag": 5.7, "mag_type": "Mb", "depth_km": 17.0, "mb": 5.7}}, {"type": "Feature", "geometry": {"type": "Point", "coordinates": [125.5, 11.8]}, "properties": {"id": "PH-1210", "datetime_utc": "1974-02-21T18:48:08.900000Z", "year": 1974, "mag": 5.2, "mag_type": "Mb", "depth_km": 33.0, "mb": 5.2}}, {"type": "Feature", "geometry": {"type": "Point", "coordinates": [125.4, 2.6]}, "properties": {"id": "PH-1211", "datetime_utc": "1974-02-27T00:21:57.700000Z", "year": 1974, "mag": 5.2, "mag_type": "Mb", "depth_km": 33.0, "mb": 5.2}}, {"type": "Feature", "geometry": {"type": "Point", "coordinates": [125.3, 2.5]}, "properties": {"id": "PH-1212", "datetime_utc": "1974-03-13T00:15:32.100000Z", "year": 1974, "mag": 5.0, "mag_type": "Mb", "depth_km": 10.0, "mb": 5.0}}, {"type": "Feature", "geometry": {"type": "Point", "coordinates": [125.4, 2.7]}, "properties": {"id": "PH-1213", "datetime_utc": "1974-03-13T00:15:37.400000Z", "year": 1974, "mag": 5.2, "mag_type": "Mb", "depth_km": 51.0, "mb": 5.2}}, {"type": "Feature", "geometry": {"type": "Point", "coordinates": [126.7, 11.3]}, "properties": {"id": "PH-1214", "datetime_utc": "1974-03-13T02:50:17Z", "year": 1974, "mag": 5.0, "mag_type": "Mb", "depth_km": 54.0, "mb": 5.0}}, {"type": "Feature", "geometry": {"type": "Point", "coordinates": [126.7, 11.3]}, "properties": {"id": "PH-1215", "datetime_utc": "1974-03-13T02:50:17Z", "year": 1974, "mag": 5.0, "mag_type": "Mb", "depth_km": 54.0, "mb": 5.0}}, {"type": "Feature", "geometry": {"type": "Point", "coordinates": [128.6, 2.4]}, "properties": {"id": "PH-1216", "datetime_utc": "1974-03-13T16:40:50.500000Z", "year": 1974, "mag": 5.1, "mag_type": "Mb", "depth_km": 33.0, "mb": 5.1}}, {"type": "Feature", "geometry": {"type": "Point", "coordinates": [122.23, 10.1]}, "properties": {"id": "PH-1217", "datetime_utc": "1974-03-15T21:44:25.500000Z", "year": 1974, "mag": 5.0, "mag_type": "Mb", "depth_km": 33.0, "mb": 5.0}}, {"type": "Feature", "geometry": {"type": "Point", "coordinates": [119.97, 17.08]}, "properties": {"id": "PH-1218", "datetime_utc": "1974-03-22T01:58:30.200000Z", "year": 1974, "mag": 5.1, "mag_type": "Mb", "depth_km": 54.0, "mb": 5.1}}, {"type": "Feature", "geometry": {"type": "Point", "coordinates": [125.29, 2.63]}, "properties": {"id": "PH-1219", "datetime_utc": "1974-04-03T22:40:25.300000Z", "year": 1974, "mag": 5.1, "mag_type": "Mb", "depth_km": 26.0, "mb": 5.1}}, {"type": "Feature", "geometry": {"type": "Point", "coordinates": [121.55, 2.02]}, "properties": {"id": "PH-1220", "datetime_utc": "1974-04-04T12:41:29Z", "year": 1974, "mag": 5.3, "mag_type": "Mb", "depth_km": 34.0, "mb": 5.3}}, {"type": "Feature", "geometry": {"type": "Point", "coordinates": [126.88, 2.16]}, "properties": {"id": "PH-1221", "datetime_utc": "1974-04-07T23:34:35.400000Z", "year": 1974, "mag": 5.0, "mag_type": "Mb", "depth_km": 33.0, "mb": 5.0}}, {"type": "Feature", "geometry": {"type": "Point", "coordinates": [120.83, 18.91]}, "properties": {"id": "PH-1222", "datetime_utc": "1974-04-15T03:43:52.400000Z", "year": 1974, "mag": 5.3, "mag_type": "Mb", "depth_km": 45.0, "mb": 5.3}}, {"type": "Feature", "geometry": {"type": "Point", "coordinates": [125.43, 2.75]}, "properties": {"id": "PH-1223", "datetime_utc": "1974-04-15T12:00:34.400000Z", "year": 1974, "mag": 5.1, "mag_type": "Mb", "depth_km": 36.0, "mb": 5.1}}, {"type": "Feature", "geometry": {"type": "Point", "coordinates": [120.65, 13.83]}, "properties": {"id": "PH-1224", "datetime_utc": "1974-04-16T11:22:52.900000Z", "year": 1974, "mag": 5.4, "mag_type": "Mb", "depth_km": 123.0, "mb": 5.4}}, {"type": "Feature", "geometry": {"type": "Point", "coordinates": [128.62, 2.96]}, "properties": {"id": "PH-1225", "datetime_utc": "1974-04-18T09:38:56.600000Z", "year": 1974, "mag": 5.0, "mag_type": "Mb", "depth_km": 33.0, "mb": 5.0}}, {"type": "Feature", "geometry": {"type": "Point", "coordinates": [125.07, 13.75]}, "properties": {"id": "PH-1226", "datetime_utc": "1974-04-20T04:26:51.500000Z", "year": 1974, "mag": 5.1, "mag_type": "Mb", "depth_km": 33.0, "mb": 5.1}}, {"type": "Feature", "geometry": {"type": "Point", "coordinates": [128.86, 2.56]}, "properties": {"id": "PH-1227", "datetime_utc": "1974-04-24T20:14:17.300000Z", "year": 1974, "mag": 5.0, "mag_type": "Mb", "depth_km": 217.0, "mb": 5.0}}, {"type": "Feature", "geometry": {"type": "Point", "coordinates": [127.67, 5.72]}, "properties": {"id": "PH-1228", "datetime_utc": "1974-05-04T23:44:14.400000Z", "year": 1974, "mag": 5.0, "mag_type": "Mb", "depth_km": 57.0, "mb": 5.0}}, {"type": "Feature", "geometry": {"type": "Point", "coordinates": [125.48, 2.57]}, "properties": {"id": "PH-1229", "datetime_utc": "1974-05-06T10:25:22.800000Z", "year": 1974, "mag": 5.0, "mag_type": "Mb", "depth_km": 39.0, "mb": 5.0}}, {"type": "Feature", "geometry": {"type": "Point", "coordinates": [126.03, 2.43]}, "properties": {"id": "PH-1230", "datetime_utc": "1974-05-08T22:22:48.800000Z", "year": 1974, "mag": 5.2, "mag_type": "Mb", "depth_km": 87.0, "mb": 5.2}}, {"type": "Feature", "geometry": {"type": "Point", "coordinates": [127.76, 4.08]}, "properties": {"id": "PH-1231", "datetime_utc": "1974-05-11T03:13:44.300000Z", "year": 1974, "mag": 5.4, "mag_type": "Mb", "depth_km": 33.0, "mb": 5.4}}, {"type": "Feature", "geometry": {"type": "Point", "coordinates": [126.69, 2.82]}, "properties": {"id": "PH-1232", "datetime_utc": "1974-05-12T11:56:55.100000Z", "year": 1974, "mag": 5.2, "mag_type": "Mb", "depth_km": 33.0, "mb": 5.2}}, {"type": "Feature", "geometry": {"type": "Point", "coordinates": [126.99, 2.76]}, "properties": {"id": "PH-1233", "datetime_utc": "1974-05-12T12:00:50Z", "year": 1974, "mag": 5.2, "mag_type": "Mb", "depth_km": 33.0, "mb": 5.2}}, {"type": "Feature", "geometry": {"type": "Point", "coordinates": [126.81, 2.83]}, "properties": {"id": "PH-1234", "datetime_utc": "1974-05-12T19:59:14.700000Z", "year": 1974, "mag": 5.1, "mag_type": "Mb", "depth_km": 33.0, "mb": 5.1}}, {"type": "Feature", "geometry": {"type": "Point", "coordinates": [126.62, 2.91]}, "properties": {"id": "PH-1235", "datetime_utc": "1974-05-12T20:03:41.300000Z", "year": 1974, "mag": 5.0, "mag_type": "Mb", "depth_km": 33.0, "mb": 5.0}}, {"type": "Feature", "geometry": {"type": "Point", "coordinates": [126.44, 2.77]}, "properties": {"id": "PH-1236", "datetime_utc": "1974-05-12T20:17:23.600000Z", "year": 1974, "mag": 5.2, "mag_type": "Mb", "depth_km": 33.0, "mb": 5.2}}, {"type": "Feature", "geometry": {"type": "Point", "coordinates": [124.22, 10.07]}, "properties": {"id": "PH-1237", "datetime_utc": "1974-05-13T02:01:29.700000Z", "year": 1974, "mag": 5.3, "mag_type": "Mb", "depth_km": 592.0, "mb": 5.3}}, {"type": "Feature", "geometry": {"type": "Point", "coordinates": [126.54, 2.71]}, "properties": {"id": "PH-1238", "datetime_utc": "1974-05-13T20:02:29.900000Z", "year": 1974, "mag": 5.4, "mag_type": "Mb", "depth_km": 33.0, "mb": 5.4}}, {"type": "Feature", "geometry": {"type": "Point", "coordinates": [126.67, 2.9]}, "properties": {"id": "PH-1239", "datetime_utc": "1974-05-14T13:07:15.900000Z", "year": 1974, "mag": 5.2, "mag_type": "Mb", "depth_km": 42.0, "mb": 5.2}}, {"type": "Feature", "geometry": {"type": "Point", "coordinates": [122.98, 8.16]}, "properties": {"id": "PH-1240", "datetime_utc": "1974-05-21T00:33:05.300000Z", "year": 1974, "mag": 5.0, "mag_type": "Mb", "depth_km": 77.0, "mb": 5.0}}, {"type": "Feature", "geometry": {"type": "Point", "coordinates": [123.16, 8.53]}, "properties": {"id": "PH-1241", "datetime_utc": "1974-05-27T10:37:05.800000Z", "year": 1974, "mag": 5.2, "mag_type": "Mb", "depth_km": 35.0, "mb": 5.2}}, {"type": "Feature", "geometry": {"type": "Point", "coordinates": [125.28, 2.68]}, "properties": {"id": "PH-1242", "datetime_utc": "1974-06-02T15:59:51.400000Z", "year": 1974, "mag": 5.4, "mag_type": "Mb", "depth_km": 33.0, "mb": 5.4}}, {"type": "Feature", "geometry": {"type": "Point", "coordinates": [121.07, 18.29]}, "properties": {"id": "PH-1243", "datetime_utc": "1974-06-20T22:40:06.700000Z", "year": 1974, "mag": 5.0, "mag_type": "Mb", "depth_km": 33.0, "mb": 5.0}}, {"type": "Feature", "geometry": {"type": "Point", "coordinates": [126.12, 10.97]}, "properties": {"id": "PH-1244", "datetime_utc": "1974-06-25T00:22:07.500000Z", "year": 1974, "mag": 5.2, "mag_type": "Mb", "depth_km": 33.0, "mb": 5.2}}, {"type": "Feature", "geometry": {"type": "Point", "coordinates": [125.67, 2.74]}, "properties": {"id": "PH-1245", "datetime_utc": "1974-07-28T21:49:21.600000Z", "year": 1974, "mag": 5.6, "mag_type": "Mb", "depth_km": 100.0, "mb": 5.6}}, {"type": "Feature", "geometry": {"type": "Point", "coordinates": [125.61, 3.7]}, "properties": {"id": "PH-1246", "datetime_utc": "1974-08-07T18:49:54.900000Z", "year": 1974, "mag": 5.4, "mag_type": "Mb", "depth_km": 158.0, "mb": 5.4}}, {"type": "Feature", "geometry": {"type": "Point", "coordinates": [126.19, 2.65]}, "properties": {"id": "PH-1247", "datetime_utc": "1974-08-13T07:18:03.200000Z", "year": 1974, "mag": 5.2, "mag_type": "Mb", "depth_km": 33.0, "mb": 5.2}}, {"type": "Feature", "geometry": {"type": "Point", "coordinates": [128.82, 4.09]}, "properties": {"id": "PH-1248", "datetime_utc": "1974-08-15T02:00:47.100000Z", "year": 1974, "mag": 5.0, "mag_type": "Mb", "depth_km": 58.0, "mb": 5.0}}, {"type": "Feature", "geometry": {"type": "Point", "coordinates": [126.95, 6.17]}, "properties": {"id": "PH-1249", "datetime_utc": "1974-08-16T19:43:46.100000Z", "year": 1974, "mag": 5.4, "mag_type": "Mb", "depth_km": 97.0, "mb": 5.4}}, {"type": "Feature", "geometry": {"type": "Point", "coordinates": [119.17, 18.34]}, "properties": {"id": "PH-1250", "datetime_utc": "1974-09-03T05:55:06.400000Z", "year": 1974, "mag": 5.9, "mag_type": "Mb", "depth_km": 11.0, "mb": 5.9}}, {"type": "Feature", "geometry": {"type": "Point", "coordinates": [119.13, 18.21]}, "properties": {"id": "PH-1251", "datetime_utc": "1974-09-03T05:59:41Z", "year": 1974, "mag": 5.6, "mag_type": "Mb", "depth_km": 33.0, "mb": 5.6}}, {"type": "Feature", "geometry": {"type": "Point", "coordinates": [126.89, 7.83]}, "properties": {"id": "PH-1252", "datetime_utc": "1974-09-18T22:18:25.200000Z", "year": 1974, "mag": 5.0, "mag_type": "Mb", "depth_km": 33.0, "mb": 5.0}}, {"type": "Feature", "geometry": {"type": "Point", "coordinates": [126.54, 5.36]}, "properties": {"id": "PH-1253", "datetime_utc": "1974-09-22T19:04:45.900000Z", "year": 1974, "mag": 5.4, "mag_type": "Mb", "depth_km": 51.0, "mb": 5.4}}, {"type": "Feature", "geometry": {"type": "Point", "coordinates": [126.33, 9.86]}, "properties": {"id": "PH-1254", "datetime_utc": "1974-10-15T08:06:20.200000Z", "year": 1974, "mag": 5.0, "mag_type": "Mb", "depth_km": 33.0, "mb": 5.0}}, {"type": "Feature", "geometry": {"type": "Point", "coordinates": [120.57, 13.48]}, "properties": {"id": "PH-1255", "datetime_utc": "1974-10-22T22:45:42.100000Z", "year": 1974, "mag": 5.2, "mag_type": "Mb", "depth_km": 41.0, "mb": 5.2}}, {"type": "Feature", "geometry": {"type": "Point", "coordinates": [122.22, 3.48]}, "properties": {"id": "PH-1256", "datetime_utc": "1974-10-30T21:45:15.200000Z", "year": 1974, "mag": 5.2, "mag_type": "Mb", "depth_km": 623.0, "mb": 5.2}}, {"type": "Feature", "geometry": {"type": "Point", "coordinates": [122.67, 15.02]}, "properties": {"id": "PH-1257", "datetime_utc": "1974-11-03T16:29:08.800000Z", "year": 1974, "mag": 5.1, "mag_type": "Mb", "depth_km": 33.0, "mb": 5.1}}, {"type": "Feature", "geometry": {"type": "Point", "coordinates": [124.0, 5.9]}, "properties": {"id": "PH-1258", "datetime_utc": "1974-11-12T00:46:21Z", "year": 1974, "mag": 5.0, "mag_type": "Mb", "depth_km": 33.0, "mb": 5.0}}, {"type": "Feature", "geometry": {"type": "Point", "coordinates": [121.13, 2.32]}, "properties": {"id": "PH-1259", "datetime_utc": "1974-11-12T22:13:25.800000Z", "year": 1974, "mag": 5.8, "mag_type": "Mb", "depth_km": 54.0, "mb": 5.8}}, {"type": "Feature", "geometry": {"type": "Point", "coordinates": [127.71, 2.43]}, "properties": {"id": "PH-1260", "datetime_utc": "1974-11-16T10:37:08Z", "year": 1974, "mag": 5.6, "mag_type": "Mb", "depth_km": 36.0, "mb": 5.6}}, {"type": "Feature", "geometry": {"type": "Point", "coordinates": [121.19, 20.57]}, "properties": {"id": "PH-1261", "datetime_utc": "1974-11-18T18:03:03.300000Z", "year": 1974, "mag": 5.5, "mag_type": "Mb", "depth_km": 36.0, "mb": 5.5}}, {"type": "Feature", "geometry": {"type": "Point", "coordinates": [121.31, 18.97]}, "properties": {"id": "PH-1262", "datetime_utc": "1974-11-19T03:55:18.900000Z", "year": 1974, "mag": 5.7, "mag_type": "Mb", "depth_km": 44.0, "mb": 5.7}}, {"type": "Feature", "geometry": {"type": "Point", "coordinates": [124.3, 4.1]}, "properties": {"id": "PH-1263", "datetime_utc": "1974-11-29T22:43:33Z", "year": 1974, "mag": 5.4, "mag_type": "Mb", "depth_km": 33.0, "mb": 5.4}}, {"type": "Feature", "geometry": {"type": "Point", "coordinates": [123.83, 5.99]}, "properties": {"id": "PH-1264", "datetime_utc": "1974-12-01T13:09:40.100000Z", "year": 1974, "mag": 5.1, "mag_type": "Mb", "depth_km": 521.0, "mb": 5.1}}, {"type": "Feature", "geometry": {"type": "Point", "coordinates": [121.16, 19.08]}, "properties": {"id": "PH-1265", "datetime_utc": "1974-12-02T06:34:07.700000Z", "year": 1974, "mag": 5.5, "mag_type": "Mb", "depth_km": 53.0, "mb": 5.5}}, {"type": "Feature", "geometry": {"type": "Point", "coordinates": [125.99, 10.75]}, "properties": {"id": "PH-1266", "datetime_utc": "1974-12-08T22:25:05.500000Z", "year": 1974, "mag": 5.0, "mag_type": "Mb", "depth_km": 68.0, "mb": 5.0}}, {"type": "Feature", "geometry": {"type": "Point", "coordinates": [127.37, 4.99]}, "properties": {"id": "PH-1267", "datetime_utc": "1974-12-13T07:30:02.300000Z", "year": 1974, "mag": 5.4, "mag_type": "Mb", "depth_km": 98.0, "mb": 5.4}}, {"type": "Feature", "geometry": {"type": "Point", "coordinates": [127.21, 5.13]}, "properties": {"id": "PH-1268", "datetime_utc": "1974-12-13T07:43:18.700000Z", "year": 1974, "mag": 5.2, "mag_type": "Mb", "depth_km": 92.0, "mb": 5.2}}, {"type": "Feature", "geometry": {"type": "Point", "coordinates": [128.41, 2.62]}, "properties": {"id": "PH-1269", "datetime_utc": "1974-12-14T20:07:10Z", "year": 1974, "mag": 5.5, "mag_type": "Mb", "depth_km": 218.0, "mb": 5.5}}, {"type": "Feature", "geometry": {"type": "Point", "coordinates": [124.34, 3.65]}, "properties": {"id": "PH-1270", "datetime_utc": "1974-12-25T23:57:23Z", "year": 1974, "mag": 5.0, "mag_type": "Mb", "depth_km": 356.0, "mb": 5.0}}, {"type": "Feature", "geometry": {"type": "Point", "coordinates": [125.17, 12.93]}, "properties": {"id": "PH-1271", "datetime_utc": "1974-12-26T21:36:27.200000Z", "year": 1974, "mag": 5.1, "mag_type": "Mb", "depth_km": 33.0, "mb": 5.1}}, {"type": "Feature", "geometry": {"type": "Point", "coordinates": [125.5, 12.7]}, "properties": {"id": "PH-1272", "datetime_utc": "1975-01-02T22:40:11Z", "year": 1975, "mag": 5.7, "mag_type": "Ml", "depth_km": 33.0, "ml": 5.7}}, {"type": "Feature", "geometry": {"type": "Point", "coordinates": [125.4, 12.8]}, "properties": {"id": "PH-1273", "datetime_utc": "1975-01-02T22:40:15.500000Z", "year": 1975, "mag": 5.1, "mag_type": "Ml", "depth_km": 33.0, "ml": 5.1}}, {"type": "Feature", "geometry": {"type": "Point", "coordinates": [126.8, 2.4]}, "properties": {"id": "PH-1274", "datetime_utc": "1975-01-09T13:14:20Z", "year": 1975, "mag": 5.5, "mag_type": "Ml", "depth_km": 33.0, "ml": 5.5}}, {"type": "Feature", "geometry": {"type": "Point", "coordinates": [126.8, 2.2]}, "properties": {"id": "PH-1275", "datetime_utc": "1975-01-09T13:14:23.400000Z", "year": 1975, "mag": 5.0, "mag_type": "Ml", "depth_km": 68.0, "ml": 5.0}}, {"type": "Feature", "geometry": {"type": "Point", "coordinates": [127.1, 2.2]}, "properties": {"id": "PH-1276", "datetime_utc": "1975-01-23T03:57:02Z", "year": 1975, "mag": 5.5, "mag_type": "Ml", "depth_km": 33.0, "ml": 5.5}}, {"type": "Feature", "geometry": {"type": "Point", "coordinates": [127.15, 2.3]}, "properties": {"id": "PH-1277", "datetime_utc": "1975-01-23T03:57:11.100000Z", "year": 1975, "mag": 5.2, "mag_type": "Ml", "depth_km": 115.0, "ml": 5.2}}, {"type": "Feature", "geometry": {"type": "Point", "coordinates": [127.1, 2.2]}, "properties": {"id": "PH-1278", "datetime_utc": "1975-01-23T03:57:14Z", "year": 1975, "mag": 5.0, "mag_type": "Ml", "depth_km": 141.0, "ml": 5.0}}, {"type": "Feature", "geometry": {"type": "Point", "coordinates": [126.1, 2.4]}, "properties": {"id": "PH-1279", "datetime_utc": "1975-01-24T01:18:30Z", "year": 1975, "mag": 5.2, "mag_type": "Ml", "depth_km": 83.0, "ml": 5.2}}, {"type": "Feature", "geometry": {"type": "Point", "coordinates": [126.3, 5.4]}, "properties": {"id": "PH-1280", "datetime_utc": "1975-01-29T15:30:32.200000Z", "year": 1975, "mag": 5.2, "mag_type": "Ml", "depth_km": 62.0, "ml": 5.2}}, {"type": "Feature", "geometry": {"type": "Point", "coordinates": [126.4, 9.4]}, "properties": {"id": "PH-1281", "datetime_utc": "1975-01-29T15:30:33Z", "year": 1975, "mag": 5.2, "mag_type": "Ml", "depth_km": 68.0, "ml": 5.2}}, {"type": "Feature", "geometry": {"type": "Point", "coordinates": [120.2, 13.0]}, "properties": {"id": "PH-1282", "datetime_utc": "1975-02-01T15:19:50.500000Z", "year": 1975, "mag": 5.0, "mag_type": "Ml", "depth_km": 33.0, "ml": 5.0}}, {"type": "Feature", "geometry": {"type": "Point", "coordinates": [120.4, 13.2]}, "properties": {"id": "PH-1283", "datetime_utc": "1975-02-01T15:19:51.700000Z", "year": 1975, "mag": 5.0, "mag_type": "Ml", "depth_km": 47.0, "ml": 5.0}}, {"type": "Feature", "geometry": {"type": "Point", "coordinates": [126.0, 5.9]}, "properties": {"id": "PH-1284", "datetime_utc": "1975-02-05T18:25:01.700000Z", "year": 1975, "mag": 5.0, "mag_type": "Ml", "depth_km": 73.0, "ml": 5.0}}, {"type": "Feature", "geometry": {"type": "Point", "coordinates": [126.3, 6.0]}, "properties": {"id": "PH-1285", "datetime_utc": "1975-02-05T18:25:01Z", "year": 1975, "mag": 5.1, "mag_type": "Ml", "depth_km": 62.0, "ml": 5.1}}, {"type": "Feature", "geometry": {"type": "Point", "coordinates": [125.8, 11.0]}, "properties": {"id": "PH-1286", "datetime_utc": "1975-02-15T08:20:40.800000Z", "year": 1975, "mag": 5.1, "mag_type": "Ml", "depth_km": 65.0, "ml": 5.1}}, {"type": "Feature", "geometry": {"type": "Point", "coordinates": [125.9, 11.0]}, "properties": {"id": "PH-1287", "datetime_utc": "1975-02-15T08:20:04.500000Z", "year": 1975, "mag": 5.2, "mag_type": "Ml", "depth_km": 61.0, "ml": 5.2}}, {"type": "Feature", "geometry": {"type": "Point", "coordinates": [127.0, 5.6]}, "properties": {"id": "PH-1288", "datetime_utc": "1975-02-18T15:10:40.700000Z", "year": 1975, "mag": 5.1, "mag_type": "Ml", "depth_km": 60.0, "ml": 5.1}}, {"type": "Feature", "geometry": {"type": "Point", "coordinates": [126.7, 5.5]}, "properties": {"id": "PH-1289", "datetime_utc": "1975-02-18T15:10:42Z", "year": 1975, "mag": 5.0, "mag_type": "Ml", "depth_km": 72.0, "ml": 5.0}}, {"type": "Feature", "geometry": {"type": "Point", "coordinates": [126.4, 10.1]}, "properties": {"id": "PH-1290", "datetime_utc": "1975-02-22T05:36:07Z", "year": 1975, "mag": 5.1, "mag_type": "Ml", "depth_km": 47.0, "ml": 5.1}}, {"type": "Feature", "geometry": {"type": "Point", "coordinates": [126.2, 10.0]}, "properties": {"id": "PH-1291", "datetime_utc": "1975-02-22T05:36:09Z", "year": 1975, "mag": 5.0, "mag_type": "Ml", "depth_km": 55.0, "ml": 5.0}}, {"type": "Feature", "geometry": {"type": "Point", "coordinates": [121.0, 8.0]}, "properties": {"id": "PH-1292", "datetime_utc": "1975-02-23T02:57:44Z", "year": 1975, "mag": 6.3, "mag_type": "Ml", "depth_km": 33.0, "ml": 6.3}}, {"type": "Feature", "geometry": {"type": "Point", "coordinates": [124.0, 8.0]}, "properties": {"id": "PH-1293", "datetime_utc": "1975-02-23T02:58:41Z", "year": 1975, "mag": 5.6, "mag_type": "Ml", "depth_km": 623.0, "ml": 5.6}}, {"type": "Feature", "geometry": {"type": "Point", "coordinates": [128.3, 2.4]}, "properties": {"id": "PH-1294", "datetime_utc": "1975-03-04T14:35:14.900000Z", "year": 1975, "mag": 5.0, "mag_type": "Ml", "depth_km": 33.0, "ml": 5.0}}, {"type": "Feature", "geometry": {"type": "Point", "coordinates": [127.5, 4.9]}, "properties": {"id": "PH-1295", "datetime_utc": "1975-03-10T12:12:44Z", "year": 1975, "mag": 5.0, "mag_type": "Ml", "depth_km": 90.0, "ml": 5.0}}, {"type": "Feature", "geometry": {"type": "Point", "coordinates": [124.0, 9.6]}, "properties": {"id": "PH-1296", "datetime_utc": "1975-03-10T21:00:02.800000Z", "year": 1975, "mag": 5.2, "mag_type": "Ml", "depth_km": 53.0, "ml": 5.2}}, {"type": "Feature", "geometry": {"type": "Point", "coordinates": [124.0, 9.5]}, "properties": {"id": "PH-1297", "datetime_utc": "1975-03-10T21:00:02.400000Z", "year": 1975, "mag": 5.3, "mag_type": "Ml", "depth_km": 46.0, "ml": 5.3}}, {"type": "Feature", "geometry": {"type": "Point", "coordinates": [127.2, 9.2]}, "properties": {"id": "PH-1298", "datetime_utc": "1975-03-15T00:48:46.500000Z", "year": 1975, "mag": 5.3, "mag_type": "Ml", "depth_km": 33.0, "ml": 5.3}}, {"type": "Feature", "geometry": {"type": "Point", "coordinates": [127.2, 9.2]}, "properties": {"id": "PH-1299", "datetime_utc": "1975-03-15T00:48:43Z", "year": 1975, "mag": 5.2, "mag_type": "Ml", "depth_km": 9.0, "ml": 5.2}}, {"type": "Feature", "geometry": {"type": "Point", "coordinates": [126.7, 3.1]}, "properties": {"id": "PH-1300", "datetime_utc": "1975-03-16T07:26:36Z", "year": 1975, "mag": 5.0, "mag_type": "Ml", "depth_km": 76.0, "ml": 5.0}}, {"type": "Feature", "geometry": {"type": "Point", "coordinates": [126.5, 4.3]}, "properties": {"id": "PH-1301", "datetime_utc": "1975-03-20T02:37:51Z", "year": 1975, "mag": 5.6, "mag_type": "Ml", "depth_km": 55.0, "ml": 5.6}}, {"type": "Feature", "geometry": {"type": "Point", "coordinates": [126.4, 4.1]}, "properties": {"id": "PH-1302", "datetime_utc": "1975-03-20T02:37:53.600000Z", "year": 1975, "mag": 5.2, "mag_type": "Ml", "depth_km": 86.0, "ml": 5.2}}, {"type": "Feature", "geometry": {"type": "Point", "coordinates": [126.5, 4.1]}, "properties": {"id": "PH-1303", "datetime_utc": "1975-03-20T02:37:53.900000Z", "year": 1975, "mag": 5.2, "mag_type": "Ml", "depth_km": 89.0, "ml": 5.2}}, {"type": "Feature", "geometry": {"type": "Point", "coordinates": [121.9, 3.5]}, "properties": {"id": "PH-1304", "datetime_utc": "1975-03-26T23:19:28.700000Z", "year": 1975, "mag": 5.3, "mag_type": "Ml", "depth_km": 33.0, "ml": 5.3}}, {"type": "Feature", "geometry": {"type": "Point", "coordinates": [121.9, 3.6]}, "properties": {"id": "PH-1305", "datetime_utc": "1975-03-26T23:19:30Z", "year": 1975, "mag": 5.9, "mag_type": "Ml", "depth_km": 33.0, "ml": 5.9}}, {"type": "Feature", "geometry": {"type": "Point", "coordinates": [121.9, 3.6]}, "properties": {"id": "PH-1306", "datetime_utc": "1975-03-26T23:19:28Z", "year": 1975, "mag": 5.3, "mag_type": "Ml", "depth_km": 24.0, "ml": 5.3}}, {"type": "Feature", "geometry": {"type": "Point", "coordinates": [121.2, 19.1]}, "properties": {"id": "PH-1307", "datetime_utc": "1975-04-02T10:35:26.400000Z", "year": 1975, "mag": 5.0, "mag_type": "Ml", "depth_km": 43.0, "ml": 5.0}}, {"type": "Feature", "geometry": {"type": "Point", "coordinates": [121.2, 19.1]}, "properties": {"id": "PH-1308", "datetime_utc": "1975-04-02T10:35:28Z", "year": 1975, "mag": 5.1, "mag_type": "Ml", "depth_km": 52.0, "ml": 5.1}}, {"type": "Feature", "geometry": {"type": "Point", "coordinates": [120.5, 16.9]}, "properties": {"id": "PH-1309", "datetime_utc": "1975-04-03T06:26:38Z", "year": 1975, "mag": 5.5, "mag_type": "Ml", "depth_km": 33.0, "ml": 5.5}}, {"type": "Feature", "geometry": {"type": "Point", "coordinates": [120.3, 16.9]}, "properties": {"id": "PH-1310", "datetime_utc": "1975-04-03T06:26:44.300000Z", "year": 1975, "mag": 5.2, "mag_type": "Ml", "depth_km": 86.0, "ml": 5.2}}, {"type": "Feature", "geometry": {"type": "Point", "coordinates": [120.3, 17.1]}, "properties": {"id": "PH-1311", "datetime_utc": "1975-04-03T06:26:44.700000Z", "year": 1975, "mag": 5.1, "mag_type": "Ml", "depth_km": 83.0, "ml": 5.1}}, {"type": "Feature", "geometry": {"type": "Point", "coordinates": [124.7, 4.7]}, "properties": {"id": "PH-1312", "datetime_utc": "1975-04-07T15:21:27Z", "year": 1975, "mag": 5.5, "mag_type": "Ml", "depth_km": 33.0, "ml": 5.5}}, {"type": "Feature", "geometry": {"type": "Point", "coordinates": [125.6, 11.5]}, "properties": {"id": "PH-1313", "datetime_utc": "1975-04-09T15:03:18Z", "year": 1975, "mag": 5.7, "mag_type": "Ml", "depth_km": 33.0, "ml": 5.7}}, {"type": "Feature", "geometry": {"type": "Point", "coordinates": [125.5, 11.7]}, "properties": {"id": "PH-1314", "datetime_utc": "1975-04-09T15:03:20.500000Z", "year": 1975, "mag": 5.4, "mag_type": "Ml", "depth_km": 48.0, "ml": 5.4}}, {"type": "Feature", "geometry": {"type": "Point", "coordinates": [125.5, 11.7]}, "properties": {"id": "PH-1315", "datetime_utc": "1975-04-09T15:03:22Z", "year": 1975, "mag": 5.4, "mag_type": "Ml", "depth_km": 59.0, "ml": 5.4}}, {"type": "Feature", "geometry": {"type": "Point", "coordinates": [125.3, 5.7]}, "properties": {"id": "PH-1316", "datetime_utc": "1975-04-13T01:34:36.200000Z", "year": 1975, "mag": 5.7, "mag_type": "Ml", "depth_km": 225.0, "ml": 5.7}}, {"type": "Feature", "geometry": {"type": "Point", "coordinates": [125.3, 5.6]}, "properties": {"id": "PH-1317", "datetime_utc": "1975-04-13T01:34:37.400000Z", "year": 1975, "mag": 5.5, "mag_type": "Ml", "depth_km": 235.0, "ml": 5.5}}, {"type": "Feature", "geometry": {"type": "Point", "coordinates": [125.3, 9.8]}, "properties": {"id": "PH-1318", "datetime_utc": "1975-04-14T03:52:14.200000Z", "year": 1975, "mag": 5.0, "mag_type": "Ml", "depth_km": 38.0, "ml": 5.0}}, {"type": "Feature", "geometry": {"type": "Point", "coordinates": [125.5, 9.8]}, "properties": {"id": "PH-1319", "datetime_utc": "1975-04-14T03:52:15.300000Z", "year": 1975, "mag": 5.0, "mag_type": "Ml", "depth_km": 44.0, "ml": 5.0}}, {"type": "Feature", "geometry": {"type": "Point", "coordinates": [125.7, 11.8]}, "properties": {"id": "PH-1320", "datetime_utc": "1975-04-16T18:45:02.300000Z", "year": 1975, "mag": 5.2, "mag_type": "Ml", "depth_km": 37.0, "ml": 5.2}}, {"type": "Feature", "geometry": {"type": "Point", "coordinates": [125.5, 11.6]}, "properties": {"id": "PH-1321", "datetime_utc": "1975-04-16T18:45:05.200000Z", "year": 1975, "mag": 5.2, "mag_type": "Ml", "depth_km": 59.0, "ml": 5.2}}, {"type": "Feature", "geometry": {"type": "Point", "coordinates": [125.2, 4.4]}, "properties": {"id": "PH-1322", "datetime_utc": "1975-04-18T10:05:33.600000Z", "year": 1975, "mag": 5.5, "mag_type": "Ml", "depth_km": 179.0, "ml": 5.5}}, {"type": "Feature", "geometry": {"type": "Point", "coordinates": [125.3, 4.5]}, "properties": {"id": "PH-1323", "datetime_utc": "1975-04-18T10:05:35.300000Z", "year": 1975, "mag": 5.1, "mag_type": "Ml", "depth_km": 195.0, "ml": 5.1}}, {"type": "Feature", "geometry": {"type": "Point", "coordinates": [126.7, 6.1]}, "properties": {"id": "PH-1324", "datetime_utc": "1975-04-21T23:03:30.300000Z", "year": 1975, "mag": 5.0, "mag_type": "Ml", "depth_km": 108.0, "ml": 5.0}}, {"type": "Feature", "geometry": {"type": "Point", "coordinates": [124.0, 8.0]}, "properties": {"id": "PH-1325", "datetime_utc": "1975-04-21T23:03:31Z", "year": 1975, "mag": 5.1, "mag_type": "Ml", "depth_km": 33.0, "ml": 5.1}}, {"type": "Feature", "geometry": {"type": "Point", "coordinates": [126.7, 6.2]}, "properties": {"id": "PH-1326", "datetime_utc": "1975-04-21T23:03:29Z", "year": 1975, "mag": 5.0, "mag_type": "Ml", "depth_km": 96.0, "ml": 5.0}}, {"type": "Feature", "geometry": {"type": "Point", "coordinates": [123.6, 6.5]}, "properties": {"id": "PH-1327", "datetime_utc": "1975-04-23T08:27:47Z", "year": 1975, "mag": 5.1, "mag_type": "Ml", "depth_km": 595.0, "ml": 5.1}}, {"type": "Feature", "geometry": {"type": "Point", "coordinates": [123.7, 6.4]}, "properties": {"id": "PH-1328", "datetime_utc": "1975-04-23T08:27:47.400000Z", "year": 1975, "mag": 5.1, "mag_type": "Ml", "depth_km": 597.0, "ml": 5.1}}, {"type": "Feature", "geometry": {"type": "Point", "coordinates": [123.6, 6.4]}, "properties": {"id": "PH-1329", "datetime_utc": "1975-04-23T08:29:59Z", "year": 1975, "mag": 5.1, "mag_type": "Ml", "depth_km": 622.0, "ml": 5.1}}, {"type": "Feature", "geometry": {"type": "Point", "coordinates": [126.1, 9.1]}, "properties": {"id": "PH-1330", "datetime_utc": "1975-04-28T11:39:28Z", "year": 1975, "mag": 5.0, "mag_type": "Ml", "depth_km": 52.0, "ml": 5.0}}, {"type": "Feature", "geometry": {"type": "Point", "coordinates": [126.8, 9.5]}, "properties": {"id": "PH-1331", "datetime_utc": "1975-04-28T12:25:14.600000Z", "year": 1975, "mag": 5.0, "mag_type": "Ml", "depth_km": 33.0, "ml": 5.0}}, {"type": "Feature", "geometry": {"type": "Point", "coordinates": [126.6, 9.3]}, "properties": {"id": "PH-1332", "datetime_utc": "1975-04-28T14:27:57.700000Z", "year": 1975, "mag": 5.1, "mag_type": "Ml", "depth_km": 33.0, "ml": 5.1}}, {"type": "Feature", "geometry": {"type": "Point", "coordinates": [126.6, 9.4]}, "properties": {"id": "PH-1333", "datetime_utc": "1975-04-28T14:27:59.200000Z", "year": 1975, "mag": 5.2, "mag_type": "Ml", "depth_km": 44.0, "ml": 5.2}}, {"type": "Feature", "geometry": {"type": "Point", "coordinates": [126.6, 9.5]}, "properties": {"id": "PH-1334", "datetime_utc": "1975-04-28T17:44:34.200000Z", "year": 1975, "mag": 5.1, "mag_type": "Ml", "depth_km": 61.0, "ml": 5.1}}, {"type": "Feature", "geometry": {"type": "Point", "coordinates": [120.8, 13.7]}, "properties": {"id": "PH-1335", "datetime_utc": "1975-04-29T08:41:51Z", "year": 1975, "mag": 5.6, "mag_type": "Ml", "depth_km": 33.0, "ml": 5.6}}, {"type": "Feature", "geometry": {"type": "Point", "coordinates": [120.0, 13.6]}, "properties": {"id": "PH-1336", "datetime_utc": "1975-04-29T08:41:53.700000Z", "year": 1975, "mag": 5.2, "mag_type": "Ml", "depth_km": 53.0, "ml": 5.2}}, {"type": "Feature", "geometry": {"type": "Point", "coordinates": [120.0, 13.6]}, "properties": {"id": "PH-1337", "datetime_utc": "1975-04-29T08:41:53.700000Z", "year": 1975, "mag": 5.2, "mag_type": "Ml", "depth_km": 53.0, "ml": 5.2}}, {"type": "Feature", "geometry": {"type": "Point", "coordinates": [120.8, 13.6]}, "properties": {"id": "PH-1338", "datetime_utc": "1975-04-29T08:41:54.100000Z", "year": 1975, "mag": 5.2, "mag_type": "Ml", "depth_km": 555.0, "ml": 5.2}}, {"type": "Feature", "geometry": {"type": "Point", "coordinates": [121.6, 12.6]}, "properties": {"id": "PH-1339", "datetime_utc": "1975-04-29T08:49:16Z", "year": 1975, "mag": 5.7, "mag_type": "Ml", "depth_km": 33.0, "ml": 5.7}}, {"type": "Feature", "geometry": {"type": "Point", "coordinates": [120.8, 13.7]}, "properties": {"id": "PH-1340", "datetime_utc": "1975-04-29T08:49:25.800000Z", "year": 1975, "mag": 5.0, "mag_type": "Ml", "depth_km": 50.0, "ml": 5.0}}, {"type": "Feature", "geometry": {"type": "Point", "coordinates": [126.3, 9.2]}, "properties": {"id": "PH-1341", "datetime_utc": "1975-04-30T11:32:06.800000Z", "year": 1975, "mag": 5.1, "mag_type": "Ml", "depth_km": 77.0, "ml": 5.1}}, {"type": "Feature", "geometry": {"type": "Point", "coordinates": [120.8, 13.6]}, "properties": {"id": "PH-1342", "datetime_utc": "1975-05-01T12:37:01.600000Z", "year": 1975, "mag": 5.0, "mag_type": "Ml", "depth_km": 54.0, "ml": 5.0}}, {"type": "Feature", "geometry": {"type": "Point", "coordinates": [120.7, 13.6]}, "properties": {"id": "PH-1343", "datetime_utc": "1975-05-01T21:09:40.500000Z", "year": 1975, "mag": 5.1, "mag_type": "Ml", "depth_km": 48.0, "ml": 5.1}}, {"type": "Feature", "geometry": {"type": "Point", "coordinates": [120.7, 13.6]}, "properties": {"id": "PH-1344", "datetime_utc": "1975-05-02T21:09:40.100000Z", "year": 1975, "mag": 5.0, "mag_type": "Ml", "depth_km": 34.0, "ml": 5.0}}, {"type": "Feature", "geometry": {"type": "Point", "coordinates": [125.4, 9.2]}, "properties": {"id": "PH-1345", "datetime_utc": "1975-05-02T23:55:42Z", "year": 1975, "mag": 5.0, "mag_type": "Ml", "depth_km": 33.0, "ml": 5.0}}, {"type": "Feature", "geometry": {"type": "Point", "coordinates": [127.5, 5.0]}, "properties": {"id": "PH-1346", "datetime_utc": "1975-05-03T05:38:06Z", "year": 1975, "mag": 5.6, "mag_type": "Ml", "depth_km": 33.0, "ml": 5.6}}, {"type": "Feature", "geometry": {"type": "Point", "coordinates": [127.5, 5.1]}, "properties": {"id": "PH-1347", "datetime_utc": "1975-05-03T05:38:19.300000Z", "year": 1975, "mag": 5.0, "mag_type": "Ml", "depth_km": 155.0, "ml": 5.0}}, {"type": "Feature", "geometry": {"type": "Point", "coordinates": [128.3, 2.5]}, "properties": {"id": "PH-1348", "datetime_utc": "1975-05-03T19:50:18.300000Z", "year": 1975, "mag": 5.1, "mag_type": "Ml", "depth_km": 65.0, "ml": 5.1}}, {"type": "Feature", "geometry": {"type": "Point", "coordinates": [120.0, 13.0]}, "properties": {"id": "PH-1349", "datetime_utc": "1975-05-05T21:55:05Z", "year": 1975, "mag": 5.0, "mag_type": "Ml", "depth_km": 12.0, "ml": 5.0}}, {"type": "Feature", "geometry": {"type": "Point", "coordinates": [120.3, 13.0]}, "properties": {"id": "PH-1350", "datetime_utc": "1975-05-05T21:55:10Z", "year": 1975, "mag": 5.0, "mag_type": "Ml", "depth_km": 49.0, "ml": 5.0}}, {"type": "Feature", "geometry": {"type": "Point", "coordinates": [126.4, 9.8]}, "properties": {"id": "PH-1351", "datetime_utc": "1975-05-20T15:40:06.800000Z", "year": 1975, "mag": 5.4, "mag_type": "Ml", "depth_km": 33.0, "ml": 5.4}}, {"type": "Feature", "geometry": {"type": "Point", "coordinates": [126.2, 9.7]}, "properties": {"id": "PH-1352", "datetime_utc": "1975-05-20T15:40:10.800000Z", "year": 1975, "mag": 5.2, "mag_type": "Ml", "depth_km": 68.0, "ml": 5.2}}, {"type": "Feature", "geometry": {"type": "Point", "coordinates": [120.8, 13.6]}, "properties": {"id": "PH-1353", "datetime_utc": "1975-05-23T23:16:12.100000Z", "year": 1975, "mag": 5.0, "mag_type": "Ml", "depth_km": 41.0, "ml": 5.0}}, {"type": "Feature", "geometry": {"type": "Point", "coordinates": [126.0, 4.8]}, "properties": {"id": "PH-1354", "datetime_utc": "1975-05-25T07:43:12.900000Z", "year": 1975, "mag": 5.0, "mag_type": "Ml", "depth_km": 100.0, "ml": 5.0}}, {"type": "Feature", "geometry": {"type": "Point", "coordinates": [123.0, 8.2]}, "properties": {"id": "PH-1355", "datetime_utc": "1975-05-31T07:42:59Z", "year": 1975, "mag": 5.5, "mag_type": "Ml", "depth_km": 33.0, "ml": 5.5}}, {"type": "Feature", "geometry": {"type": "Point", "coordinates": [122.9, 8.2]}, "properties": {"id": "PH-1356", "datetime_utc": "1975-05-31T07:43:04Z", "year": 1975, "mag": 5.3, "mag_type": "Ml", "depth_km": 74.0, "ml": 5.3}}, {"type": "Feature", "geometry": {"type": "Point", "coordinates": [120.9, 18.7]}, "properties": {"id": "PH-1357", "datetime_utc": "1975-06-01T01:39:46.600000Z", "year": 1975, "mag": 5.0, "mag_type": "Ml", "depth_km": 26.0, "ml": 5.0}}, {"type": "Feature", "geometry": {"type": "Point", "coordinates": [126.5, 10.2]}, "properties": {"id": "PH-1358", "datetime_utc": "1975-06-03T05:21:07.100000Z", "year": 1975, "mag": 5.4, "mag_type": "Ml", "depth_km": 36.0, "ml": 5.4}}, {"type": "Feature", "geometry": {"type": "Point", "coordinates": [126.3, 10.1]}, "properties": {"id": "PH-1359", "datetime_utc": "1975-06-03T18:08:21.500000Z", "year": 1975, "mag": 5.7, "mag_type": "Ml", "depth_km": 33.0, "ml": 5.7}}, {"type": "Feature", "geometry": {"type": "Point", "coordinates": [126.4, 10.2]}, "properties": {"id": "PH-1360", "datetime_utc": "1975-06-03T18:08:23.200000Z", "year": 1975, "mag": 5.7, "mag_type": "Ml", "depth_km": 41.0, "ml": 5.7}}, {"type": "Feature", "geometry": {"type": "Point", "coordinates": [126.4, 10.3]}, "properties": {"id": "PH-1361", "datetime_utc": "1975-06-03T19:10:23Z", "year": 1975, "mag": 5.3, "mag_type": "Ml", "depth_km": 44.0, "ml": 5.3}}, {"type": "Feature", "geometry": {"type": "Point", "coordinates": [126.5, 10.5]}, "properties": {"id": "PH-1362", "datetime_utc": "1975-06-05T13:27:50Z", "year": 1975, "mag": 5.0, "mag_type": "Ml", "depth_km": 32.0, "ml": 5.0}}, {"type": "Feature", "geometry": {"type": "Point", "coordinates": [127.5, 2.1]}, "properties": {"id": "PH-1363", "datetime_utc": "1975-06-09T03:11:06.800000Z", "year": 1975, "mag": 5.1, "mag_type": "Ml", "depth_km": 33.0, "ml": 5.1}}, {"type": "Feature", "geometry": {"type": "Point", "coordinates": [127.5, 2.15]}, "properties": {"id": "PH-1364", "datetime_utc": "1975-06-09T03:11:08.500000Z", "year": 1975, "mag": 5.3, "mag_type": "Ml", "depth_km": 45.0, "ml": 5.3}}, {"type": "Feature", "geometry": {"type": "Point", "coordinates": [125.3, 12.3]}, "properties": {"id": "PH-1365", "datetime_utc": "1975-06-13T06:08:35.400000Z", "year": 1975, "mag": 5.6, "mag_type": "Ml", "depth_km": 36.0, "ml": 5.6}}, {"type": "Feature", "geometry": {"type": "Point", "coordinates": [125.3, 12.2]}, "properties": {"id": "PH-1366", "datetime_utc": "1975-06-13T06:08:37.200000Z", "year": 1975, "mag": 5.7, "mag_type": "Ml", "depth_km": 49.0, "ml": 5.7}}, {"type": "Feature", "geometry": {"type": "Point", "coordinates": [126.8, 2.2]}, "properties": {"id": "PH-1367", "datetime_utc": "1975-06-14T06:40:58.900000Z", "year": 1975, "mag": 5.1, "mag_type": "Ml", "depth_km": 26.0, "ml": 5.1}}, {"type": "Feature", "geometry": {"type": "Point", "coordinates": [126.77, 6.5]}, "properties": {"id": "PH-1368", "datetime_utc": "1975-06-14T18:27:44Z", "year": 1975, "mag": 5.1, "mag_type": "Ml", "depth_km": 62.0, "ml": 5.1}}, {"type": "Feature", "geometry": {"type": "Point", "coordinates": [120.6, 13.9]}, "properties": {"id": "PH-1369", "datetime_utc": "1975-06-18T04:11:02.300000Z", "year": 1975, "mag": 5.4, "mag_type": "Ml", "depth_km": 134.0, "ml": 5.4}}, {"type": "Feature", "geometry": {"type": "Point", "coordinates": [120.3, 13.5]}, "properties": {"id": "PH-1370", "datetime_utc": "1975-07-08T18:07:39.600000Z", "year": 1975, "mag": 5.0, "mag_type": "Ml", "depth_km": 64.0, "ml": 5.0}}, {"type": "Feature", "geometry": {"type": "Point", "coordinates": [126.6, 6.5]}, "properties": {"id": "PH-1371", "datetime_utc": "1975-07-10T18:29:16Z", "year": 1975, "mag": 6.2, "mag_type": "Ml", "depth_km": 86.0, "ml": 6.2}}, {"type": "Feature", "geometry": {"type": "Point", "coordinates": [127.1, 6.2]}, "properties": {"id": "PH-1372", "datetime_utc": "1975-07-13T09:31:38.700000Z", "year": 1975, "mag": 5.0, "mag_type": "Ml", "depth_km": 37.0, "ml": 5.0}}, {"type": "Feature", "geometry": {"type": "Point", "coordinates": [127.1, 6.2]}, "properties": {"id": "PH-1373", "datetime_utc": "1975-07-13T12:54:38.800000Z", "year": 1975, "mag": 5.0, "mag_type": "Ml", "depth_km": 63.0, "ml": 5.0}}, {"type": "Feature", "geometry": {"type": "Point", "coordinates": [126.3, 8.4]}, "properties": {"id": "PH-1374", "datetime_utc": "1975-07-25T20:11:12Z", "year": 1975, "mag": 5.1, "mag_type": "Ml", "depth_km": 122.0, "ml": 5.1}}, {"type": "Feature", "geometry": {"type": "Point", "coordinates": [125.6, 11.2]}, "properties": {"id": "PH-1375", "datetime_utc": "1975-08-02T20:20:09.100000Z", "year": 1975, "mag": 5.1, "mag_type": "Ml", "depth_km": 33.0, "ml": 5.1}}, {"type": "Feature", "geometry": {"type": "Point", "coordinates": [126.0, 10.0]}, "properties": {"id": "PH-1376", "datetime_utc": "1975-08-09T07:35:13Z", "year": 1975, "mag": 5.5, "mag_type": "Ml", "depth_km": 33.0, "ml": 5.5}}, {"type": "Feature", "geometry": {"type": "Point", "coordinates": [126.2, 9.5]}, "properties": {"id": "PH-1377", "datetime_utc": "1975-08-09T07:35:16.700000Z", "year": 1975, "mag": 5.3, "mag_type": "Ml", "depth_km": 49.0, "ml": 5.3}}, {"type": "Feature", "geometry": {"type": "Point", "coordinates": [126.3, 9.5]}, "properties": {"id": "PH-1378", "datetime_utc": "1975-08-09T07:35:18Z", "year": 1975, "mag": 5.4, "mag_type": "Ml", "depth_km": 62.0, "ml": 5.4}}, {"type": "Feature", "geometry": {"type": "Point", "coordinates": [127.1, 5.9]}, "properties": {"id": "PH-1379", "datetime_utc": "1975-08-10T17:28:42.900000Z", "year": 1975, "mag": 5.6, "mag_type": "Ml", "depth_km": 111.0, "ml": 5.6}}, {"type": "Feature", "geometry": {"type": "Point", "coordinates": [122.9, 2.7]}, "properties": {"id": "PH-1380", "datetime_utc": "1975-08-16T06:27:05Z", "year": 1975, "mag": 5.0, "mag_type": "Ml", "depth_km": 443.0, "ml": 5.0}}, {"type": "Feature", "geometry": {"type": "Point", "coordinates": [125.7, 10.0]}, "properties": {"id": "PH-1381", "datetime_utc": "1975-08-23T15:06:39Z", "year": 1975, "mag": 6.0, "mag_type": "Ml", "depth_km": 40.0, "ml": 6.0}}, {"type": "Feature", "geometry": {"type": "Point", "coordinates": [125.8, 10.0]}, "properties": {"id": "PH-1382", "datetime_utc": "1975-08-23T15:06:42.400000Z", "year": 1975, "mag": 5.8, "mag_type": "Ml", "depth_km": 68.0, "ml": 5.8}}, {"type": "Feature", "geometry": {"type": "Point", "coordinates": [125.0, 12.2]}, "properties": {"id": "PH-1383", "datetime_utc": "1975-09-07T14:40:47Z", "year": 1975, "mag": 5.0, "mag_type": "Ml", "depth_km": 74.0, "ml": 5.0}}, {"type": "Feature", "geometry": {"type": "Point", "coordinates": [126.5, 2.4]}, "properties": {"id": "PH-1384", "datetime_utc": "1975-09-14T07:08:50Z", "year": 1975, "mag": 5.6, "mag_type": "Ml", "depth_km": 33.0, "ml": 5.6}}, {"type": "Feature", "geometry": {"type": "Point", "coordinates": [126.5, 2.2]}, "properties": {"id": "PH-1385", "datetime_utc": "1975-09-14T07:08:52.700000Z", "year": 1975, "mag": 5.1, "mag_type": "Ml", "depth_km": 45.0, "ml": 5.1}}, {"type": "Feature", "geometry": {"type": "Point", "coordinates": [127.1, 3.9]}, "properties": {"id": "PH-1386", "datetime_utc": "1975-09-29T15:05:35Z", "year": 1975, "mag": 5.8, "mag_type": "Ml", "depth_km": 33.0, "ml": 5.8}}, {"type": "Feature", "geometry": {"type": "Point", "coordinates": [126.8, 3.6]}, "properties": {"id": "PH-1387", "datetime_utc": "1975-09-29T15:05:38.300000Z", "year": 1975, "mag": 5.4, "mag_type": "Ml", "depth_km": 67.0, "ml": 5.4}}, {"type": "Feature", "geometry": {"type": "Point", "coordinates": [121.17, 12.28]}, "properties": {"id": "PH-1388", "datetime_utc": "1975-10-21T22:22:54.700000Z", "year": 1975, "mag": 5.2, "mag_type": "Ml", "depth_km": 33.0, "ml": 5.2}}, {"type": "Feature", "geometry": {"type": "Point", "coordinates": [122.2, 12.12]}, "properties": {"id": "PH-1389", "datetime_utc": "1975-10-22T15:09:51.500000Z", "year": 1975, "mag": 5.3, "mag_type": "Ml", "depth_km": 33.0, "ml": 5.3}}, {"type": "Feature", "geometry": {"type": "Point", "coordinates": [125.83, 12.49]}, "properties": {"id": "PH-1390", "datetime_utc": "1975-10-30T12:13:53Z", "year": 1975, "mag": 5.4, "mag_type": "Ml", "depth_km": 33.0, "ml": 5.4}}, {"type": "Feature", "geometry": {"type": "Point", "coordinates": [126.26, 12.64]}, "properties": {"id": "PH-1391", "datetime_utc": "1975-10-31T08:27:54.700000Z", "year": 1975, "mag": 6.0, "mag_type": "Ml", "depth_km": 33.0, "ml": 6.0}}, {"type": "Feature", "geometry": {"type": "Point", "coordinates": [128.9, 11.7]}, "properties": {"id": "PH-1392", "datetime_utc": "1975-11-01T06:23:07.900000Z", "year": 1975, "mag": 5.1, "mag_type": "Ml", "depth_km": 33.0, "ml": 5.1}}, {"type": "Feature", "geometry": {"type": "Point", "coordinates": [126.5, 12.82]}, "properties": {"id": "PH-1393", "datetime_utc": "1975-11-06T11:36:10.800000Z", "year": 1975, "mag": 5.3, "mag_type": "Ml", "depth_km": 11.0, "ml": 5.3}}, {"type": "Feature", "geometry": {"type": "Point", "coordinates": [127.65, 6.27]}, "properties": {"id": "PH-1394", "datetime_utc": "1975-11-08T20:53:19.700000Z", "year": 1975, "mag": 5.2, "mag_type": "Ml", "depth_km": 33.0, "ml": 5.2}}, {"type": "Feature", "geometry": {"type": "Point", "coordinates": [125.73, 14.37]}, "properties": {"id": "PH-1395", "datetime_utc": "1975-11-09T23:34:43.400000Z", "year": 1975, "mag": 5.7, "mag_type": "Ml", "depth_km": 33.0, "ml": 5.7}}, {"type": "Feature", "geometry": {"type": "Point", "coordinates": [125.47, 3.13]}, "properties": {"id": "PH-1396", "datetime_utc": "1975-11-13T04:45:04.300000Z", "year": 1975, "mag": 5.0, "mag_type": "Ml", "depth_km": 33.0, "ml": 5.0}}, {"type": "Feature", "geometry": {"type": "Point", "coordinates": [131.84, 7.03]}, "properties": {"id": "PH-1397", "datetime_utc": "1975-11-13T15:03:25.300000Z", "year": 1975, "mag": 5.0, "mag_type": "Ml", "depth_km": 33.0, "ml": 5.0}}, {"type": "Feature", "geometry": {"type": "Point", "coordinates": [126.66, 2.08]}, "properties": {"id": "PH-1398", "datetime_utc": "1975-11-15T18:56:17.200000Z", "year": 1975, "mag": 5.2, "mag_type": "Ml", "depth_km": 33.0, "ml": 5.2}}, {"type": "Feature", "geometry": {"type": "Point", "coordinates": [125.81, 8.13]}, "properties": {"id": "PH-1399", "datetime_utc": "1975-11-22T02:34:14Z", "year": 1975, "mag": 5.5, "mag_type": "Ml", "depth_km": 69.0, "ml": 5.5}}, {"type": "Feature", "geometry": {"type": "Point", "coordinates": [126.37, 12.19]}, "properties": {"id": "PH-1400", "datetime_utc": "1975-11-29T02:17:52.100000Z", "year": 1975, "mag": 5.3, "mag_type": "Ml", "depth_km": 33.0, "ml": 5.3}}, {"type": "Feature", "geometry": {"type": "Point", "coordinates": [123.73, 3.99]}, "properties": {"id": "PH-1401", "datetime_utc": "1975-12-01T18:34:24.400000Z", "year": 1975, "mag": 5.1, "mag_type": "Ml", "depth_km": 240.0, "ml": 5.1}}, {"type": "Feature", "geometry": {"type": "Point", "coordinates": [123.6, 6.1]}, "properties": {"id": "PH-1402", "datetime_utc": "1975-12-09T01:23:28.700000Z", "year": 1975, "mag": 6.2, "mag_type": "Ml", "depth_km": 600.0, "ml": 6.2}}, {"type": "Feature", "geometry": {"type": "Point", "coordinates": [127.13, 10.08]}, "properties": {"id": "PH-1403", "datetime_utc": "1975-12-09T08:50:04.500000Z", "year": 1975, "mag": 5.1, "mag_type": "Ml", "depth_km": 33.0, "ml": 5.1}}, {"type": "Feature", "geometry": {"type": "Point", "coordinates": [128.16, 2.69]}, "properties": {"id": "PH-1404", "datetime_utc": "1975-12-15T11:19:51Z", "year": 1975, "mag": 5.2, "mag_type": "Ml", "depth_km": 33.0, "ml": 5.2}}, {"type": "Feature", "geometry": {"type": "Point", "coordinates": [125.24, 2.84]}, "properties": {"id": "PH-1405", "datetime_utc": "1975-12-16T13:56:52Z", "year": 1975, "mag": 5.0, "mag_type": "Ml", "depth_km": 33.0, "ml": 5.0}}, {"type": "Feature", "geometry": {"type": "Point", "coordinates": [122.86, 4.86]}, "properties": {"id": "PH-1406", "datetime_utc": "1976-01-17T00:28:19.500000Z", "year": 1976, "mag": 5.0, "mag_type": "Ml", "depth_km": 33.0, "ml": 5.0}}, {"type": "Feature", "geometry": {"type": "Point", "coordinates": [121.01, 4.19]}, "properties": {"id": "PH-1407", "datetime_utc": "1976-02-03T05:23:37.200000Z", "year": 1976, "mag": 5.3, "mag_type": "Ml", "depth_km": 372.0, "ml": 5.3}}, {"type": "Feature", "geometry": {"type": "Point", "coordinates": [121.8, 15.69]}, "properties": {"id": "PH-1408", "datetime_utc": "1976-02-13T08:07:30.300000Z", "year": 1976, "mag": 5.1, "mag_type": "Ml", "depth_km": 66.0, "ml": 5.1}}, {"type": "Feature", "geometry": {"type": "Point", "coordinates": [120.13, 14.0]}, "properties": {"id": "PH-1409", "datetime_utc": "1976-02-13T10:33:43.500000Z", "year": 1976, "mag": 5.0, "mag_type": "Ml", "depth_km": 33.0, "ml": 5.0}}, {"type": "Feature", "geometry": {"type": "Point", "coordinates": [126.12, 13.65]}, "properties": {"id": "PH-1410", "datetime_utc": "1976-02-15T01:54:17.600000Z", "year": 1976, "mag": 5.6, "mag_type": "Ml", "depth_km": 18.0, "ml": 5.6}}, {"type": "Feature", "geometry": {"type": "Point", "coordinates": [126.64, 13.65]}, "properties": {"id": "PH-1411", "datetime_utc": "1976-02-15T02:30:12.300000Z", "year": 1976, "mag": 5.4, "mag_type": "Ml", "depth_km": 33.0, "ml": 5.4}}, {"type": "Feature", "geometry": {"type": "Point", "coordinates": [120.0, 19.2]}, "properties": {"id": "PH-1412", "datetime_utc": "1976-02-18T17:01:54Z", "year": 1976, "mag": 5.0, "mag_type": "Ml", "depth_km": 33.0, "ml": 5.0}}, {"type": "Feature", "geometry": {"type": "Point", "coordinates": [122.62, 6.68]}, "properties": {"id": "PH-1413", "datetime_utc": "1976-02-23T15:32:31Z", "year": 1976, "mag": 5.1, "mag_type": "Ml", "depth_km": 600.0, "ml": 5.1}}, {"type": "Feature", "geometry": {"type": "Point", "coordinates": [125.98, 13.33]}, "properties": {"id": "PH-1414", "datetime_utc": "1976-02-26T18:07:56.400000Z", "year": 1976, "mag": 5.1, "mag_type": "Ml", "depth_km": 116.0, "ml": 5.1}}, {"type": "Feature", "geometry": {"type": "Point", "coordinates": [127.22, 11.84]}, "properties": {"id": "PH-1415", "datetime_utc": "1976-03-12T04:35:01.300000Z", "year": 1976, "mag": 5.0, "mag_type": "Ml", "depth_km": 182.0, "ml": 5.0}}, {"type": "Feature", "geometry": {"type": "Point", "coordinates": [125.42, 8.38]}, "properties": {"id": "PH-1416", "datetime_utc": "1976-03-25T08:41:28Z", "year": 1976, "mag": 5.2, "mag_type": "Ml", "depth_km": 33.0, "ml": 5.2}}, {"type": "Feature", "geometry": {"type": "Point", "coordinates": [122.85, 19.73]}, "properties": {"id": "PH-1417", "datetime_utc": "1976-04-09T10:23:13.500000Z", "year": 1976, "mag": 5.0, "mag_type": "Ml", "depth_km": 33.0, "ml": 5.0}}, {"type": "Feature", "geometry": {"type": "Point", "coordinates": [122.68, 19.71]}, "properties": {"id": "PH-1418", "datetime_utc": "1976-04-14T01:22:27.200000Z", "year": 1976, "mag": 5.2, "mag_type": "Ml", "depth_km": 33.0, "ml": 5.2}}, {"type": "Feature", "geometry": {"type": "Point", "coordinates": [123.51, 5.55]}, "properties": {"id": "PH-1419", "datetime_utc": "1976-04-19T19:06:25.500000Z", "year": 1976, "mag": 5.5, "mag_type": "Ml", "depth_km": 33.0, "ml": 5.5}}, {"type": "Feature", "geometry": {"type": "Point", "coordinates": [120.21, 13.38]}, "properties": {"id": "PH-1420", "datetime_utc": "1976-05-04T09:23:23.200000Z", "year": 1976, "mag": 5.4, "mag_type": "Ml", "depth_km": 33.0, "ml": 5.4}}, {"type": "Feature", "geometry": {"type": "Point", "coordinates": [125.09, 14.3]}, "properties": {"id": "PH-1421", "datetime_utc": "1976-05-11T13:24:30.800000Z", "year": 1976, "mag": 5.1, "mag_type": "Ml", "depth_km": 33.0, "ml": 5.1}}, {"type": "Feature", "geometry": {"type": "Point", "coordinates": [126.87, 2.18]}, "properties": {"id": "PH-1422", "datetime_utc": "1976-05-21T04:10:42.600000Z", "year": 1976, "mag": 5.0, "mag_type": "Ml", "depth_km": 33.0, "ml": 5.0}}, {"type": "Feature", "geometry": {"type": "Point", "coordinates": [129.16, 13.56]}, "properties": {"id": "PH-1423", "datetime_utc": "1976-05-22T10:17:07.800000Z", "year": 1976, "mag": 5.2, "mag_type": "Ml", "depth_km": 33.0, "ml": 5.2}}, {"type": "Feature", "geometry": {"type": "Point", "coordinates": [123.92, 6.08]}, "properties": {"id": "PH-1424", "datetime_utc": "1976-08-16T16:11:03.900000Z", "year": 1976, "mag": 7.9, "mag_type": "Ms", "depth_km": 33.0, "ml": 6.3, "ms": 7.9}}, {"type": "Feature", "geometry": {"type": "Point", "coordinates": [123.02, 6.74]}, "properties": {"id": "PH-1425", "datetime_utc": "1976-08-16T17:36:25.500000Z", "year": 1976, "mag": 5.0, "mag_type": "Ml", "depth_km": 33.0, "ml": 5.0}}, {"type": "Feature", "geometry": {"type": "Point", "coordinates": [124.13, 7.27]}, "properties": {"id": "PH-1426", "datetime_utc": "1976-08-16T22:49:33Z", "year": 1976, "mag": 5.1, "mag_type": "Ml", "depth_km": 33.0, "ml": 5.1}}, {"type": "Feature", "geometry": {"type": "Point", "coordinates": [123.61, 6.25]}, "properties": {"id": "PH-1427", "datetime_utc": "1976-08-17T07:53:16.800000Z", "year": 1976, "mag": 5.1, "mag_type": "Ml", "depth_km": 33.0, "ml": 5.1}}, {"type": "Feature", "geometry": {"type": "Point", "coordinates": [124.41, 5.33]}, "properties": {"id": "PH-1428", "datetime_utc": "1976-08-17T18:09:40.300000Z", "year": 1976, "mag": 5.2, "mag_type": "Ml", "depth_km": 33.0, "ml": 5.2}}, {"type": "Feature", "geometry": {"type": "Point", "coordinates": [124.0, 14.84]}, "properties": {"id": "PH-1429", "datetime_utc": "1976-08-19T19:04:01.900000Z", "year": 1976, "mag": 5.4, "mag_type": "Ml", "depth_km": 33.0, "ml": 5.4}}, {"type": "Feature", "geometry": {"type": "Point", "coordinates": [124.1, 6.5]}, "properties": {"id": "PH-1430", "datetime_utc": "1976-08-23T03:43:00Z", "year": 1976, "mag": 5.0, "mag_type": "Ml", "depth_km": 50.0, "ml": 5.0}}, {"type": "Feature", "geometry": {"type": "Point", "coordinates": [124.48, 13.1]}, "properties": {"id": "PH-1431", "datetime_utc": "1976-08-25T12:29:56.600000Z", "year": 1976, "mag": 5.3, "mag_type": "Ml", "depth_km": 50.0, "ml": 5.3}}, {"type": "Feature", "geometry": {"type": "Point", "coordinates": [124.48, 3.89]}, "properties": {"id": "PH-1432", "datetime_utc": "1976-09-08T02:13:41.200000Z", "year": 1976, "mag": 5.0, "mag_type": "Ml", "depth_km": 33.0, "ml": 5.0}}, {"type": "Feature", "geometry": {"type": "Point", "coordinates": [122.8, 4.5]}, "properties": {"id": "PH-1433", "datetime_utc": "1976-09-25T03:29:39.600000Z", "year": 1976, "mag": 5.0, "mag_type": "Ml", "depth_km": 33.0, "ml": 5.0}}, {"type": "Feature", "geometry": {"type": "Point", "coordinates": [128.77, 8.08]}, "properties": {"id": "PH-1434", "datetime_utc": "1976-09-29T10:35:08.500000Z", "year": 1976, "mag": 5.1, "mag_type": "Ml", "depth_km": 33.0, "ml": 5.1}}, {"type": "Feature", "geometry": {"type": "Point", "coordinates": [124.06, 6.93]}, "properties": {"id": "PH-1435", "datetime_utc": "1976-09-29T21:04:34Z", "year": 1976, "mag": 5.2, "mag_type": "Ml", "depth_km": 50.0, "ml": 5.2}}, {"type": "Feature", "geometry": {"type": "Point", "coordinates": [126.14, 9.51]}, "properties": {"id": "PH-1436", "datetime_utc": "1976-11-08T10:48:44.300000Z", "year": 1976, "mag": 5.1, "mag_type": "Ml", "depth_km": 33.0, "ml": 5.1}}, {"type": "Feature", "geometry": {"type": "Point", "coordinates": [126.58, 8.36]}, "properties": {"id": "PH-1437", "datetime_utc": "1976-11-10T17:28:22.100000Z", "year": 1976, "mag": 5.3, "mag_type": "Ml", "depth_km": 10.0, "ml": 5.3}}, {"type": "Feature", "geometry": {"type": "Point", "coordinates": [125.8, 14.31]}, "properties": {"id": "PH-1438", "datetime_utc": "1976-12-10T23:05:12.700000Z", "year": 1976, "mag": 5.4, "mag_type": "Ml", "depth_km": 33.0, "ml": 5.4}}, {"type": "Feature", "geometry": {"type": "Point", "coordinates": [121.65, 6.86]}, "properties": {"id": "PH-1439", "datetime_utc": "1977-01-01T12:19:08.900000Z", "year": 1977, "mag": 5.2, "mag_type": "Ml", "depth_km": 30.0, "ml": 5.2}}, {"type": "Feature", "geometry": {"type": "Point", "coordinates": [126.83, 8.15]}, "properties": {"id": "PH-1440", "datetime_utc": "1977-01-10T08:18:49.800000Z", "year": 1977, "mag": 5.1, "mag_type": "Ml", "depth_km": 96.0, "ml": 5.1}}, {"type": "Feature", "geometry": {"type": "Point", "coordinates": [125.7, 13.06]}, "properties": {"id": "PH-1441", "datetime_utc": "1977-01-15T10:49:04.100000Z", "year": 1977, "mag": 5.2, "mag_type": "Ml", "depth_km": 33.0, "ml": 5.2}}, {"type": "Feature", "geometry": {"type": "Point", "coordinates": [126.36, 13.53]}, "properties": {"id": "PH-1442", "datetime_utc": "1977-01-15T10:55:36.100000Z", "year": 1977, "mag": 5.4, "mag_type": "Ml", "depth_km": 12.0, "ml": 5.4}}, {"type": "Feature", "geometry": {"type": "Point", "coordinates": [126.8, 5.05]}, "properties": {"id": "PH-1443", "datetime_utc": "1977-01-19T13:54:06.100000Z", "year": 1977, "mag": 5.5, "mag_type": "Ml", "depth_km": 119.0, "ml": 5.5}}, {"type": "Feature", "geometry": {"type": "Point", "coordinates": [127.07, 9.67]}, "properties": {"id": "PH-1444", "datetime_utc": "1977-02-28T01:50:30.600000Z", "year": 1977, "mag": 5.2, "mag_type": "Ml", "depth_km": 182.0, "ml": 5.2}}, {"type": "Feature", "geometry": {"type": "Point", "coordinates": [123.22, 5.77]}, "properties": {"id": "PH-1445", "datetime_utc": "1977-03-02T09:53:07.500000Z", "year": 1977, "mag": 5.8, "mag_type": "Ml", "depth_km": 33.0, "ml": 5.8}}, {"type": "Feature", "geometry": {"type": "Point", "coordinates": [122.38, 19.38]}, "properties": {"id": "PH-1446", "datetime_utc": "1977-03-11T06:58:01.700000Z", "year": 1977, "mag": 5.2, "mag_type": "Ml", "depth_km": 33.0, "ml": 5.2}}, {"type": "Feature", "geometry": {"type": "Point", "coordinates": [122.31, 16.7]}, "properties": {"id": "PH-1447", "datetime_utc": "1977-03-18T21:43:54.200000Z", "year": 1977, "mag": 7.2, "mag_type": "Ms", "depth_km": 118.0, "ml": 5.9, "mb": 6.2, "ms": 7.2}}, {"type": "Feature", "geometry": {"type": "Point", "coordinates": [122.5, 16.8]}, "properties": {"id": "PH-1448", "datetime_utc": "1977-03-18T23:57:40Z", "year": 1977, "mag": 5.2, "mag_type": "Ml", "depth_km": 50.0, "ml": 5.2}}, {"type": "Feature", "geometry": {"type": "Point", "coordinates": [122.84, 17.02]}, "properties": {"id": "PH-1449", "datetime_utc": "1977-03-19T19:35:09.200000Z", "year": 1977, "mag": 5.8, "mag_type": "Ms", "depth_km": 129.0, "ml": 5.3, "ms": 5.8}}, {"type": "Feature", "geometry": {"type": "Point", "coordinates": [126.4, 12.35]}, "properties": {"id": "PH-1450", "datetime_utc": "1977-04-10T04:21:50.900000Z", "year": 1977, "mag": 5.0, "mag_type": "Ml", "depth_km": 103.0, "ml": 5.0}}, {"type": "Feature", "geometry": {"type": "Point", "coordinates": [126.9, 3.95]}, "properties": {"id": "PH-1451", "datetime_utc": "1977-04-13T12:45:44.900000Z", "year": 1977, "mag": 5.0, "mag_type": "Ml", "depth_km": 137.0, "ml": 5.0}}, {"type": "Feature", "geometry": {"type": "Point", "coordinates": [128.55, 8.4]}, "properties": {"id": "PH-1452", "datetime_utc": "1977-04-21T12:48:48.800000Z", "year": 1977, "mag": 5.0, "mag_type": "Ml", "depth_km": 33.0, "ml": 5.0}}, {"type": "Feature", "geometry": {"type": "Point", "coordinates": [123.27, 7.17]}, "properties": {"id": "PH-1453", "datetime_utc": "1977-05-02T21:53:55.100000Z", "year": 1977, "mag": 5.1, "mag_type": "Ml", "depth_km": 33.0, "ml": 5.1}}, {"type": "Feature", "geometry": {"type": "Point", "coordinates": [128.67, 2.15]}, "properties": {"id": "PH-1454", "datetime_utc": "1977-05-03T20:36:42.500000Z", "year": 1977, "mag": 5.3, "mag_type": "Ml", "depth_km": 181.0, "ml": 5.3}}, {"type": "Feature", "geometry": {"type": "Point", "coordinates": [120.95, 15.94]}, "properties": {"id": "PH-1455", "datetime_utc": "1977-05-12T14:00:56.900000Z", "year": 1977, "mag": 5.1, "mag_type": "Ml", "depth_km": 33.0, "ml": 5.1}}, {"type": "Feature", "geometry": {"type": "Point", "coordinates": [122.59, 16.26]}, "properties": {"id": "PH-1456", "datetime_utc": "1977-05-21T05:35:18.300000Z", "year": 1977, "mag": 5.1, "mag_type": "Ml", "depth_km": 132.0, "ml": 5.1}}, {"type": "Feature", "geometry": {"type": "Point", "coordinates": [124.86, 13.65]}, "properties": {"id": "PH-1457", "datetime_utc": "1977-06-13T11:47:37Z", "year": 1977, "mag": 5.5, "mag_type": "Ml", "depth_km": 33.0, "ml": 5.5}}, {"type": "Feature", "geometry": {"type": "Point", "coordinates": [125.72, 2.97]}, "properties": {"id": "PH-1458", "datetime_utc": "1977-06-19T07:31:56.600000Z", "year": 1977, "mag": 5.6, "mag_type": "Ml", "depth_km": 392.0, "ml": 5.6}}, {"type": "Feature", "geometry": {"type": "Point", "coordinates": [125.15, 4.03]}, "properties": {"id": "PH-1459", "datetime_utc": "1977-06-19T07:22:10.400000Z", "year": 1977, "mag": 5.4, "mag_type": "Ml", "depth_km": 336.0, "ml": 5.4}}, {"type": "Feature", "geometry": {"type": "Point", "coordinates": [119.9, 19.43]}, "properties": {"id": "PH-1460", "datetime_utc": "1977-06-30T10:11:42.600000Z", "year": 1977, "mag": 5.0, "mag_type": "Ml", "depth_km": 278.0, "ml": 5.0}}, {"type": "Feature", "geometry": {"type": "Point", "coordinates": [126.03, 5.13]}, "properties": {"id": "PH-1461", "datetime_utc": "1977-07-03T14:39:59Z", "year": 1977, "mag": 5.4, "mag_type": "Ml", "depth_km": 33.0, "ml": 5.4}}, {"type": "Feature", "geometry": {"type": "Point", "coordinates": [122.52, 17.05]}, "properties": {"id": "PH-1462", "datetime_utc": "1977-07-21T13:45:50.800000Z", "year": 1977, "mag": 6.9, "mag_type": "Ms", "depth_km": 14.0, "ml": 5.6, "ms": 6.9}}, {"type": "Feature", "geometry": {"type": "Point", "coordinates": [118.96, 19.29]}, "properties": {"id": "PH-1463", "datetime_utc": "1977-07-22T05:12:40.700000Z", "year": 1977, "mag": 5.2, "mag_type": "Ml", "depth_km": 33.0, "ml": 5.2}}, {"type": "Feature", "geometry": {"type": "Point", "coordinates": [122.33, 17.81]}, "properties": {"id": "PH-1464", "datetime_utc": "1977-07-27T17:25:05.900000Z", "year": 1977, "mag": 5.1, "mag_type": "Ml", "depth_km": 33.0, "ml": 5.1}}, {"type": "Feature", "geometry": {"type": "Point", "coordinates": [120.61, 18.3]}, "properties": {"id": "PH-1465", "datetime_utc": "1977-07-29T22:23:42.600000Z", "year": 1977, "mag": 5.0, "mag_type": "Ml", "depth_km": 33.0, "ml": 5.0}}, {"type": "Feature", "geometry": {"type": "Point", "coordinates": [127.0, 12.93]}, "properties": {"id": "PH-1466", "datetime_utc": "1977-08-01T01:18:27.500000Z", "year": 1977, "mag": 5.1, "mag_type": "Ml", "depth_km": 33.0, "ml": 5.1}}, {"type": "Feature", "geometry": {"type": "Point", "coordinates": [119.98, 18.43]}, "properties": {"id": "PH-1467", "datetime_utc": "1977-08-29T14:23:30.700000Z", "year": 1977, "mag": 5.3, "mag_type": "Ml", "depth_km": 33.0, "ml": 5.3}}, {"type": "Feature", "geometry": {"type": "Point", "coordinates": [128.08, 16.54]}, "properties": {"id": "PH-1468", "datetime_utc": "1977-09-03T00:51:05.800000Z", "year": 1977, "mag": 5.3, "mag_type": "Ml", "depth_km": 33.0, "ml": 5.3}}, {"type": "Feature", "geometry": {"type": "Point", "coordinates": [129.0, 3.4]}, "properties": {"id": "PH-1469", "datetime_utc": "1977-09-06T05:00:46.500000Z", "year": 1977, "mag": 5.1, "mag_type": "Ml", "depth_km": 33.0, "ml": 5.1}}, {"type": "Feature", "geometry": {"type": "Point", "coordinates": [117.37, 16.84]}, "properties": {"id": "PH-1470", "datetime_utc": "1977-10-04T15:43:25Z", "year": 1977, "mag": 5.1, "mag_type": "Ml", "depth_km": 33.0, "ml": 5.1}}, {"type": "Feature", "geometry": {"type": "Point", "coordinates": [124.57, 13.44]}, "properties": {"id": "PH-1471", "datetime_utc": "1977-10-08T21:06:48.700000Z", "year": 1977, "mag": 5.1, "mag_type": "Ml", "depth_km": 33.0, "ml": 5.1}}, {"type": "Feature", "geometry": {"type": "Point", "coordinates": [129.5, 3.62]}, "properties": {"id": "PH-1472", "datetime_utc": "1977-10-20T13:16:18.600000Z", "year": 1977, "mag": 5.1, "mag_type": "Ml", "depth_km": 33.0, "ml": 5.1}}, {"type": "Feature", "geometry": {"type": "Point", "coordinates": [121.33, 19.44]}, "properties": {"id": "PH-1473", "datetime_utc": "1977-11-13T21:12:42.600000Z", "year": 1977, "mag": 5.0, "mag_type": "Ml", "depth_km": 33.0, "ml": 5.0}}, {"type": "Feature", "geometry": {"type": "Point", "coordinates": [127.95, 8.0]}, "properties": {"id": "PH-1474", "datetime_utc": "1977-11-16T07:11:54.100000Z", "year": 1977, "mag": 5.1, "mag_type": "Ml", "depth_km": 33.0, "ml": 5.1}}, {"type": "Feature", "geometry": {"type": "Point", "coordinates": [120.53, 7.03]}, "properties": {"id": "PH-1475", "datetime_utc": "1977-11-21T11:39:41.200000Z", "year": 1977, "mag": 5.6, "mag_type": "Ml", "depth_km": 33.0, "ml": 5.6}}, {"type": "Feature", "geometry": {"type": "Point", "coordinates": [125.92, 11.88]}, "properties": {"id": "PH-1476", "datetime_utc": "1977-11-27T02:19:49.700000Z", "year": 1977, "mag": 5.7, "mag_type": "Ml", "depth_km": 33.0, "ml": 5.7}}, {"type": "Feature", "geometry": {"type": "Point", "coordinates": [125.3, 10.0]}, "properties": {"id": "PH-1477", "datetime_utc": "1977-12-14T08:49:22Z", "year": 1977, "mag": 5.8, "mag_type": "Ml", "depth_km": 50.0, "ml": 5.8}}, {"type": "Feature", "geometry": {"type": "Point", "coordinates": [121.13, 4.02]}, "properties": {"id": "PH-1478", "datetime_utc": "1977-12-28T04:26:28.200000Z", "year": 1977, "mag": 5.1, "mag_type": "Ml", "depth_km": 33.0, "ml": 5.1}}, {"type": "Feature", "geometry": {"type": "Point", "coordinates": [127.15, 8.46]}, "properties": {"id": "PH-1479", "datetime_utc": "1977-12-29T11:55:23.400000Z", "year": 1977, "mag": 5.1, "mag_type": "Ml", "depth_km": 33.0, "ml": 5.1}}, {"type": "Feature", "geometry": {"type": "Point", "coordinates": [126.8, 8.58]}, "properties": {"id": "PH-1480", "datetime_utc": "1977-12-31T13:11:24.500000Z", "year": 1977, "mag": 5.0, "mag_type": "Ml", "depth_km": 33.0, "ml": 5.0}}, {"type": "Feature", "geometry": {"type": "Point", "coordinates": [121.66, 18.94]}, "properties": {"id": "PH-1481", "datetime_utc": "1978-01-06T04:41:18.500000Z", "year": 1978, "mag": 5.4, "mag_type": "Ml", "depth_km": 33.0, "ml": 5.4}}, {"type": "Feature", "geometry": {"type": "Point", "coordinates": [126.86, 6.59]}, "properties": {"id": "PH-1482", "datetime_utc": "1978-01-30T13:14:56.200000Z", "year": 1978, "mag": 5.3, "mag_type": "Ml", "depth_km": 144.0, "ml": 5.3}}, {"type": "Feature", "geometry": {"type": "Point", "coordinates": [121.81, 4.67]}, "properties": {"id": "PH-1483", "datetime_utc": "1978-02-03T14:33:33.900000Z", "year": 1978, "mag": 5.3, "mag_type": "Ml", "depth_km": 33.0, "ml": 5.3}}, {"type": "Feature", "geometry": {"type": "Point", "coordinates": [118.4, 4.74]}, "properties": {"id": "PH-1484", "datetime_utc": "1978-02-07T07:18:30.500000Z", "year": 1978, "mag": 5.5, "mag_type": "Ml", "depth_km": 33.0, "ml": 5.5}}, {"type": "Feature", "geometry": {"type": "Point", "coordinates": [127.82, 5.47]}, "properties": {"id": "PH-1485", "datetime_utc": "1978-03-14T01:56:45Z", "year": 1978, "mag": 5.2, "mag_type": "Ml", "depth_km": 33.0, "ml": 5.2}}, {"type": "Feature", "geometry": {"type": "Point", "coordinates": [127.61, 19.86]}, "properties": {"id": "PH-1486", "datetime_utc": "1978-03-23T00:36:10.400000Z", "year": 1978, "mag": 5.5, "mag_type": "Ml", "depth_km": 33.0, "ml": 5.5}}, {"type": "Feature", "geometry": {"type": "Point", "coordinates": [120.46, 7.03]}, "properties": {"id": "PH-1487", "datetime_utc": "1978-03-27T18:33:36.800000Z", "year": 1978, "mag": 5.1, "mag_type": "Ml", "depth_km": 222.0, "ml": 5.1}}, {"type": "Feature", "geometry": {"type": "Point", "coordinates": [127.55, 3.29]}, "properties": {"id": "PH-1488", "datetime_utc": "1978-04-13T05:18:37.700000Z", "year": 1978, "mag": 5.3, "mag_type": "Ml", "depth_km": 167.0, "ml": 5.3}}, {"type": "Feature", "geometry": {"type": "Point", "coordinates": [132.92, 5.69]}, "properties": {"id": "PH-1489", "datetime_utc": "1978-04-15T00:18:20Z", "year": 1978, "mag": 5.4, "mag_type": "Ml", "depth_km": 26.0, "ml": 5.4}}, {"type": "Feature", "geometry": {"type": "Point", "coordinates": [124.24, 4.64]}, "properties": {"id": "PH-1490", "datetime_utc": "1978-04-25T04:24:50.500000Z", "year": 1978, "mag": 5.3, "mag_type": "Ml", "depth_km": 33.0, "ml": 5.3}}, {"type": "Feature", "geometry": {"type": "Point", "coordinates": [127.53, 3.25]}, "properties": {"id": "PH-1491", "datetime_utc": "1978-05-03T02:29:50.200000Z", "year": 1978, "mag": 5.3, "mag_type": "Ml", "depth_km": 103.0, "ml": 5.3}}, {"type": "Feature", "geometry": {"type": "Point", "coordinates": [121.14, 6.88]}, "properties": {"id": "PH-1492", "datetime_utc": "1978-05-21T07:24:14.100000Z", "year": 1978, "mag": 5.4, "mag_type": "Ml", "depth_km": 371.0, "ml": 5.4}}, {"type": "Feature", "geometry": {"type": "Point", "coordinates": [133.0, 3.3]}, "properties": {"id": "PH-1493", "datetime_utc": "1978-05-25T22:20:41.800000Z", "year": 1978, "mag": 5.2, "mag_type": "Ml", "depth_km": 33.0, "ml": 5.2}}, {"type": "Feature", "geometry": {"type": "Point", "coordinates": [121.06, 19.55]}, "properties": {"id": "PH-1494", "datetime_utc": "1978-06-04T09:50:24.900000Z", "year": 1978, "mag": 5.3, "mag_type": "Ml", "depth_km": 33.0, "ml": 5.3}}, {"type": "Feature", "geometry": {"type": "Point", "coordinates": [126.94, 4.36]}, "properties": {"id": "PH-1495", "datetime_utc": "1978-06-11T10:21:59.400000Z", "year": 1978, "mag": 5.0, "mag_type": "Ml", "depth_km": 112.0, "ml": 5.0}}, {"type": "Feature", "geometry": {"type": "Point", "coordinates": [122.14, 8.27]}, "properties": {"id": "PH-1496", "datetime_utc": "1978-06-14T12:32:32.400000Z", "year": 1978, "mag": 5.5, "mag_type": "Ml", "depth_km": 33.0, "ml": 5.5}}, {"type": "Feature", "geometry": {"type": "Point", "coordinates": [116.38, 7.56]}, "properties": {"id": "PH-1497", "datetime_utc": "1978-06-14T12:49:18.500000Z", "year": 1978, "mag": 5.7, "mag_type": "Ml", "depth_km": 33.0, "ml": 5.7}}, {"type": "Feature", "geometry": {"type": "Point", "coordinates": [126.72, 7.69]}, "properties": {"id": "PH-1498", "datetime_utc": "1978-06-16T07:56:58Z", "year": 1978, "mag": 5.3, "mag_type": "Ml", "depth_km": 196.0, "ml": 5.3}}, {"type": "Feature", "geometry": {"type": "Point", "coordinates": [119.94, 13.62]}, "properties": {"id": "PH-1499", "datetime_utc": "1978-06-28T04:51:34.300000Z", "year": 1978, "mag": 5.1, "mag_type": "Ml", "depth_km": 8.0, "ml": 5.1}}, {"type": "Feature", "geometry": {"type": "Point", "coordinates": [126.4, 2.72]}, "properties": {"id": "PH-1500", "datetime_utc": "1978-08-01T15:27:50.100000Z", "year": 1978, "mag": 5.5, "mag_type": "Ml", "depth_km": 223.0, "ml": 5.5}}, {"type": "Feature", "geometry": {"type": "Point", "coordinates": [120.73, 19.65]}, "properties": {"id": "PH-1501", "datetime_utc": "1978-08-04T08:55:01.100000Z", "year": 1978, "mag": 5.1, "mag_type": "Ml", "depth_km": 33.0, "ml": 5.1}}, {"type": "Feature", "geometry": {"type": "Point", "coordinates": [127.55, 3.88]}, "properties": {"id": "PH-1502", "datetime_utc": "1978-08-13T10:12:36.800000Z", "year": 1978, "mag": 5.0, "mag_type": "Ml", "depth_km": 105.0, "ml": 5.0}}, {"type": "Feature", "geometry": {"type": "Point", "coordinates": [126.19, 5.52]}, "properties": {"id": "PH-1503", "datetime_utc": "1978-08-21T05:41:45.800000Z", "year": 1978, "mag": 5.0, "mag_type": "Ml", "depth_km": 105.0, "ml": 5.0}}, {"type": "Feature", "geometry": {"type": "Point", "coordinates": [127.49, 4.65]}, "properties": {"id": "PH-1504", "datetime_utc": "1978-08-23T19:34:05.700000Z", "year": 1978, "mag": 5.0, "mag_type": "Ml", "depth_km": 5.0, "ml": 5.0}}, {"type": "Feature", "geometry": {"type": "Point", "coordinates": [132.09, 6.81]}, "properties": {"id": "PH-1505", "datetime_utc": "1978-08-29T17:53:56.900000Z", "year": 1978, "mag": 5.0, "mag_type": "Ml", "depth_km": 33.0, "ml": 5.0}}, {"type": "Feature", "geometry": {"type": "Point", "coordinates": [129.84, 4.55]}, "properties": {"id": "PH-1506", "datetime_utc": "1978-08-31T10:07:19.800000Z", "year": 1978, "mag": 5.5, "mag_type": "Ml", "depth_km": 33.0, "ml": 5.5}}, {"type": "Feature", "geometry": {"type": "Point", "coordinates": [127.28, 2.9]}, "properties": {"id": "PH-1507", "datetime_utc": "1978-09-08T12:28:23.200000Z", "year": 1978, "mag": 5.3, "mag_type": "Ml", "depth_km": 54.0, "ml": 5.3}}, {"type": "Feature", "geometry": {"type": "Point", "coordinates": [126.81, 8.24]}, "properties": {"id": "PH-1508", "datetime_utc": "1978-10-26T09:14:39.600000Z", "year": 1978, "mag": 5.0, "mag_type": "Ml", "depth_km": 33.0, "ml": 5.0}}, {"type": "Feature", "geometry": {"type": "Point", "coordinates": [123.33, 7.43]}, "properties": {"id": "PH-1509", "datetime_utc": "1978-12-12T11:44:17.400000Z", "year": 1978, "mag": 5.7, "mag_type": "Ml", "depth_km": 96.0, "ml": 5.7}}, {"type": "Feature", "geometry": {"type": "Point", "coordinates": [127.19, 3.63]}, "properties": {"id": "PH-1510", "datetime_utc": "1978-12-20T15:51:58.700000Z", "year": 1978, "mag": 5.2, "mag_type": "Ml", "depth_km": 144.0, "ml": 5.2}}, {"type": "Feature", "geometry": {"type": "Point", "coordinates": [125.11, 21.42]}, "properties": {"id": "PH-1511", "datetime_utc": "1978-12-21T14:07:56Z", "year": 1978, "mag": 5.0, "mag_type": "Ml", "depth_km": 118.0, "ml": 5.0}}, {"type": "Feature", "geometry": {"type": "Point", "coordinates": [127.37, 5.26]}, "properties": {"id": "PH-1512", "datetime_utc": "1979-02-07T21:02:07.400000Z", "year": 1979, "mag": 5.5, "mag_type": "Ml", "depth_km": 196.0, "ml": 5.5}}, {"type": "Feature", "geometry": {"type": "Point", "coordinates": [124.74, 5.16]}, "properties": {"id": "PH-1513", "datetime_utc": "1979-02-11T17:30:12.100000Z", "year": 1979, "mag": 5.1, "mag_type": "Ml", "depth_km": 97.0, "ml": 5.1}}, {"type": "Feature", "geometry": {"type": "Point", "coordinates": [125.05, 5.76]}, "properties": {"id": "PH-1514", "datetime_utc": "1979-02-11T22:22:19.800000Z", "year": 1979, "mag": 5.8, "mag_type": "Ml", "depth_km": 100.0, "ml": 5.8}}, {"type": "Feature", "geometry": {"type": "Point", "coordinates": [124.72, 5.4]}, "properties": {"id": "PH-1515", "datetime_utc": "1979-02-19T00:35:43.300000Z", "year": 1979, "mag": 5.2, "mag_type": "Ml", "depth_km": 50.0, "ml": 5.2}}, {"type": "Feature", "geometry": {"type": "Point", "coordinates": [124.7, 13.09]}, "properties": {"id": "PH-1516", "datetime_utc": "1979-02-23T22:36:29.100000Z", "year": 1979, "mag": 5.1, "mag_type": "Ml", "depth_km": 33.0, "ml": 5.1}}, {"type": "Feature", "geometry": {"type": "Point", "coordinates": [126.0, 12.09]}, "properties": {"id": "PH-1517", "datetime_utc": "1979-05-12T00:56:54.300000Z", "year": 1979, "mag": 5.1, "mag_type": "Ml", "depth_km": 164.0, "ml": 5.1}}, {"type": "Feature", "geometry": {"type": "Point", "coordinates": [121.95, 3.15]}, "properties": {"id": "PH-1518", "datetime_utc": "1979-06-24T06:40:37.100000Z", "year": 1979, "mag": 5.5, "mag_type": "Ml", "depth_km": 377.0, "ml": 5.5}}, {"type": "Feature", "geometry": {"type": "Point", "coordinates": [130.1, 4.95]}, "properties": {"id": "PH-1519", "datetime_utc": "1979-06-26T14:21:14.700000Z", "year": 1979, "mag": 5.3, "mag_type": "Ml", "depth_km": 100.0, "ml": 5.3}}, {"type": "Feature", "geometry": {"type": "Point", "coordinates": [123.7, 12.9]}, "properties": {"id": "PH-1520", "datetime_utc": "1979-07-20T22:52:21.900000Z", "year": 1979, "mag": 5.7, "mag_type": "Ml", "depth_km": 199.0, "ml": 5.7}}, {"type": "Feature", "geometry": {"type": "Point", "coordinates": [125.96, 13.94]}, "properties": {"id": "PH-1521", "datetime_utc": "1979-07-22T05:31:15.900000Z", "year": 1979, "mag": 5.4, "mag_type": "Ml", "depth_km": 33.0, "ml": 5.4}}, {"type": "Feature", "geometry": {"type": "Point", "coordinates": [126.77, 2.17]}, "properties": {"id": "PH-1522", "datetime_utc": "1979-07-22T13:15:51.300000Z", "year": 1979, "mag": 5.2, "mag_type": "Ml", "depth_km": 3.0, "ml": 5.2}}, {"type": "Feature", "geometry": {"type": "Point", "coordinates": [128.0, 3.05]}, "properties": {"id": "PH-1523", "datetime_utc": "1979-08-19T16:00:11.900000Z", "year": 1979, "mag": 5.1, "mag_type": "Ml", "depth_km": 156.0, "ml": 5.1}}, {"type": "Feature", "geometry": {"type": "Point", "coordinates": [121.85, 19.08]}, "properties": {"id": "PH-1524", "datetime_utc": "1979-08-26T14:31:24.200000Z", "year": 1979, "mag": 5.9, "mag_type": "Ml", "depth_km": 33.0, "ml": 5.9}}, {"type": "Feature", "geometry": {"type": "Point", "coordinates": [128.69, 2.75]}, "properties": {"id": "PH-1525", "datetime_utc": "1979-08-31T20:34:51.600000Z", "year": 1979, "mag": 5.2, "mag_type": "Ml", "depth_km": 50.0, "ml": 5.2}}, {"type": "Feature", "geometry": {"type": "Point", "coordinates": [125.29, 8.09]}, "properties": {"id": "PH-1526", "datetime_utc": "1979-09-11T11:52:43.400000Z", "year": 1979, "mag": 5.4, "mag_type": "Ml", "depth_km": 33.0, "ml": 5.4}}, {"type": "Feature", "geometry": {"type": "Point", "coordinates": [126.23, 5.88]}, "properties": {"id": "PH-1527", "datetime_utc": "1979-09-16T17:56:25.500000Z", "year": 1979, "mag": 5.0, "mag_type": "Ml", "depth_km": 33.0, "ml": 5.0}}, {"type": "Feature", "geometry": {"type": "Point", "coordinates": [126.38, 9.89]}, "properties": {"id": "PH-1528", "datetime_utc": "1979-10-05T01:02:55.600000Z", "year": 1979, "mag": 5.1, "mag_type": "Ml", "depth_km": 50.0, "ml": 5.1}}, {"type": "Feature", "geometry": {"type": "Point", "coordinates": [126.49, 9.86]}, "properties": {"id": "PH-1529", "datetime_utc": "1979-10-05T02:12:56.100000Z", "year": 1979, "mag": 5.2, "mag_type": "Ml", "depth_km": 104.0, "ml": 5.2}}, {"type": "Feature", "geometry": {"type": "Point", "coordinates": [125.52, 3.61]}, "properties": {"id": "PH-1530", "datetime_utc": "1979-10-11T12:40:57.300000Z", "year": 1979, "mag": 5.2, "mag_type": "Ml", "depth_km": 12.0, "ml": 5.2}}, {"type": "Feature", "geometry": {"type": "Point", "coordinates": [119.75, 17.57]}, "properties": {"id": "PH-1531", "datetime_utc": "1979-10-15T10:45:38.800000Z", "year": 1979, "mag": 5.0, "mag_type": "Ml", "depth_km": 114.0, "ml": 5.0}}, {"type": "Feature", "geometry": {"type": "Point", "coordinates": [121.34, 18.13]}, "properties": {"id": "PH-1532", "datetime_utc": "1979-10-24T16:43:57.100000Z", "year": 1979, "mag": 5.2, "mag_type": "Ml", "depth_km": 42.0, "ml": 5.2}}, {"type": "Feature", "geometry": {"type": "Point", "coordinates": [129.4, 2.5]}, "properties": {"id": "PH-1533", "datetime_utc": "1979-10-29T02:32:48.100000Z", "year": 1979, "mag": 5.0, "mag_type": "Ml", "depth_km": 50.0, "ml": 5.0}}, {"type": "Feature", "geometry": {"type": "Point", "coordinates": [125.36, 5.8]}, "properties": {"id": "PH-1534", "datetime_utc": "1979-11-19T22:17:22.300000Z", "year": 1979, "mag": 5.9, "mag_type": "Ml", "depth_km": 157.0, "ml": 5.9}}, {"type": "Feature", "geometry": {"type": "Point", "coordinates": [126.72, 2.19]}, "properties": {"id": "PH-1535", "datetime_utc": "1979-11-21T17:07:53.720000Z", "year": 1979, "mag": 5.2, "mag_type": "Ml", "depth_km": 172.0, "ml": 5.2}}, {"type": "Feature", "geometry": {"type": "Point", "coordinates": [127.76, 8.58]}, "properties": {"id": "PH-1536", "datetime_utc": "1979-12-21T18:06:31.200000Z", "year": 1979, "mag": 5.2, "mag_type": "Ml", "depth_km": 74.0, "ml": 5.2}}, {"type": "Feature", "geometry": {"type": "Point", "coordinates": [126.81, 3.55]}, "properties": {"id": "PH-1537", "datetime_utc": "1979-12-23T08:34:04.600000Z", "year": 1979, "mag": 5.3, "mag_type": "Ml", "depth_km": 151.0, "ml": 5.3}}, {"type": "Feature", "geometry": {"type": "Point", "coordinates": [129.76, 3.12]}, "properties": {"id": "PH-1538", "datetime_utc": "1979-12-27T06:23:54.500000Z", "year": 1979, "mag": 5.2, "mag_type": "Ml", "depth_km": 465.0, "ml": 5.2}}, {"type": "Feature", "geometry": {"type": "Point", "coordinates": [124.25, 14.05]}, "properties": {"id": "PH-1539", "datetime_utc": "1979-12-27T18:23:04.500000Z", "year": 1979, "mag": 5.2, "mag_type": "Ml", "depth_km": 72.0, "ml": 5.2}}, {"type": "Feature", "geometry": {"type": "Point", "coordinates": [124.57, 3.58]}, "properties": {"id": "PH-1540", "datetime_utc": "1979-12-29T10:15:35Z", "year": 1979, "mag": 5.0, "mag_type": "Ml", "depth_km": 403.0, "ml": 5.0}}, {"type": "Feature", "geometry": {"type": "Point", "coordinates": [126.88, 5.9]}, "properties": {"id": "PH-1541", "datetime_utc": "1980-01-02T20:58:40.200000Z", "year": 1980, "mag": 5.7, "mag_type": "Ml", "depth_km": 129.0, "ml": 5.7}}, {"type": "Feature", "geometry": {"type": "Point", "coordinates": [126.03, 5.97]}, "properties": {"id": "PH-1542", "datetime_utc": "1980-01-02T21:48:14.800000Z", "year": 1980, "mag": 5.5, "mag_type": "Ml", "depth_km": 68.0, "ml": 5.5}}, {"type": "Feature", "geometry": {"type": "Point", "coordinates": [124.42, 5.71]}, "properties": {"id": "PH-1543", "datetime_utc": "1980-01-03T20:22:27.700000Z", "year": 1980, "mag": 5.6, "mag_type": "Ml", "depth_km": 197.0, "ml": 5.6}}, {"type": "Feature", "geometry": {"type": "Point", "coordinates": [126.36, 6.07]}, "properties": {"id": "PH-1544", "datetime_utc": "1980-01-04T04:44:00.900000Z", "year": 1980, "mag": 5.0, "mag_type": "Ml", "depth_km": 66.0, "ml": 5.0}}, {"type": "Feature", "geometry": {"type": "Point", "coordinates": [126.21, 5.98]}, "properties": {"id": "PH-1545", "datetime_utc": "1980-01-04T06:22:09.200000Z", "year": 1980, "mag": 5.3, "mag_type": "Ml", "depth_km": 63.0, "ml": 5.3}}, {"type": "Feature", "geometry": {"type": "Point", "coordinates": [125.48, 5.42]}, "properties": {"id": "PH-1546", "datetime_utc": "1980-01-08T10:08:43.300000Z", "year": 1980, "mag": 5.7, "mag_type": "Ml", "depth_km": 50.0, "ml": 5.7}}, {"type": "Feature", "geometry": {"type": "Point", "coordinates": [128.69, 2.81]}, "properties": {"id": "PH-1547", "datetime_utc": "1980-01-20T07:28:45.300000Z", "year": 1980, "mag": 5.6, "mag_type": "Ml", "depth_km": 292.0, "ml": 5.6}}, {"type": "Feature", "geometry": {"type": "Point", "coordinates": [127.77, 2.55]}, "properties": {"id": "PH-1548", "datetime_utc": "1980-01-29T07:04:44.600000Z", "year": 1980, "mag": 5.0, "mag_type": "Ml", "depth_km": 116.0, "ml": 5.0}}, {"type": "Feature", "geometry": {"type": "Point", "coordinates": [120.16, 3.97]}, "properties": {"id": "PH-1549", "datetime_utc": "1980-01-30T00:38:06.100000Z", "year": 1980, "mag": 5.2, "mag_type": "Ml", "depth_km": 347.0, "ml": 5.2}}, {"type": "Feature", "geometry": {"type": "Point", "coordinates": [121.2, 5.09]}, "properties": {"id": "PH-1550", "datetime_utc": "1980-01-30T02:18:13.500000Z", "year": 1980, "mag": 5.0, "mag_type": "Ml", "depth_km": 50.0, "ml": 5.0}}, {"type": "Feature", "geometry": {"type": "Point", "coordinates": [120.26, 18.32]}, "properties": {"id": "PH-1551", "datetime_utc": "1980-02-17T05:43:05.700000Z", "year": 1980, "mag": 5.0, "mag_type": "Ml", "depth_km": 33.0, "ml": 5.0}}, {"type": "Feature", "geometry": {"type": "Point", "coordinates": [126.57, 6.3]}, "properties": {"id": "PH-1552", "datetime_utc": "1980-02-29T11:13:29.600000Z", "year": 1980, "mag": 5.6, "mag_type": "Ml", "depth_km": 167.0, "ml": 5.6}}, {"type": "Feature", "geometry": {"type": "Point", "coordinates": [126.67, 3.21]}, "properties": {"id": "PH-1553", "datetime_utc": "1980-03-16T10:33:15.300000Z", "year": 1980, "mag": 5.0, "mag_type": "Ml", "depth_km": 143.0, "ml": 5.0}}, {"type": "Feature", "geometry": {"type": "Point", "coordinates": [120.7, 18.44]}, "properties": {"id": "PH-1554", "datetime_utc": "1980-03-26T16:44:47.400000Z", "year": 1980, "mag": 5.1, "mag_type": "Ml", "depth_km": 46.0, "ml": 5.1}}, {"type": "Feature", "geometry": {"type": "Point", "coordinates": [127.19, 2.69]}, "properties": {"id": "PH-1555", "datetime_utc": "1980-03-26T17:57:34.400000Z", "year": 1980, "mag": 5.2, "mag_type": "Ml", "depth_km": 235.0, "ml": 5.2}}, {"type": "Feature", "geometry": {"type": "Point", "coordinates": [121.88, 16.04]}, "properties": {"id": "PH-1556", "datetime_utc": "1980-03-31T12:41:47.100000Z", "year": 1980, "mag": 6.3, "mag_type": "Ms", "depth_km": 50.0, "ml": 5.1, "ms": 6.3}}, {"type": "Feature", "geometry": {"type": "Point", "coordinates": [126.14, 14.05]}, "properties": {"id": "PH-1557", "datetime_utc": "1980-04-09T17:32:46.600000Z", "year": 1980, "mag": 5.5, "mag_type": "Ml", "depth_km": 50.0, "ml": 5.5}}, {"type": "Feature", "geometry": {"type": "Point", "coordinates": [127.66, 9.07]}, "properties": {"id": "PH-1558", "datetime_utc": "1980-04-13T05:41:30.900000Z", "year": 1980, "mag": 5.9, "mag_type": "Ml", "depth_km": 50.0, "ml": 5.9}}, {"type": "Feature", "geometry": {"type": "Point", "coordinates": [127.02, 4.43]}, "properties": {"id": "PH-1559", "datetime_utc": "1980-04-25T13:21:08.300000Z", "year": 1980, "mag": 5.0, "mag_type": "Ml", "depth_km": 154.0, "ml": 5.0}}, {"type": "Feature", "geometry": {"type": "Point", "coordinates": [128.32, 2.8]}, "properties": {"id": "PH-1560", "datetime_utc": "1980-05-23T09:16:03.400000Z", "year": 1980, "mag": 5.3, "mag_type": "Ml", "depth_km": 159.0, "ml": 5.3}}, {"type": "Feature", "geometry": {"type": "Point", "coordinates": [121.0, 21.99]}, "properties": {"id": "PH-1561", "datetime_utc": "1980-06-18T09:32:17.400000Z", "year": 1980, "mag": 5.4, "mag_type": "Ml", "depth_km": 50.0, "ml": 5.4}}, {"type": "Feature", "geometry": {"type": "Point", "coordinates": [127.0, 9.66]}, "properties": {"id": "PH-1562", "datetime_utc": "1980-06-18T17:14:47.800000Z", "year": 1980, "mag": 5.4, "mag_type": "Ml", "depth_km": 11.0, "ml": 5.4}}, {"type": "Feature", "geometry": {"type": "Point", "coordinates": [122.7, 15.09]}, "properties": {"id": "PH-1563", "datetime_utc": "1980-07-04T22:23:32.900000Z", "year": 1980, "mag": 5.0, "mag_type": "Ml", "depth_km": 113.0, "ml": 5.0}}, {"type": "Feature", "geometry": {"type": "Point", "coordinates": [121.87, 19.59]}, "properties": {"id": "PH-1564", "datetime_utc": "1980-07-05T14:38:22.300000Z", "year": 1980, "mag": 5.0, "mag_type": "Ml", "depth_km": 50.0, "ml": 5.0}}, {"type": "Feature", "geometry": {"type": "Point", "coordinates": [125.91, 6.61]}, "properties": {"id": "PH-1565", "datetime_utc": "1980-07-08T04:39:29Z", "year": 1980, "mag": 5.6, "mag_type": "Ml", "depth_km": 241.0, "ml": 5.6}}, {"type": "Feature", "geometry": {"type": "Point", "coordinates": [126.69, 8.64]}, "properties": {"id": "PH-1566", "datetime_utc": "1980-08-19T23:40:32.500000Z", "year": 1980, "mag": 5.0, "mag_type": "Ml", "depth_km": 100.0, "ml": 5.0}}, {"type": "Feature", "geometry": {"type": "Point", "coordinates": [127.32, 3.51]}, "properties": {"id": "PH-1567", "datetime_utc": "1980-08-24T15:19:40Z", "year": 1980, "mag": 5.0, "mag_type": "Ml", "depth_km": 289.0, "ml": 5.0}}, {"type": "Feature", "geometry": {"type": "Point", "coordinates": [125.81, 9.28]}, "properties": {"id": "PH-1568", "datetime_utc": "1980-09-08T15:55:43Z", "year": 1980, "mag": 5.6, "mag_type": "Ml", "depth_km": 49.0, "ml": 5.6}}, {"type": "Feature", "geometry": {"type": "Point", "coordinates": [121.93, 20.59]}, "properties": {"id": "PH-1569", "datetime_utc": "1980-09-16T21:00:01.900000Z", "year": 1980, "mag": 5.0, "mag_type": "Ml", "depth_km": 50.0, "ml": 5.0}}, {"type": "Feature", "geometry": {"type": "Point", "coordinates": [126.5, 7.07]}, "properties": {"id": "PH-1570", "datetime_utc": "1980-09-21T01:01:00.600000Z", "year": 1980, "mag": 5.0, "mag_type": "Ml", "depth_km": 50.0, "ml": 5.0}}, {"type": "Feature", "geometry": {"type": "Point", "coordinates": [122.39, 19.99]}, "properties": {"id": "PH-1571", "datetime_utc": "1980-10-02T19:06:51.800000Z", "year": 1980, "mag": 5.4, "mag_type": "Ml", "depth_km": 50.0, "ml": 5.4}}, {"type": "Feature", "geometry": {"type": "Point", "coordinates": [126.33, 12.04]}, "properties": {"id": "PH-1572", "datetime_utc": "1980-10-26T05:14:08.500000Z", "year": 1980, "mag": 5.2, "mag_type": "Ml", "depth_km": 50.0, "ml": 5.2}}, {"type": "Feature", "geometry": {"type": "Point", "coordinates": [127.07, 3.01]}, "properties": {"id": "PH-1573", "datetime_utc": "1980-11-15T22:05:18.200000Z", "year": 1980, "mag": 5.0, "mag_type": "Ml", "depth_km": 106.0, "ml": 5.0}}, {"type": "Feature", "geometry": {"type": "Point", "coordinates": [120.92, 19.07]}, "properties": {"id": "PH-1574", "datetime_utc": "1980-12-08T15:10:46Z", "year": 1980, "mag": 5.0, "mag_type": "Ml", "depth_km": 74.0, "ml": 5.0}}, {"type": "Feature", "geometry": {"type": "Point", "coordinates": [126.71, 7.99]}, "properties": {"id": "PH-1575", "datetime_utc": "1980-12-17T11:41:38.800000Z", "year": 1980, "mag": 5.4, "mag_type": "Ml", "depth_km": 50.0, "ml": 5.4}}, {"type": "Feature", "geometry": {"type": "Point", "coordinates": [123.82, 19.16]}, "properties": {"id": "PH-1576", "datetime_utc": "1981-01-02T15:41:55.700000Z", "year": 1981, "mag": 5.0, "mag_type": "Ml", "depth_km": 33.0, "ml": 5.0}}, {"type": "Feature", "geometry": {"type": "Point", "coordinates": [121.01, 19.27]}, "properties": {"id": "PH-1577", "datetime_utc": "1981-01-07T21:36:18.600000Z", "year": 1981, "mag": 5.4, "mag_type": "Ml", "depth_km": 52.0, "ml": 5.4}}, {"type": "Feature", "geometry": {"type": "Point", "coordinates": [122.01, 19.5]}, "properties": {"id": "PH-1578", "datetime_utc": "1981-01-09T09:46:03.800000Z", "year": 1981, "mag": 5.6, "mag_type": "Ml", "depth_km": 50.0, "ml": 5.6}}, {"type": "Feature", "geometry": {"type": "Point", "coordinates": [122.93, 3.13]}, "properties": {"id": "PH-1579", "datetime_utc": "1981-01-29T02:56:06Z", "year": 1981, "mag": 5.1, "mag_type": "Ml", "depth_km": 50.0, "ml": 5.1}}, {"type": "Feature", "geometry": {"type": "Point", "coordinates": [126.64, 21.92]}, "properties": {"id": "PH-1580", "datetime_utc": "1981-02-07T03:50:27.900000Z", "year": 1981, "mag": 5.7, "mag_type": "Ml", "depth_km": 180.0, "ml": 5.7}}, {"type": "Feature", "geometry": {"type": "Point", "coordinates": [126.7, 9.7]}, "properties": {"id": "PH-1581", "datetime_utc": "1981-02-13T11:08:34.900000Z", "year": 1981, "mag": 5.3, "mag_type": "Ml", "depth_km": 118.0, "ml": 5.3}}, {"type": "Feature", "geometry": {"type": "Point", "coordinates": [124.53, 3.09]}, "properties": {"id": "PH-1582", "datetime_utc": "1981-02-14T07:31:39.200000Z", "year": 1981, "mag": 5.0, "mag_type": "Ml", "depth_km": 50.0, "ml": 5.0}}, {"type": "Feature", "geometry": {"type": "Point", "coordinates": [128.01, 3.45]}, "properties": {"id": "PH-1583", "datetime_utc": "1981-03-26T21:30:05Z", "year": 1981, "mag": 5.6, "mag_type": "Ml", "depth_km": 132.0, "ml": 5.6}}, {"type": "Feature", "geometry": {"type": "Point", "coordinates": [118.98, 14.28]}, "properties": {"id": "PH-1584", "datetime_utc": "1981-04-11T05:29:32Z", "year": 1981, "mag": 5.0, "mag_type": "Ml", "depth_km": 77.0, "ml": 5.0}}, {"type": "Feature", "geometry": {"type": "Point", "coordinates": [128.87, 2.66]}, "properties": {"id": "PH-1585", "datetime_utc": "1981-02-25T13:28:04.400000Z", "year": 1981, "mag": 5.1, "mag_type": "Ml", "depth_km": 167.0, "ml": 5.1}}, {"type": "Feature", "geometry": {"type": "Point", "coordinates": [121.57, 21.42]}, "properties": {"id": "PH-1586", "datetime_utc": "1981-06-28T08:01:40.300000Z", "year": 1981, "mag": 5.4, "mag_type": "Ml", "depth_km": 140.0, "ml": 5.4}}, {"type": "Feature", "geometry": {"type": "Point", "coordinates": [125.69, 6.14]}, "properties": {"id": "PH-1587", "datetime_utc": "1981-07-04T10:26:19.700000Z", "year": 1981, "mag": 5.0, "mag_type": "Ml", "depth_km": 76.0, "ml": 5.0}}, {"type": "Feature", "geometry": {"type": "Point", "coordinates": [119.94, 14.7]}, "properties": {"id": "PH-1588", "datetime_utc": "1981-07-22T18:31:35.200000Z", "year": 1981, "mag": 5.0, "mag_type": "Ml", "depth_km": 49.0, "ml": 5.0}}, {"type": "Feature", "geometry": {"type": "Point", "coordinates": [126.55, 6.57]}, "properties": {"id": "PH-1589", "datetime_utc": "1981-09-03T04:29:49.700000Z", "year": 1981, "mag": 5.6, "mag_type": "Ml", "depth_km": 68.0, "ml": 5.6}}, {"type": "Feature", "geometry": {"type": "Point", "coordinates": [126.96, 2.17]}, "properties": {"id": "PH-1590", "datetime_utc": "1981-09-20T17:33:58.600000Z", "year": 1981, "mag": 5.0, "mag_type": "Ml", "depth_km": 198.0, "ml": 5.0}}, {"type": "Feature", "geometry": {"type": "Point", "coordinates": [120.25, 5.53]}, "properties": {"id": "PH-1591", "datetime_utc": "1981-10-17T20:04:14.500000Z", "year": 1981, "mag": 5.3, "mag_type": "Ml", "depth_km": 50.0, "ml": 5.3}}, {"type": "Feature", "geometry": {"type": "Point", "coordinates": [125.29, 10.07]}, "properties": {"id": "PH-1592", "datetime_utc": "1981-11-14T15:33:47.100000Z", "year": 1981, "mag": 5.1, "mag_type": "Ml", "depth_km": 286.0, "ml": 5.1}}, {"type": "Feature", "geometry": {"type": "Point", "coordinates": [120.63, 18.68]}, "properties": {"id": "PH-1593", "datetime_utc": "1981-11-22T15:05:23.500000Z", "year": 1981, "mag": 5.2, "mag_type": "Ml", "depth_km": 33.0, "ml": 5.2}}, {"type": "Feature", "geometry": {"type": "Point", "coordinates": [124.53, 14.04]}, "properties": {"id": "PH-1594", "datetime_utc": "1982-01-11T06:10:02.400000Z", "year": 1982, "mag": 5.4, "mag_type": "Ml", "depth_km": 62.0, "ml": 5.4}}, {"type": "Feature", "geometry": {"type": "Point", "coordinates": [126.76, 6.76]}, "properties": {"id": "PH-1595", "datetime_utc": "1982-01-22T16:04:42.200000Z", "year": 1982, "mag": 5.1, "mag_type": "Ml", "depth_km": 144.0, "ml": 5.1}}, {"type": "Feature", "geometry": {"type": "Point", "coordinates": [124.46, 14.27]}, "properties": {"id": "PH-1596", "datetime_utc": "1982-01-24T06:08:52.200000Z", "year": 1982, "mag": 5.2, "mag_type": "Ml", "depth_km": 50.0, "ml": 5.2}}, {"type": "Feature", "geometry": {"type": "Point", "coordinates": [120.54, 19.97]}, "properties": {"id": "PH-1597", "datetime_utc": "1982-04-17T09:20:55.400000Z", "year": 1982, "mag": 5.5, "mag_type": "Ml", "depth_km": 33.0, "ml": 5.5}}, {"type": "Feature", "geometry": {"type": "Point", "coordinates": [120.43, 19.96]}, "properties": {"id": "PH-1598", "datetime_utc": "1982-04-19T14:42:14.900000Z", "year": 1982, "mag": 5.2, "mag_type": "Ml", "depth_km": 33.0, "ml": 5.2}}, {"type": "Feature", "geometry": {"type": "Point", "coordinates": [124.58, 4.07]}, "properties": {"id": "PH-1599", "datetime_utc": "1982-06-04T15:21:34.800000Z", "year": 1982, "mag": 5.6, "mag_type": "Ml", "depth_km": 406.0, "ml": 5.6}}, {"type": "Feature", "geometry": {"type": "Point", "coordinates": [124.65, 4.03]}, "properties": {"id": "PH-1600", "datetime_utc": "1982-06-23T23:23:33.700000Z", "year": 1982, "mag": 5.0, "mag_type": "Ml", "depth_km": 401.0, "ml": 5.0}}, {"type": "Feature", "geometry": {"type": "Point", "coordinates": [126.59, 5.88]}, "properties": {"id": "PH-1601", "datetime_utc": "1982-09-24T22:51:49.500000Z", "year": 1982, "mag": 5.2, "mag_type": "Ml", "depth_km": 50.0, "ml": 5.2}}, {"type": "Feature", "geometry": {"type": "Point", "coordinates": [121.66, 20.71]}, "properties": {"id": "PH-1602", "datetime_utc": "1982-10-27T10:30:10.200000Z", "year": 1982, "mag": 5.5, "mag_type": "Ml", "depth_km": 88.0, "ml": 5.5}}, {"type": "Feature", "geometry": {"type": "Point", "coordinates": [131.34, 5.35]}, "properties": {"id": "PH-1603", "datetime_utc": "1982-11-29T17:18:43.900000Z", "year": 1982, "mag": 5.2, "mag_type": "Ml", "depth_km": 50.0, "ml": 5.2}}, {"type": "Feature", "geometry": {"type": "Point", "coordinates": [128.63, 15.63]}, "properties": {"id": "PH-1604", "datetime_utc": "1982-12-05T01:42:23Z", "year": 1982, "mag": 5.1, "mag_type": "Ml", "depth_km": 50.0, "ml": 5.1}}, {"type": "Feature", "geometry": {"type": "Point", "coordinates": [121.45, 20.11]}, "properties": {"id": "PH-1605", "datetime_utc": "1982-12-28T13:49:26.200000Z", "year": 1982, "mag": 5.3, "mag_type": "Ml", "depth_km": 50.0, "ml": 5.3}}, {"type": "Feature", "geometry": {"type": "Point", "coordinates": [122.07, 3.33]}, "properties": {"id": "PH-1606", "datetime_utc": "1983-01-11T18:48:58.800000Z", "year": 1983, "mag": 5.3, "mag_type": "Ml", "depth_km": 622.0, "ml": 5.3}}, {"type": "Feature", "geometry": {"type": "Point", "coordinates": [122.36, 4.15]}, "properties": {"id": "PH-1607", "datetime_utc": "1983-01-24T08:43:04.100000Z", "year": 1983, "mag": 5.3, "mag_type": "Ml", "depth_km": 607.0, "ml": 5.3}}, {"type": "Feature", "geometry": {"type": "Point", "coordinates": [123.69, 2.54]}, "properties": {"id": "PH-1608", "datetime_utc": "1983-01-28T03:15:10.800000Z", "year": 1983, "mag": 6.0, "mag_type": "Ml", "depth_km": 360.0, "ml": 6.0}}, {"type": "Feature", "geometry": {"type": "Point", "coordinates": [126.38, 5.59]}, "properties": {"id": "PH-1609", "datetime_utc": "1983-02-12T08:47:12.500000Z", "year": 1983, "mag": 5.4, "mag_type": "Ml", "depth_km": 103.0, "ml": 5.4}}, {"type": "Feature", "geometry": {"type": "Point", "coordinates": [126.16, 2.05]}, "properties": {"id": "PH-1610", "datetime_utc": "1983-02-12T21:12:09.300000Z", "year": 1983, "mag": 5.2, "mag_type": "Ml", "depth_km": 173.0, "ml": 5.2}}, {"type": "Feature", "geometry": {"type": "Point", "coordinates": [126.6, 5.41]}, "properties": {"id": "PH-1611", "datetime_utc": "1983-02-13T14:22:59.400000Z", "year": 1983, "mag": 5.0, "mag_type": "Ml", "depth_km": 52.0, "ml": 5.0}}, {"type": "Feature", "geometry": {"type": "Point", "coordinates": [123.75, 6.22]}, "properties": {"id": "PH-1612", "datetime_utc": "1983-02-18T14:52:19.200000Z", "year": 1983, "mag": 5.2, "mag_type": "Ml", "depth_km": 649.0, "ml": 5.2}}, {"type": "Feature", "geometry": {"type": "Point", "coordinates": [124.01, 8.72]}, "properties": {"id": "PH-1613", "datetime_utc": "1983-02-19T20:14:23Z", "year": 1983, "mag": 5.9, "mag_type": "Ml", "depth_km": 630.0, "ml": 5.9}}, {"type": "Feature", "geometry": {"type": "Point", "coordinates": [126.24, 5.38]}, "properties": {"id": "PH-1614", "datetime_utc": "1983-02-12T10:49:50.700000Z", "year": 1983, "mag": 5.5, "mag_type": "Ml", "depth_km": 61.0, "ml": 5.5}}, {"type": "Feature", "geometry": {"type": "Point", "coordinates": [127.27, 2.14]}, "properties": {"id": "PH-1615", "datetime_utc": "1983-02-23T21:26:45.500000Z", "year": 1983, "mag": 5.0, "mag_type": "Ml", "depth_km": 221.0, "ml": 5.0}}, {"type": "Feature", "geometry": {"type": "Point", "coordinates": [126.34, 5.48]}, "properties": {"id": "PH-1616", "datetime_utc": "1983-03-10T11:58:25Z", "year": 1983, "mag": 5.2, "mag_type": "Ml", "depth_km": 105.0, "ml": 5.2}}, {"type": "Feature", "geometry": {"type": "Point", "coordinates": [126.42, 5.24]}, "properties": {"id": "PH-1617", "datetime_utc": "1983-03-15T19:58:33.300000Z", "year": 1983, "mag": 5.5, "mag_type": "Ml", "depth_km": 115.0, "ml": 5.5}}, {"type": "Feature", "geometry": {"type": "Point", "coordinates": [126.57, 5.96]}, "properties": {"id": "PH-1618", "datetime_utc": "1983-04-22T07:51:49.900000Z", "year": 1983, "mag": 5.3, "mag_type": "Ml", "depth_km": 68.0, "ml": 5.3}}, {"type": "Feature", "geometry": {"type": "Point", "coordinates": [120.22, 2.94]}, "properties": {"id": "PH-1619", "datetime_utc": "1983-04-23T09:23:03Z", "year": 1983, "mag": 5.2, "mag_type": "Ml", "depth_km": 130.0, "ml": 5.2}}, {"type": "Feature", "geometry": {"type": "Point", "coordinates": [128.21, 2.34]}, "properties": {"id": "PH-1620", "datetime_utc": "1983-05-11T00:17:11.600000Z", "year": 1983, "mag": 5.8, "mag_type": "Ml", "depth_km": 125.0, "ml": 5.8}}, {"type": "Feature", "geometry": {"type": "Point", "coordinates": [127.62, 3.02]}, "properties": {"id": "PH-1621", "datetime_utc": "1983-05-13T18:09:35.500000Z", "year": 1983, "mag": 5.2, "mag_type": "Ml", "depth_km": 123.0, "ml": 5.2}}, {"type": "Feature", "geometry": {"type": "Point", "coordinates": [122.35, 4.14]}, "properties": {"id": "PH-1622", "datetime_utc": "1983-05-29T02:14:23.100000Z", "year": 1983, "mag": 5.5, "mag_type": "Ml", "depth_km": 614.0, "ml": 5.5}}, {"type": "Feature", "geometry": {"type": "Point", "coordinates": [120.71, 13.15]}, "properties": {"id": "PH-1623", "datetime_utc": "1983-06-01T01:36:53.300000Z", "year": 1983, "mag": 5.0, "mag_type": "Ml", "depth_km": 236.0, "ml": 5.0}}, {"type": "Feature", "geometry": {"type": "Point", "coordinates": [123.39, 8.94]}, "properties": {"id": "PH-1624", "datetime_utc": "1983-06-15T19:41:46.400000Z", "year": 1983, "mag": 5.0, "mag_type": "Ml", "depth_km": 543.0, "ml": 5.0}}, {"type": "Feature", "geometry": {"type": "Point", "coordinates": [128.29, 2.37]}, "properties": {"id": "PH-1625", "datetime_utc": "1983-06-30T17:37:46.100000Z", "year": 1983, "mag": 5.3, "mag_type": "Ml", "depth_km": 23.0, "ml": 5.3}}, {"type": "Feature", "geometry": {"type": "Point", "coordinates": [122.99, 21.28]}, "properties": {"id": "PH-1626", "datetime_utc": "1983-07-03T02:49:13.700000Z", "year": 1983, "mag": 5.7, "mag_type": "Ml", "depth_km": 200.0, "ml": 5.7}}, {"type": "Feature", "geometry": {"type": "Point", "coordinates": [126.22, 5.4]}, "properties": {"id": "PH-1627", "datetime_utc": "1983-07-14T19:47:46Z", "year": 1983, "mag": 5.2, "mag_type": "Ml", "depth_km": 43.0, "ml": 5.2}}, {"type": "Feature", "geometry": {"type": "Point", "coordinates": [126.46, 5.37]}, "properties": {"id": "PH-1628", "datetime_utc": "1983-07-15T10:45:35.900000Z", "year": 1983, "mag": 5.4, "mag_type": "Ml", "depth_km": 49.0, "ml": 5.4}}, {"type": "Feature", "geometry": {"type": "Point", "coordinates": [123.02, 2.26]}, "properties": {"id": "PH-1629", "datetime_utc": "1983-07-19T23:49:32.300000Z", "year": 1983, "mag": 5.4, "mag_type": "Ml", "depth_km": 328.0, "ml": 5.4}}, {"type": "Feature", "geometry": {"type": "Point", "coordinates": [122.73, 21.27]}, "properties": {"id": "PH-1630", "datetime_utc": "1983-08-02T02:17:30.200000Z", "year": 1983, "mag": 5.7, "mag_type": "Ml", "depth_km": 158.0, "ml": 5.7}}, {"type": "Feature", "geometry": {"type": "Point", "coordinates": [120.98, 18.73]}, "properties": {"id": "PH-1631", "datetime_utc": "1983-08-11T12:02:59.800000Z", "year": 1983, "mag": 5.1, "mag_type": "Ml", "depth_km": 15.0, "ml": 5.1}}, {"type": "Feature", "geometry": {"type": "Point", "coordinates": [120.83, 18.29]}, "properties": {"id": "PH-1632", "datetime_utc": "1983-08-17T12:17:56.600000Z", "year": 1983, "mag": 6.5, "mag_type": "Ms", "depth_km": 29.0, "ml": 5.7, "mb": 6.2, "ms": 6.5}}, {"type": "Feature", "geometry": {"type": "Point", "coordinates": [126.47, 3.72]}, "properties": {"id": "PH-1633", "datetime_utc": "1983-08-21T08:34:45.900000Z", "year": 1983, "mag": 5.3, "mag_type": "Ml", "depth_km": 46.0, "ml": 5.3}}, {"type": "Feature", "geometry": {"type": "Point", "coordinates": [122.3, 4.09]}, "properties": {"id": "PH-1634", "datetime_utc": "1983-08-24T20:19:54.100000Z", "year": 1983, "mag": 5.1, "mag_type": "Ml", "depth_km": 660.0, "ml": 5.1}}, {"type": "Feature", "geometry": {"type": "Point", "coordinates": [125.84, 8.15]}, "properties": {"id": "PH-1635", "datetime_utc": "1983-08-27T18:49:46.400000Z", "year": 1983, "mag": 5.3, "mag_type": "Ml", "depth_km": 40.0, "ml": 5.3}}, {"type": "Feature", "geometry": {"type": "Point", "coordinates": [126.4, 8.89]}, "properties": {"id": "PH-1636", "datetime_utc": "1983-09-11T13:29:56.500000Z", "year": 1983, "mag": 5.0, "mag_type": "Ml", "depth_km": 68.0, "ml": 5.0}}, {"type": "Feature", "geometry": {"type": "Point", "coordinates": [126.94, 7.63]}, "properties": {"id": "PH-1637", "datetime_utc": "1983-09-13T02:03:20.300000Z", "year": 1983, "mag": 5.3, "mag_type": "Ml", "depth_km": 42.0, "ml": 5.3}}, {"type": "Feature", "geometry": {"type": "Point", "coordinates": [126.31, 5.65]}, "properties": {"id": "PH-1638", "datetime_utc": "1983-09-16T04:22:49.500000Z", "year": 1983, "mag": 5.1, "mag_type": "Ml", "depth_km": 200.0, "ml": 5.1}}, {"type": "Feature", "geometry": {"type": "Point", "coordinates": [128.78, 2.24]}, "properties": {"id": "PH-1639", "datetime_utc": "1983-09-23T20:40:00.900000Z", "year": 1983, "mag": 5.2, "mag_type": "Ml", "depth_km": 30.0, "ml": 5.2}}, {"type": "Feature", "geometry": {"type": "Point", "coordinates": [121.49, 20.36]}, "properties": {"id": "PH-1640", "datetime_utc": "1983-10-04T03:09:58.800000Z", "year": 1983, "mag": 5.1, "mag_type": "Ml", "depth_km": 33.0, "ml": 5.1}}, {"type": "Feature", "geometry": {"type": "Point", "coordinates": [122.49, 4.3]}, "properties": {"id": "PH-1641", "datetime_utc": "1983-11-10T23:33:54Z", "year": 1983, "mag": 5.5, "mag_type": "Ml", "depth_km": 577.0, "ml": 5.5}}, {"type": "Feature", "geometry": {"type": "Point", "coordinates": [125.84, 6.16]}, "properties": {"id": "PH-1642", "datetime_utc": "1983-11-11T21:19:29.200000Z", "year": 1983, "mag": 5.3, "mag_type": "Ml", "depth_km": 146.0, "ml": 5.3}}, {"type": "Feature", "geometry": {"type": "Point", "coordinates": [126.96, 6.56]}, "properties": {"id": "PH-1643", "datetime_utc": "1984-01-09T07:18:00.400000Z", "year": 1984, "mag": 5.1, "mag_type": "Ml", "depth_km": 78.0, "ml": 5.1}}, {"type": "Feature", "geometry": {"type": "Point", "coordinates": [121.73, 2.84]}, "properties": {"id": "PH-1644", "datetime_utc": "1984-01-26T22:46:32.100000Z", "year": 1984, "mag": 5.2, "mag_type": "Ml", "depth_km": 610.0, "ml": 5.2}}, {"type": "Feature", "geometry": {"type": "Point", "coordinates": [126.03, 7.01]}, "properties": {"id": "PH-1645", "datetime_utc": "1984-03-26T09:36:50.200000Z", "year": 1984, "mag": 5.2, "mag_type": "Ml", "depth_km": 94.0, "ml": 5.2}}, {"type": "Feature", "geometry": {"type": "Point", "coordinates": [122.82, 3.31]}, "properties": {"id": "PH-1646", "datetime_utc": "1984-03-31T07:40:13.200000Z", "year": 1984, "mag": 5.1, "mag_type": "Ml", "depth_km": 494.0, "ml": 5.1}}, {"type": "Feature", "geometry": {"type": "Point", "coordinates": [123.86, 8.29]}, "properties": {"id": "PH-1647", "datetime_utc": "1984-04-19T20:33:38.500000Z", "year": 1984, "mag": 5.3, "mag_type": "Ml", "depth_km": 650.0, "ml": 5.3}}, {"type": "Feature", "geometry": {"type": "Point", "coordinates": [124.85, 5.6]}, "properties": {"id": "PH-1648", "datetime_utc": "1984-04-20T09:55:41.700000Z", "year": 1984, "mag": 5.1, "mag_type": "Ml", "depth_km": 106.0, "ml": 5.1}}, {"type": "Feature", "geometry": {"type": "Point", "coordinates": [126.5, 8.71]}, "properties": {"id": "PH-1649", "datetime_utc": "1984-04-22T17:11:45.600000Z", "year": 1984, "mag": 5.0, "mag_type": "Ml", "depth_km": 38.0, "ml": 5.0}}, {"type": "Feature", "geometry": {"type": "Point", "coordinates": [120.22, 2.94]}, "properties": {"id": "PH-1650", "datetime_utc": "1984-04-23T09:23:03Z", "year": 1984, "mag": 5.2, "mag_type": "Ml", "depth_km": 130.0, "ml": 5.2}}, {"type": "Feature", "geometry": {"type": "Point", "coordinates": [120.28, 21.96]}, "properties": {"id": "PH-1651", "datetime_utc": "1984-05-11T07:01:16.400000Z", "year": 1984, "mag": 5.0, "mag_type": "Ml", "depth_km": 22.0, "ml": 5.0}}, {"type": "Feature", "geometry": {"type": "Point", "coordinates": [127.48, 2.85]}, "properties": {"id": "PH-1652", "datetime_utc": "1984-06-22T08:18:19Z", "year": 1984, "mag": 5.0, "mag_type": "Ml", "depth_km": 57.0, "ml": 5.0}}, {"type": "Feature", "geometry": {"type": "Point", "coordinates": [123.92, 8.75]}, "properties": {"id": "PH-1653", "datetime_utc": "1984-06-22T12:28:03.200000Z", "year": 1984, "mag": 5.7, "mag_type": "Ml", "depth_km": 633.0, "ml": 5.7}}, {"type": "Feature", "geometry": {"type": "Point", "coordinates": [126.85, 2.77]}, "properties": {"id": "PH-1654", "datetime_utc": "1984-06-29T00:26:10.200000Z", "year": 1984, "mag": 5.0, "mag_type": "Ml", "depth_km": 151.0, "ml": 5.0}}, {"type": "Feature", "geometry": {"type": "Point", "coordinates": [126.48, 5.42]}, "properties": {"id": "PH-1655", "datetime_utc": "1984-07-11T05:40:17.600000Z", "year": 1984, "mag": 5.3, "mag_type": "Ml", "depth_km": 55.0, "ml": 5.3}}, {"type": "Feature", "geometry": {"type": "Point", "coordinates": [123.02, 2.26]}, "properties": {"id": "PH-1656", "datetime_utc": "1984-07-19T23:49:32.300000Z", "year": 1984, "mag": 5.4, "mag_type": "Ml", "depth_km": 328.0, "ml": 5.4}}, {"type": "Feature", "geometry": {"type": "Point", "coordinates": [122.85, 6.66]}, "properties": {"id": "PH-1657", "datetime_utc": "1984-08-02T07:33:07.300000Z", "year": 1984, "mag": 5.2, "mag_type": "Ml", "depth_km": 605.0, "ml": 5.2}}, {"type": "Feature", "geometry": {"type": "Point", "coordinates": [121.19, 8.92]}, "properties": {"id": "PH-1658", "datetime_utc": "1984-08-06T12:03:37.200000Z", "year": 1984, "mag": 5.2, "mag_type": "Ml", "depth_km": 60.0, "ml": 5.2}}, {"type": "Feature", "geometry": {"type": "Point", "coordinates": [123.76, 7.5]}, "properties": {"id": "PH-1659", "datetime_utc": "1984-08-06T12:11:50.200000Z", "year": 1984, "mag": 5.0, "mag_type": "Ml", "depth_km": 240.0, "ml": 5.0}}, {"type": "Feature", "geometry": {"type": "Point", "coordinates": [124.22, 2.9]}, "properties": {"id": "PH-1660", "datetime_utc": "1984-08-11T09:38:31.400000Z", "year": 1984, "mag": 5.7, "mag_type": "Ml", "depth_km": 542.0, "ml": 5.7}}, {"type": "Feature", "geometry": {"type": "Point", "coordinates": [120.87, 18.59]}, "properties": {"id": "PH-1661", "datetime_utc": "1984-08-12T16:51:19.300000Z", "year": 1984, "mag": 5.3, "mag_type": "Ml", "depth_km": 13.0, "ml": 5.3}}, {"type": "Feature", "geometry": {"type": "Point", "coordinates": [125.92, 6.3]}, "properties": {"id": "PH-1662", "datetime_utc": "1984-08-18T09:14:32.600000Z", "year": 1984, "mag": 5.0, "mag_type": "Ml", "depth_km": 33.0, "ml": 5.0}}, {"type": "Feature", "geometry": {"type": "Point", "coordinates": [124.77, 13.17]}, "properties": {"id": "PH-1663", "datetime_utc": "1984-08-20T01:12:26.800000Z", "year": 1984, "mag": 5.2, "mag_type": "Ml", "depth_km": 59.0, "ml": 5.2}}, {"type": "Feature", "geometry": {"type": "Point", "coordinates": [127.94, 3.8]}, "properties": {"id": "PH-1664", "datetime_utc": "1984-08-24T08:26:03.900000Z", "year": 1984, "mag": 5.0, "mag_type": "Ml", "depth_km": 47.0, "ml": 5.0}}, {"type": "Feature", "geometry": {"type": "Point", "coordinates": [128.99, 2.58]}, "properties": {"id": "PH-1665", "datetime_utc": "1984-09-02T12:04:47.900000Z", "year": 1984, "mag": 5.1, "mag_type": "Ml", "depth_km": 244.0, "ml": 5.1}}, {"type": "Feature", "geometry": {"type": "Point", "coordinates": [125.6, 10.55]}, "properties": {"id": "PH-1666", "datetime_utc": "1984-11-11T23:07:21.300000Z", "year": 1984, "mag": 5.0, "mag_type": "Ml", "depth_km": 32.0, "ml": 5.0}}, {"type": "Feature", "geometry": {"type": "Point", "coordinates": [125.52, 10.69]}, "properties": {"id": "PH-1667", "datetime_utc": "1984-11-12T01:06:15.500000Z", "year": 1984, "mag": 5.2, "mag_type": "Ml", "depth_km": 34.0, "ml": 5.2}}, {"type": "Feature", "geometry": {"type": "Point", "coordinates": [120.56, 16.72]}, "properties": {"id": "PH-1668", "datetime_utc": "1984-11-14T05:50:14Z", "year": 1984, "mag": 5.0, "mag_type": "Ml", "depth_km": 128.0, "ml": 5.0}}, {"type": "Feature", "geometry": {"type": "Point", "coordinates": [125.1, 5.07]}, "properties": {"id": "PH-1669", "datetime_utc": "1984-11-20T08:15:15.900000Z", "year": 1984, "mag": 6.1, "mag_type": "Ml", "depth_km": 202.0, "ml": 6.1}}, {"type": "Feature", "geometry": {"type": "Point", "coordinates": [123.5, 7.7]}, "properties": {"id": "PH-1670", "datetime_utc": "1985-03-18T19:49:45.700000Z", "year": 1985, "mag": 5.1, "mag_type": "Ml", "depth_km": 33.0, "ml": 5.1}}, {"type": "Feature", "geometry": {"type": "Point", "coordinates": [120.6, 15.3]}, "properties": {"id": "PH-1671", "datetime_utc": "1985-04-23T16:15:11Z", "year": 1985, "mag": 5.4, "mag_type": "Ml", "depth_km": 188.0, "ml": 5.4}}, {"type": "Feature", "geometry": {"type": "Point", "coordinates": [120.8, 16.5]}, "properties": {"id": "PH-1672", "datetime_utc": "1985-04-24T01:07:14.600000Z", "year": 1985, "mag": 5.2, "mag_type": "Ml", "depth_km": 33.0, "ml": 5.2}}, {"type": "Feature", "geometry": {"type": "Point", "coordinates": [120.8, 16.4]}, "properties": {"id": "PH-1673", "datetime_utc": "1985-04-24T05:17:26Z", "year": 1985, "mag": 6.1, "mag_type": "Ms", "depth_km": 33.0, "ml": 5.2, "mb": 5.6, "ms": 6.1}}, {"type": "Feature", "geometry": {"type": "Point", "coordinates": [127.0, 4.9]}, "properties": {"id": "PH-1674", "datetime_utc": "1985-06-04T03:56:28.900000Z", "year": 1985, "mag": 5.0, "mag_type": "Ml", "depth_km": 94.0, "ml": 5.0}}, {"type": "Feature", "geometry": {"type": "Point", "coordinates": [126.5, 8.2]}, "properties": {"id": "PH-1675", "datetime_utc": "1985-07-01T07:49:30Z", "year": 1985, "mag": 5.4, "mag_type": "Ml", "depth_km": 78.0, "ml": 5.4}}, {"type": "Feature", "geometry": {"type": "Point", "coordinates": [125.1, 9.9]}, "properties": {"id": "PH-1676", "datetime_utc": "1985-12-14T06:47:39.600000Z", "year": 1985, "mag": 5.0, "mag_type": "Ml", "depth_km": 33.0, "ml": 5.0}}, {"type": "Feature", "geometry": {"type": "Point", "coordinates": [126.2, 5.7]}, "properties": {"id": "PH-1677", "datetime_utc": "1986-06-17T18:13:11.300000Z", "year": 1986, "mag": 5.0, "mag_type": "Ml", "depth_km": 33.0, "ml": 5.0}}, {"type": "Feature", "geometry": {"type": "Point", "coordinates": [126.2, 4.2]}, "properties": {"id": "PH-1678", "datetime_utc": "1986-08-14T19:39:56.600000Z", "year": 1986, "mag": 6.2, "mag_type": "Ml", "depth_km": 33.0, "ml": 6.2}}, {"type": "Feature", "geometry": {"type": "Point", "coordinates": [123.5, 6.0]}, "properties": {"id": "PH-1679", "datetime_utc": "1986-11-17T22:51:10.200000Z", "year": 1986, "mag": 5.0, "mag_type": "Ml", "depth_km": 33.0, "ml": 5.0}}, {"type": "Feature", "geometry": {"type": "Point", "coordinates": [119.9, 15.4]}, "properties": {"id": "PH-1680", "datetime_utc": "1986-12-29T15:49:57.500000Z", "year": 1986, "mag": 5.1, "mag_type": "Ml", "depth_km": 33.0, "ml": 5.1}}, {"type": "Feature", "geometry": {"type": "Point", "coordinates": [120.3, 17.8]}, "properties": {"id": "PH-1681", "datetime_utc": "1987-01-08T02:14:26.100000Z", "year": 1987, "mag": 5.1, "mag_type": "Ml", "depth_km": 23.0, "ml": 5.1}}, {"type": "Feature", "geometry": {"type": "Point", "coordinates": [126.53, 9.15]}, "properties": {"id": "PH-1682", "datetime_utc": "1987-01-10T04:47:06.500000Z", "year": 1987, "mag": 5.1, "mag_type": "Ml", "depth_km": 58.0, "ml": 5.1}}, {"type": "Feature", "geometry": {"type": "Point", "coordinates": [120.98, 18.83]}, "properties": {"id": "PH-1683", "datetime_utc": "1987-02-11T06:12:53.300000Z", "year": 1987, "mag": 5.3, "mag_type": "Ml", "depth_km": 24.0, "ml": 5.3}}, {"type": "Feature", "geometry": {"type": "Point", "coordinates": [123.2, 19.0]}, "properties": {"id": "PH-1684", "datetime_utc": "1987-03-18T03:39:54.300000Z", "year": 1987, "mag": 5.6, "mag_type": "Ml", "depth_km": 105.0, "ml": 5.6}}, {"type": "Feature", "geometry": {"type": "Point", "coordinates": [123.2, 13.4]}, "properties": {"id": "PH-1685", "datetime_utc": "1987-03-18T03:40:37.300000Z", "year": 1987, "mag": 5.0, "mag_type": "Ml", "depth_km": 73.0, "ml": 5.0}}, {"type": "Feature", "geometry": {"type": "Point", "coordinates": [120.22, 15.87]}, "properties": {"id": "PH-1686", "datetime_utc": "1987-04-25T12:16:48.700000Z", "year": 1987, "mag": 5.5, "mag_type": "Ml", "depth_km": 106.0, "ml": 5.5}}, {"type": "Feature", "geometry": {"type": "Point", "coordinates": [125.94, 6.08]}, "properties": {"id": "PH-1687", "datetime_utc": "1987-05-02T18:16:59.600000Z", "year": 1987, "mag": 5.1, "mag_type": "Ml", "depth_km": 145.0, "ml": 5.1}}, {"type": "Feature", "geometry": {"type": "Point", "coordinates": [127.7, 4.5]}, "properties": {"id": "PH-1688", "datetime_utc": "1987-05-11T09:59:34.100000Z", "year": 1987, "mag": 5.1, "mag_type": "Ml", "depth_km": 94.0, "ml": 5.1}}, {"type": "Feature", "geometry": {"type": "Point", "coordinates": [126.5, 9.4]}, "properties": {"id": "PH-1689", "datetime_utc": "1987-05-11T10:00:43.300000Z", "year": 1987, "mag": 5.0, "mag_type": "Ml", "depth_km": 33.0, "ml": 5.0}}, {"type": "Feature", "geometry": {"type": "Point", "coordinates": [126.7, 7.09]}, "properties": {"id": "PH-1690", "datetime_utc": "1987-05-12T01:30:25Z", "year": 1987, "mag": 5.3, "mag_type": "Ml", "depth_km": 25.0, "ml": 5.3}}, {"type": "Feature", "geometry": {"type": "Point", "coordinates": [125.36, 8.3]}, "properties": {"id": "PH-1691", "datetime_utc": "1987-05-18T17:27:00.200000Z", "year": 1987, "mag": 5.9, "mag_type": "Ms", "depth_km": 16.0, "ml": 4.3, "mb": 5.5, "ms": 5.9}}, {"type": "Feature", "geometry": {"type": "Point", "coordinates": [121.0, 15.6]}, "properties": {"id": "PH-1692", "datetime_utc": "1987-06-05T21:27:56.600000Z", "year": 1987, "mag": 5.6, "mag_type": "Ml", "depth_km": 45.0, "ml": 5.6}}, {"type": "Feature", "geometry": {"type": "Point", "coordinates": [126.11, 10.67]}, "properties": {"id": "PH-1693", "datetime_utc": "1987-06-06T18:40:27.400000Z", "year": 1987, "mag": 5.4, "mag_type": "Ml", "depth_km": 14.0, "ml": 5.4}}, {"type": "Feature", "geometry": {"type": "Point", "coordinates": [121.36, 20.42]}, "properties": {"id": "PH-1694", "datetime_utc": "1987-06-07T05:49:43.600000Z", "year": 1987, "mag": 5.0, "mag_type": "Ml", "depth_km": 15.0, "ml": 5.0}}, {"type": "Feature", "geometry": {"type": "Point", "coordinates": [126.36, 10.46]}, "properties": {"id": "PH-1695", "datetime_utc": "1987-06-13T15:43:22Z", "year": 1987, "mag": 5.0, "mag_type": "Ml", "depth_km": 42.0, "ml": 5.0}}, {"type": "Feature", "geometry": {"type": "Point", "coordinates": [121.38, 17.29]}, "properties": {"id": "PH-1696", "datetime_utc": "1987-06-18T10:01:07.300000Z", "year": 1987, "mag": 6.0, "mag_type": "Ms", "depth_km": 43.0, "ml": 4.9, "mb": 5.5, "ms": 6.0}}, {"type": "Feature", "geometry": {"type": "Point", "coordinates": [125.6, 4.01]}, "properties": {"id": "PH-1697", "datetime_utc": "1987-07-22T08:03:20.900000Z", "year": 1987, "mag": 5.2, "mag_type": "Ml", "depth_km": 41.0, "ml": 5.2}}, {"type": "Feature", "geometry": {"type": "Point", "coordinates": [126.2, 5.7]}, "properties": {"id": "PH-1698", "datetime_utc": "1987-08-10T09:59:02.800000Z", "year": 1987, "mag": 5.1, "mag_type": "Ml", "depth_km": 33.0, "ml": 5.1}}, {"type": "Feature", "geometry": {"type": "Point", "coordinates": [122.3, 9.26]}, "properties": {"id": "PH-1699", "datetime_utc": "1987-08-26T01:40:35.700000Z", "year": 1987, "mag": 5.1, "mag_type": "Ml", "depth_km": 68.0, "ml": 5.1}}, {"type": "Feature", "geometry": {"type": "Point", "coordinates": [122.27, 9.29]}, "properties": {"id": "PH-1700", "datetime_utc": "1987-08-26T01:44:50.400000Z", "year": 1987, "mag": 5.0, "mag_type": "Ml", "depth_km": 58.0, "ml": 5.0}}, {"type": "Feature", "geometry": {"type": "Point", "coordinates": [127.0, 9.0]}, "properties": {"id": "PH-1701", "datetime_utc": "1987-09-16T12:41:52.500000Z", "year": 1987, "mag": 5.0, "mag_type": "Ml", "depth_km": 65.0, "ml": 5.0}}, {"type": "Feature", "geometry": {"type": "Point", "coordinates": [119.4, 16.9]}, "properties": {"id": "PH-1702", "datetime_utc": "1987-10-14T17:05:07.800000Z", "year": 1987, "mag": 5.1, "mag_type": "Ml", "depth_km": 36.0, "ml": 5.1}}, {"type": "Feature", "geometry": {"type": "Point", "coordinates": [122.4, 9.2]}, "properties": {"id": "PH-1703", "datetime_utc": "1987-10-16T20:53:23.200000Z", "year": 1987, "mag": 5.1, "mag_type": "Ml", "depth_km": 39.0, "ml": 5.1}}, {"type": "Feature", "geometry": {"type": "Point", "coordinates": [125.4, 5.3]}, "properties": {"id": "PH-1704", "datetime_utc": "1987-10-23T04:53:25.200000Z", "year": 1987, "mag": 5.3, "mag_type": "Ml", "depth_km": 100.0, "ml": 5.3}}, {"type": "Feature", "geometry": {"type": "Point", "coordinates": [126.6, 8.9]}, "properties": {"id": "PH-1705", "datetime_utc": "1987-10-29T20:24:00.600000Z", "year": 1987, "mag": 5.1, "mag_type": "Ml", "depth_km": 60.0, "ml": 5.1}}, {"type": "Feature", "geometry": {"type": "Point", "coordinates": [124.76, 12.8]}, "properties": {"id": "PH-1706", "datetime_utc": "1987-11-18T16:27:06.700000Z", "year": 1987, "mag": 5.7, "mag_type": "Ml", "depth_km": 33.0, "ml": 5.7}}, {"type": "Feature", "geometry": {"type": "Point", "coordinates": [126.4, 7.7]}, "properties": {"id": "PH-1707", "datetime_utc": "1987-11-28T04:05:29.500000Z", "year": 1987, "mag": 5.2, "mag_type": "Ml", "depth_km": 57.0, "ml": 5.2}}, {"type": "Feature", "geometry": {"type": "Point", "coordinates": [126.5, 7.8]}, "properties": {"id": "PH-1708", "datetime_utc": "1987-12-23T10:11:46.100000Z", "year": 1987, "mag": 5.0, "mag_type": "Ml", "depth_km": 55.0, "ml": 5.0}}, {"type": "Feature", "geometry": {"type": "Point", "coordinates": [124.6, 3.3]}, "properties": {"id": "PH-1709", "datetime_utc": "1988-02-24T03:52:07.100000Z", "year": 1988, "mag": 5.3, "mag_type": "Ml", "depth_km": 21.0, "ml": 5.3}}, {"type": "Feature", "geometry": {"type": "Point", "coordinates": [120.1, 13.3]}, "properties": {"id": "PH-1710", "datetime_utc": "1988-04-08T04:42:31.200000Z", "year": 1988, "mag": 5.6, "mag_type": "Ml", "depth_km": 61.0, "ml": 5.6}}, {"type": "Feature", "geometry": {"type": "Point", "coordinates": [124.6, 13.9]}, "properties": {"id": "PH-1711", "datetime_utc": "1988-04-24T02:37:31.700000Z", "year": 1988, "mag": 5.0, "mag_type": "Ml", "depth_km": 45.0, "ml": 5.0}}, {"type": "Feature", "geometry": {"type": "Point", "coordinates": [121.21, 19.12]}, "properties": {"id": "PH-1712", "datetime_utc": "1988-05-08T17:49:48.700000Z", "year": 1988, "mag": 5.0, "mag_type": "Ml", "depth_km": 33.0, "ml": 5.0}}, {"type": "Feature", "geometry": {"type": "Point", "coordinates": [121.04, 12.25]}, "properties": {"id": "PH-1713", "datetime_utc": "1988-06-19T20:19:53Z", "year": 1988, "mag": 5.4, "mag_type": "Ml", "depth_km": 16.0, "ml": 5.4}}, {"type": "Feature", "geometry": {"type": "Point", "coordinates": [121.6, 18.9]}, "properties": {"id": "PH-1714", "datetime_utc": "1988-06-24T02:06:13.100000Z", "year": 1988, "mag": 5.6, "mag_type": "Ml", "depth_km": 33.0, "ml": 5.6}}, {"type": "Feature", "geometry": {"type": "Point", "coordinates": [121.0, 18.58]}, "properties": {"id": "PH-1715", "datetime_utc": "1988-06-24T02:06:28.100000Z", "year": 1988, "mag": 5.3, "mag_type": "Ml", "depth_km": 69.0, "ml": 5.3}}, {"type": "Feature", "geometry": {"type": "Point", "coordinates": [125.08, 6.54]}, "properties": {"id": "PH-1716", "datetime_utc": "1988-07-05T08:06:42.500000Z", "year": 1988, "mag": 5.0, "mag_type": "Ml", "depth_km": 178.0, "ml": 5.0}}, {"type": "Feature", "geometry": {"type": "Point", "coordinates": [122.0, 19.96]}, "properties": {"id": "PH-1717", "datetime_utc": "1988-07-17T03:23:08.100000Z", "year": 1988, "mag": 5.1, "mag_type": "Ml", "depth_km": 33.0, "ml": 5.1}}, {"type": "Feature", "geometry": {"type": "Point", "coordinates": [121.1, 20.0]}, "properties": {"id": "PH-1718", "datetime_utc": "1988-07-17T03:23:11Z", "year": 1988, "mag": 5.2, "mag_type": "Ml", "depth_km": 75.0, "ml": 5.2}}, {"type": "Feature", "geometry": {"type": "Point", "coordinates": [126.2, 8.8]}, "properties": {"id": "PH-1719", "datetime_utc": "1988-08-15T09:59:36.400000Z", "year": 1988, "mag": 5.3, "mag_type": "Ml", "depth_km": 33.0, "ml": 5.3}}, {"type": "Feature", "geometry": {"type": "Point", "coordinates": [124.35, 5.9]}, "properties": {"id": "PH-1720", "datetime_utc": "1989-08-10T01:55:54.900000Z", "year": 1989, "mag": 5.2, "mag_type": "Ml", "depth_km": 37.0, "ml": 5.2}}, {"type": "Feature", "geometry": {"type": "Point", "coordinates": [124.36, 6.0]}, "properties": {"id": "PH-1721", "datetime_utc": "1989-08-10T11:46:27.900000Z", "year": 1989, "mag": 5.3, "mag_type": "Ml", "depth_km": 38.0, "ml": 5.3}}, {"type": "Feature", "geometry": {"type": "Point", "coordinates": [126.55, 10.2]}, "properties": {"id": "PH-1722", "datetime_utc": "1989-11-14T17:39:40Z", "year": 1989, "mag": 5.5, "mag_type": "Ml", "depth_km": 33.0, "ml": 5.5}}, {"type": "Feature", "geometry": {"type": "Point", "coordinates": [126.54, 10.21]}, "properties": {"id": "PH-1723", "datetime_utc": "1989-12-08T10:23:13.800000Z", "year": 1989, "mag": 5.0, "mag_type": "Ml", "depth_km": 33.0, "ml": 5.0}}, {"type": "Feature", "geometry": {"type": "Point", "coordinates": [126.9, 8.38]}, "properties": {"id": "PH-1724", "datetime_utc": "1989-12-15T18:43:45Z", "year": 1989, "mag": 6.6, "mag_type": "Ms", "depth_km": 33.0, "ml": 5.8, "mb": 6.2, "ms": 6.6}}, {"type": "Feature", "geometry": {"type": "Point", "coordinates": [126.95, 5.1]}, "properties": {"id": "PH-1725", "datetime_utc": "1989-02-13T12:15:16.500000Z", "year": 1989, "mag": 5.1, "mag_type": "Ml", "depth_km": 33.0, "ml": 5.1}}, {"type": "Feature", "geometry": {"type": "Point", "coordinates": [119.698, 14.411]}, "properties": {"id": "PH-1726", "datetime_utc": "1989-03-24T17:21:14.740000Z", "year": 1989, "mag": 5.5, "mag_type": "Ml", "depth_km": 33.0, "ml": 5.5}}, {"type": "Feature", "geometry": {"type": "Point", "coordinates": [126.35, 10.09]}, "properties": {"id": "PH-1727", "datetime_utc": "1990-01-15T11:08:04.600000Z", "year": 1990, "mag": 5.2, "mag_type": "Ms", "depth_km": 45.0, "ms": 5.2}}, {"type": "Feature", "geometry": {"type": "Point", "coordinates": [121.01, 18.33]}, "properties": {"id": "PH-1728", "datetime_utc": "1990-01-23T20:44:49Z", "year": 1990, "mag": 5.0, "mag_type": "Ms", "depth_km": 14.0, "ms": 5.0}}, {"type": "Feature", "geometry": {"type": "Point", "coordinates": [126.71, 8.25]}, "properties": {"id": "PH-1729", "datetime_utc": "1990-02-01T18:33:53.900000Z", "year": 1990, "mag": 5.3, "mag_type": "Ms", "depth_km": 60.0, "ms": 5.3}}, {"type": "Feature", "geometry": {"type": "Point", "coordinates": [124.71, 9.8]}, "properties": {"id": "PH-1730", "datetime_utc": "1990-02-07T06:02:55.900000Z", "year": 1990, "mag": 5.0, "mag_type": "Ms", "depth_km": 64.0, "ms": 5.0}}, {"type": "Feature", "geometry": {"type": "Point", "coordinates": [124.71, 9.69]}, "properties": {"id": "PH-1731", "datetime_utc": "1990-02-08T07:15:32.200000Z", "year": 1990, "mag": 6.6, "mag_type": "Ms", "depth_km": 31.0, "mb": 6.2, "ms": 6.6}}, {"type": "Feature", "geometry": {"type": "Point", "coordinates": [124.54, 9.66]}, "properties": {"id": "PH-1732", "datetime_utc": "1990-02-08T07:21:57.800000Z", "year": 1990, "mag": 5.1, "mag_type": "Ms", "depth_km": 33.0, "ms": 5.1}}, {"type": "Feature", "geometry": {"type": "Point", "coordinates": [124.84, 9.66]}, "properties": {"id": "PH-1733", "datetime_utc": "1990-02-08T07:39:50.800000Z", "year": 1990, "mag": 5.3, "mag_type": "Ms", "depth_km": 33.0, "ms": 5.3}}, {"type": "Feature", "geometry": {"type": "Point", "coordinates": [124.64, 9.73]}, "properties": {"id": "PH-1734", "datetime_utc": "1990-02-08T07:47:00.100000Z", "year": 1990, "mag": 6.5, "mag_type": "Ms", "depth_km": 34.0, "mb": 6.0, "ms": 6.5}}, {"type": "Feature", "geometry": {"type": "Point", "coordinates": [124.43, 9.69]}, "properties": {"id": "PH-1735", "datetime_utc": "1990-02-08T08:26:44.100000Z", "year": 1990, "mag": 5.3, "mag_type": "Ms", "depth_km": 55.0, "ms": 5.3}}, {"type": "Feature", "geometry": {"type": "Point", "coordinates": [124.88, 9.53]}, "properties": {"id": "PH-1736", "datetime_utc": "1990-02-10T20:55:14.500000Z", "year": 1990, "mag": 5.2, "mag_type": "Ms", "depth_km": 33.0, "ms": 5.2}}, {"type": "Feature", "geometry": {"type": "Point", "coordinates": [124.48, 9.78]}, "properties": {"id": "PH-1737", "datetime_utc": "1990-02-12T23:30:59.800000Z", "year": 1990, "mag": 5.0, "mag_type": "Ms", "depth_km": 33.0, "ms": 5.0}}, {"type": "Feature", "geometry": {"type": "Point", "coordinates": [126.38, 6.28]}, "properties": {"id": "PH-1738", "datetime_utc": "1990-02-14T18:03:57.300000Z", "year": 1990, "mag": 5.2, "mag_type": "Ms", "depth_km": 90.0, "ms": 5.2}}, {"type": "Feature", "geometry": {"type": "Point", "coordinates": [126.44, 7.41]}, "properties": {"id": "PH-1739", "datetime_utc": "1990-02-16T22:50:26.700000Z", "year": 1990, "mag": 5.1, "mag_type": "Ms", "depth_km": 33.0, "ms": 5.1}}, {"type": "Feature", "geometry": {"type": "Point", "coordinates": [122.14, 16.13]}, "properties": {"id": "PH-1740", "datetime_utc": "1990-02-22T17:19:35.900000Z", "year": 1990, "mag": 5.0, "mag_type": "Ms", "depth_km": 19.0, "ms": 5.0}}, {"type": "Feature", "geometry": {"type": "Point", "coordinates": [124.8, 9.3]}, "properties": {"id": "PH-1741", "datetime_utc": "1990-03-03T19:02:00Z", "year": 1990, "mag": 5.5, "mag_type": "Ms", "depth_km": 97.0, "ms": 5.5}}, {"type": "Feature", "geometry": {"type": "Point", "coordinates": [126.99, 5.45]}, "properties": {"id": "PH-1742", "datetime_utc": "1990-03-15T22:19:23.700000Z", "year": 1990, "mag": 5.0, "mag_type": "Ms", "depth_km": 33.0, "ms": 5.0}}, {"type": "Feature", "geometry": {"type": "Point", "coordinates": [125.49, 6.2]}, "properties": {"id": "PH-1743", "datetime_utc": "1990-03-18T16:48:55.300000Z", "year": 1990, "mag": 5.0, "mag_type": "Ms", "depth_km": 33.0, "ms": 5.0}}, {"type": "Feature", "geometry": {"type": "Point", "coordinates": [125.61, 9.25]}, "properties": {"id": "PH-1744", "datetime_utc": "1990-03-26T22:47:16.800000Z", "year": 1990, "mag": 5.5, "mag_type": "Ms", "depth_km": 39.0, "mb": 5.6, "ms": 5.5}}, {"type": "Feature", "geometry": {"type": "Point", "coordinates": [122.04, 20.23]}, "properties": {"id": "PH-1745", "datetime_utc": "1990-03-30T00:42:06.900000Z", "year": 1990, "mag": 5.5, "mag_type": "Ms", "depth_km": 124.0, "ms": 5.5}}, {"type": "Feature", "geometry": {"type": "Point", "coordinates": [126.65, 7.98]}, "properties": {"id": "PH-1746", "datetime_utc": "1990-04-14T05:29:50.100000Z", "year": 1990, "mag": 5.5, "mag_type": "Ms", "depth_km": 66.0, "ms": 5.5}}, {"type": "Feature", "geometry": {"type": "Point", "coordinates": [126.91, 8.13]}, "properties": {"id": "PH-1747", "datetime_utc": "1990-04-14T05:39:33.700000Z", "year": 1990, "mag": 5.0, "mag_type": "Ms", "depth_km": 5.0, "ms": 5.0}}, {"type": "Feature", "geometry": {"type": "Point", "coordinates": [124.2, 8.57]}, "properties": {"id": "PH-1748", "datetime_utc": "1990-04-17T21:24:09Z", "year": 1990, "mag": 5.0, "mag_type": "Ms", "depth_km": 30.0, "ms": 5.0}}, {"type": "Feature", "geometry": {"type": "Point", "coordinates": [126.11, 8.8]}, "properties": {"id": "PH-1749", "datetime_utc": "1990-04-30T14:26:26.800000Z", "year": 1990, "mag": 5.4, "mag_type": "Ms", "depth_km": 116.0, "ms": 5.4}}, {"type": "Feature", "geometry": {"type": "Point", "coordinates": [126.05, 8.8]}, "properties": {"id": "PH-1750", "datetime_utc": "1990-04-30T14:26:27Z", "year": 1990, "mag": 5.4, "mag_type": "Ms", "depth_km": 117.0, "ms": 5.4}}, {"type": "Feature", "geometry": {"type": "Point", "coordinates": [126.24, 5.72]}, "properties": {"id": "PH-1751", "datetime_utc": "1990-05-15T16:33:35.400000Z", "year": 1990, "mag": 5.0, "mag_type": "Ms", "depth_km": 33.0, "ms": 5.0}}, {"type": "Feature", "geometry": {"type": "Point", "coordinates": [121.23, 13.37]}, "properties": {"id": "PH-1752", "datetime_utc": "1990-05-17T09:40:12.500000Z", "year": 1990, "mag": 5.1, "mag_type": "Ms", "depth_km": 11.0, "ms": 5.1}}, {"type": "Feature", "geometry": {"type": "Point", "coordinates": [120.49, 12.67]}, "properties": {"id": "PH-1753", "datetime_utc": "1990-05-27T14:00:31.600000Z", "year": 1990, "mag": 5.2, "mag_type": "Ms", "depth_km": 3.0, "ms": 5.2}}, {"type": "Feature", "geometry": {"type": "Point", "coordinates": [120.96, 12.67]}, "properties": {"id": "PH-1754", "datetime_utc": "1990-05-27T14:00:36.400000Z", "year": 1990, "mag": 5.2, "mag_type": "Ms", "depth_km": 8.0, "ms": 5.2}}, {"type": "Feature", "geometry": {"type": "Point", "coordinates": [119.95, 16.08]}, "properties": {"id": "PH-1755", "datetime_utc": "1990-05-29T12:35:26.800000Z", "year": 1990, "mag": 5.1, "mag_type": "Ms", "depth_km": 3.0, "ms": 5.1}}, {"type": "Feature", "geometry": {"type": "Point", "coordinates": [126.39, 6.4]}, "properties": {"id": "PH-1756", "datetime_utc": "1990-06-13T16:41:53.400000Z", "year": 1990, "mag": 5.6, "mag_type": "Ms", "depth_km": 78.0, "ms": 5.6}}, {"type": "Feature", "geometry": {"type": "Point", "coordinates": [124.6, 5.77]}, "properties": {"id": "PH-1757", "datetime_utc": "1990-06-13T23:00:43.900000Z", "year": 1990, "mag": 5.0, "mag_type": "Ms", "depth_km": 77.0, "ms": 5.0}}, {"type": "Feature", "geometry": {"type": "Point", "coordinates": [122.17, 11.33]}, "properties": {"id": "PH-1758", "datetime_utc": "1990-06-14T07:40:53.100000Z", "year": 1990, "mag": 7.0, "mag_type": "Ms", "depth_km": 15.0, "mb": 6.0, "ms": 7.0}}, {"type": "Feature", "geometry": {"type": "Point", "coordinates": [121.88, 11.63]}, "properties": {"id": "PH-1759", "datetime_utc": "1990-06-14T08:31:12.200000Z", "year": 1990, "mag": 5.6, "mag_type": "Ms", "depth_km": 9.0, "ms": 5.6}}, {"type": "Feature", "geometry": {"type": "Point", "coordinates": [122.36, 11.54]}, "properties": {"id": "PH-1760", "datetime_utc": "1990-06-14T11:49:00.600000Z", "year": 1990, "mag": 5.0, "mag_type": "Ms", "depth_km": 10.0, "ms": 5.0}}, {"type": "Feature", "geometry": {"type": "Point", "coordinates": [122.24, 11.27]}, "properties": {"id": "PH-1761", "datetime_utc": "1990-06-14T21:56:47.500000Z", "year": 1990, "mag": 5.2, "mag_type": "Ms", "depth_km": 19.0, "ms": 5.2}}, {"type": "Feature", "geometry": {"type": "Point", "coordinates": [125.35, 5.89]}, "properties": {"id": "PH-1762", "datetime_utc": "1990-06-19T21:33:03.100000Z", "year": 1990, "mag": 5.0, "mag_type": "Ms", "depth_km": 34.0, "ms": 5.0}}, {"type": "Feature", "geometry": {"type": "Point", "coordinates": [122.35, 17.72]}, "properties": {"id": "PH-1763", "datetime_utc": "1990-06-21T14:37:12.600000Z", "year": 1990, "mag": 5.0, "mag_type": "Ms", "depth_km": 33.0, "ms": 5.0}}, {"type": "Feature", "geometry": {"type": "Point", "coordinates": [120.67, 12.19]}, "properties": {"id": "PH-1764", "datetime_utc": "1990-07-07T15:37:24.500000Z", "year": 1990, "mag": 5.5, "mag_type": "Ms", "depth_km": 27.0, "ms": 5.5}}, {"type": "Feature", "geometry": {"type": "Point", "coordinates": [121.17, 15.68]}, "properties": {"id": "PH-1765", "datetime_utc": "1990-07-16T07:26:34.600000Z", "year": 1990, "mag": 7.8, "mag_type": "Ms", "depth_km": 25.0, "mb": 6.5, "ms": 7.8}}, {"type": "Feature", "geometry": {"type": "Point", "coordinates": [120.35, 16.86]}, "properties": {"id": "PH-1766", "datetime_utc": "1990-07-16T07:40:36.800000Z", "year": 1990, "mag": 5.3, "mag_type": "Ms", "depth_km": 33.0, "ms": 5.3}}, {"type": "Feature", "geometry": {"type": "Point", "coordinates": [121.18, 15.66]}, "properties": {"id": "PH-1767", "datetime_utc": "1990-07-16T07:45:58.700000Z", "year": 1990, "mag": 5.2, "mag_type": "Ms", "depth_km": 33.0, "ms": 5.2}}, {"type": "Feature", "geometry": {"type": "Point", "coordinates": [120.41, 16.29]}, "properties": {"id": "PH-1768", "datetime_utc": "1990-07-16T07:53:51.800000Z", "year": 1990, "mag": 5.4, "mag_type": "Ms", "depth_km": 33.0, "ms": 5.4}}, {"type": "Feature", "geometry": {"type": "Point", "coordinates": [120.24, 16.5]}, "properties": {"id": "PH-1769", "datetime_utc": "1990-07-16T08:00:52.400000Z", "year": 1990, "mag": 5.2, "mag_type": "Ms", "depth_km": 33.0, "ms": 5.2}}, {"type": "Feature", "geometry": {"type": "Point", "coordinates": [120.18, 16.17]}, "properties": {"id": "PH-1770", "datetime_utc": "1990-07-16T08:30:32.900000Z", "year": 1990, "mag": 5.0, "mag_type": "Ms", "depth_km": 33.0, "ms": 5.0}}, {"type": "Feature", "geometry": {"type": "Point", "coordinates": [120.47, 16.75]}, "properties": {"id": "PH-1771", "datetime_utc": "1990-07-16T08:32:00.900000Z", "year": 1990, "mag": 5.0, "mag_type": "Ms", "depth_km": 33.0, "ms": 5.0}}, {"type": "Feature", "geometry": {"type": "Point", "coordinates": [125.52, 9.22]}, "properties": {"id": "PH-1772", "datetime_utc": "1990-07-16T10:12:57.500000Z", "year": 1990, "mag": 5.3, "mag_type": "Ms", "depth_km": 33.0, "ms": 5.3}}, {"type": "Feature", "geometry": {"type": "Point", "coordinates": [120.8, 16.21]}, "properties": {"id": "PH-1773", "datetime_utc": "1990-07-16T12:32:05.900000Z", "year": 1990, "mag": 5.0, "mag_type": "Ms", "depth_km": 33.0, "ms": 5.0}}, {"type": "Feature", "geometry": {"type": "Point", "coordinates": [120.88, 16.29]}, "properties": {"id": "PH-1774", "datetime_utc": "1990-07-16T13:31:13.200000Z", "year": 1990, "mag": 5.7, "mag_type": "Ms", "depth_km": 33.0, "ms": 5.7}}, {"type": "Feature", "geometry": {"type": "Point", "coordinates": [120.44, 16.31]}, "properties": {"id": "PH-1775", "datetime_utc": "1990-07-16T15:04:27Z", "year": 1990, "mag": 5.0, "mag_type": "Ms", "depth_km": 33.0, "ms": 5.0}}, {"type": "Feature", "geometry": {"type": "Point", "coordinates": [120.62, 16.51]}, "properties": {"id": "PH-1776", "datetime_utc": "1990-07-16T15:08:07.600000Z", "year": 1990, "mag": 5.3, "mag_type": "Ms", "depth_km": 33.0, "ms": 5.3}}, {"type": "Feature", "geometry": {"type": "Point", "coordinates": [120.59, 16.37]}, "properties": {"id": "PH-1777", "datetime_utc": "1990-07-16T19:45:25.100000Z", "year": 1990, "mag": 5.3, "mag_type": "Ms", "depth_km": 33.0, "ms": 5.3}}, {"type": "Feature", "geometry": {"type": "Point", "coordinates": [120.55, 16.42]}, "properties": {"id": "PH-1778", "datetime_utc": "1990-07-16T20:16:02.800000Z", "year": 1990, "mag": 5.2, "mag_type": "Ms", "depth_km": 13.0, "ms": 5.2}}, {"type": "Feature", "geometry": {"type": "Point", "coordinates": [120.32, 16.47]}, "properties": {"id": "PH-1779", "datetime_utc": "1990-07-16T21:27:14.800000Z", "year": 1990, "mag": 5.0, "mag_type": "Ms", "depth_km": 33.0, "ms": 5.0}}, {"type": "Feature", "geometry": {"type": "Point", "coordinates": [120.84, 16.43]}, "properties": {"id": "PH-1780", "datetime_utc": "1990-07-17T18:06:35.300000Z", "year": 1990, "mag": 6.0, "mag_type": "Ms", "depth_km": 18.0, "mb": 5.5, "ms": 6.0}}, {"type": "Feature", "geometry": {"type": "Point", "coordinates": [120.98, 16.5]}, "properties": {"id": "PH-1781", "datetime_utc": "1990-07-17T21:14:43.800000Z", "year": 1990, "mag": 6.6, "mag_type": "Ms", "depth_km": 23.0, "ms": 6.6}}, {"type": "Feature", "geometry": {"type": "Point", "coordinates": [120.92, 16.25]}, "properties": {"id": "PH-1782", "datetime_utc": "1990-07-17T21:40:11.300000Z", "year": 1990, "mag": 5.0, "mag_type": "Ms", "depth_km": 33.0, "ms": 5.0}}, {"type": "Feature", "geometry": {"type": "Point", "coordinates": [121.06, 16.34]}, "properties": {"id": "PH-1783", "datetime_utc": "1990-07-17T22:29:53Z", "year": 1990, "mag": 5.0, "mag_type": "Ms", "depth_km": 33.0, "ms": 5.0}}, {"type": "Feature", "geometry": {"type": "Point", "coordinates": [121.01, 16.51]}, "properties": {"id": "PH-1784", "datetime_utc": "1990-07-18T08:00:12.800000Z", "year": 1990, "mag": 5.3, "mag_type": "Ms", "depth_km": 14.0, "ms": 5.3}}, {"type": "Feature", "geometry": {"type": "Point", "coordinates": [121.04, 16.06]}, "properties": {"id": "PH-1785", "datetime_utc": "1990-07-18T21:14:45.100000Z", "year": 1990, "mag": 6.3, "mag_type": "Ms", "depth_km": 6.0, "ms": 6.3}}, {"type": "Feature", "geometry": {"type": "Point", "coordinates": [120.94, 16.39]}, "properties": {"id": "PH-1786", "datetime_utc": "1990-07-20T15:11:17.800000Z", "year": 1990, "mag": 5.4, "mag_type": "Ms", "depth_km": 17.0, "ms": 5.4}}, {"type": "Feature", "geometry": {"type": "Point", "coordinates": [120.92, 16.4]}, "properties": {"id": "PH-1787", "datetime_utc": "1990-07-21T07:23:35.800000Z", "year": 1990, "mag": 5.5, "mag_type": "Ms", "depth_km": 26.0, "ms": 5.5}}, {"type": "Feature", "geometry": {"type": "Point", "coordinates": [122.35, 11.27]}, "properties": {"id": "PH-1788", "datetime_utc": "1990-07-22T18:02:50.900000Z", "year": 1990, "mag": 5.5, "mag_type": "Ms", "depth_km": 16.0, "ms": 5.5}}, {"type": "Feature", "geometry": {"type": "Point", "coordinates": [120.76, 16.48]}, "properties": {"id": "PH-1789", "datetime_utc": "1990-07-23T00:49:00.300000Z", "year": 1990, "mag": 5.3, "mag_type": "Ms", "depth_km": 33.0, "ms": 5.3}}, {"type": "Feature", "geometry": {"type": "Point", "coordinates": [119.64, 16.1]}, "properties": {"id": "PH-1790", "datetime_utc": "1990-07-23T22:20:42Z", "year": 1990, "mag": 5.1, "mag_type": "Ms", "depth_km": 18.0, "ms": 5.1}}, {"type": "Feature", "geometry": {"type": "Point", "coordinates": [120.63, 17.21]}, "properties": {"id": "PH-1791", "datetime_utc": "1990-08-03T08:17:20.200000Z", "year": 1990, "mag": 5.1, "mag_type": "Ms", "depth_km": 2.0, "ms": 5.1}}, {"type": "Feature", "geometry": {"type": "Point", "coordinates": [126.86, 6.04]}, "properties": {"id": "PH-1792", "datetime_utc": "1990-08-05T18:48:20.100000Z", "year": 1990, "mag": 5.0, "mag_type": "Ms", "depth_km": 129.0, "ms": 5.0}}, {"type": "Feature", "geometry": {"type": "Point", "coordinates": [120.16, 16.36]}, "properties": {"id": "PH-1793", "datetime_utc": "1990-08-12T21:09:38.300000Z", "year": 1990, "mag": 5.5, "mag_type": "Ms", "depth_km": 19.0, "ms": 5.5}}, {"type": "Feature", "geometry": {"type": "Point", "coordinates": [126.95, 8.06]}, "properties": {"id": "PH-1794", "datetime_utc": "1990-08-14T09:31:32.600000Z", "year": 1990, "mag": 5.1, "mag_type": "Ms", "depth_km": 64.0, "ms": 5.1}}, {"type": "Feature", "geometry": {"type": "Point", "coordinates": [120.21, 16.17]}, "properties": {"id": "PH-1795", "datetime_utc": "1990-08-19T10:12:07.200000Z", "year": 1990, "mag": 5.5, "mag_type": "Ms", "depth_km": 1.0, "ms": 5.5}}, {"type": "Feature", "geometry": {"type": "Point", "coordinates": [120.47, 16.34]}, "properties": {"id": "PH-1796", "datetime_utc": "1990-08-20T22:37:35.500000Z", "year": 1990, "mag": 5.1, "mag_type": "Ms", "depth_km": 7.0, "ms": 5.1}}, {"type": "Feature", "geometry": {"type": "Point", "coordinates": [120.75, 16.33]}, "properties": {"id": "PH-1797", "datetime_utc": "1990-09-03T05:13:29.500000Z", "year": 1990, "mag": 5.0, "mag_type": "Ms", "depth_km": 4.0, "ms": 5.0}}, {"type": "Feature", "geometry": {"type": "Point", "coordinates": [120.86, 17.27]}, "properties": {"id": "PH-1798", "datetime_utc": "1990-09-03T06:42:13Z", "year": 1990, "mag": 5.2, "mag_type": "Ms", "depth_km": 4.0, "ms": 5.2}}, {"type": "Feature", "geometry": {"type": "Point", "coordinates": [120.86, 17.27]}, "properties": {"id": "PH-1799", "datetime_utc": "1990-09-03T06:42:13Z", "year": 1990, "mag": 5.3, "mag_type": "Ms", "depth_km": 4.0, "ms": 5.3}}, {"type": "Feature", "geometry": {"type": "Point", "coordinates": [126.12, 8.58]}, "properties": {"id": "PH-1800", "datetime_utc": "1990-09-05T07:13:45.900000Z", "year": 1990, "mag": 5.3, "mag_type": "Ms", "depth_km": 7.0, "ms": 5.3}}, {"type": "Feature", "geometry": {"type": "Point", "coordinates": [119.65, 18.94]}, "properties": {"id": "PH-1801", "datetime_utc": "1990-09-10T23:55:16.100000Z", "year": 1990, "mag": 5.5, "mag_type": "Ms", "depth_km": 74.0, "ms": 5.5}}, {"type": "Feature", "geometry": {"type": "Point", "coordinates": [121.27, 18.67]}, "properties": {"id": "PH-1802", "datetime_utc": "1990-09-11T14:09:57.200000Z", "year": 1990, "mag": 5.2, "mag_type": "Ms", "depth_km": 81.0, "ms": 5.2}}, {"type": "Feature", "geometry": {"type": "Point", "coordinates": [126.38, 6.36]}, "properties": {"id": "PH-1803", "datetime_utc": "1990-09-12T10:21:49.300000Z", "year": 1990, "mag": 5.6, "mag_type": "Ms", "depth_km": 90.0, "ms": 5.6}}, {"type": "Feature", "geometry": {"type": "Point", "coordinates": [124.73, 5.65]}, "properties": {"id": "PH-1804", "datetime_utc": "1990-09-17T18:41:54.700000Z", "year": 1990, "mag": 5.2, "mag_type": "Ms", "depth_km": 42.0, "ms": 5.2}}, {"type": "Feature", "geometry": {"type": "Point", "coordinates": [121.51, 16.04]}, "properties": {"id": "PH-1805", "datetime_utc": "1990-09-22T22:57:30.800000Z", "year": 1990, "mag": 5.3, "mag_type": "Ms", "depth_km": 29.0, "ms": 5.3}}, {"type": "Feature", "geometry": {"type": "Point", "coordinates": [121.04, 16.38]}, "properties": {"id": "PH-1806", "datetime_utc": "1990-09-23T08:26:39.500000Z", "year": 1990, "mag": 5.1, "mag_type": "Ms", "depth_km": 29.0, "ms": 5.1}}, {"type": "Feature", "geometry": {"type": "Point", "coordinates": [120.17, 13.3]}, "properties": {"id": "PH-1807", "datetime_utc": "1990-10-07T10:02:29Z", "year": 1990, "mag": 5.5, "mag_type": "Ms", "depth_km": 7.0, "ms": 5.5}}, {"type": "Feature", "geometry": {"type": "Point", "coordinates": [122.06, 8.81]}, "properties": {"id": "PH-1808", "datetime_utc": "1990-10-13T04:28:21.300000Z", "year": 1990, "mag": 5.8, "mag_type": "Ms", "depth_km": 14.0, "ms": 5.8}}, {"type": "Feature", "geometry": {"type": "Point", "coordinates": [120.38, 16.45]}, "properties": {"id": "PH-1809", "datetime_utc": "1990-10-14T02:21:13.600000Z", "year": 1990, "mag": 5.0, "mag_type": "Ms", "depth_km": 12.0, "ms": 5.0}}, {"type": "Feature", "geometry": {"type": "Point", "coordinates": [120.38, 16.45]}, "properties": {"id": "PH-1810", "datetime_utc": "1990-10-14T02:21:13.600000Z", "year": 1990, "mag": 5.0, "mag_type": "Ms", "depth_km": 12.0, "ms": 5.0}}, {"type": "Feature", "geometry": {"type": "Point", "coordinates": [125.99, 10.88]}, "properties": {"id": "PH-1811", "datetime_utc": "1990-10-19T18:48:55.700000Z", "year": 1990, "mag": 5.0, "mag_type": "Ms", "depth_km": 33.0, "ms": 5.0}}, {"type": "Feature", "geometry": {"type": "Point", "coordinates": [121.03, 13.74]}, "properties": {"id": "PH-1812", "datetime_utc": "1990-10-22T12:21:35.100000Z", "year": 1990, "mag": 5.1, "mag_type": "Ms", "depth_km": 33.0, "ms": 5.1}}, {"type": "Feature", "geometry": {"type": "Point", "coordinates": [126.46, 8.31]}, "properties": {"id": "PH-1813", "datetime_utc": "1990-10-25T11:01:38.700000Z", "year": 1990, "mag": 6.1, "mag_type": "Ms", "depth_km": 44.0, "ms": 6.1}}, {"type": "Feature", "geometry": {"type": "Point", "coordinates": [126.31, 8.51]}, "properties": {"id": "PH-1814", "datetime_utc": "1990-10-25T11:04:53.500000Z", "year": 1990, "mag": 5.6, "mag_type": "Ms", "depth_km": 4.0, "ms": 5.6}}, {"type": "Feature", "geometry": {"type": "Point", "coordinates": [122.22, 12.9]}, "properties": {"id": "PH-1815", "datetime_utc": "1990-11-03T15:21:01.900000Z", "year": 1990, "mag": 5.0, "mag_type": "Ms", "depth_km": 23.0, "ms": 5.0}}, {"type": "Feature", "geometry": {"type": "Point", "coordinates": [120.85, 16.45]}, "properties": {"id": "PH-1816", "datetime_utc": "1990-11-06T00:37:17Z", "year": 1990, "mag": 5.1, "mag_type": "Ms", "depth_km": 4.0, "ms": 5.1}}, {"type": "Feature", "geometry": {"type": "Point", "coordinates": [125.25, 5.64]}, "properties": {"id": "PH-1817", "datetime_utc": "1990-11-07T14:36:27.700000Z", "year": 1990, "mag": 5.5, "mag_type": "Ms", "depth_km": 78.0, "ms": 5.5}}, {"type": "Feature", "geometry": {"type": "Point", "coordinates": [121.89, 14.44]}, "properties": {"id": "PH-1818", "datetime_utc": "1990-11-20T09:06:52.100000Z", "year": 1990, "mag": 5.2, "mag_type": "Ms", "depth_km": 16.0, "ms": 5.2}}, {"type": "Feature", "geometry": {"type": "Point", "coordinates": [125.42, 5.29]}, "properties": {"id": "PH-1819", "datetime_utc": "1990-11-22T05:30:17.400000Z", "year": 1990, "mag": 5.1, "mag_type": "Ms", "depth_km": 33.0, "ms": 5.1}}, {"type": "Feature", "geometry": {"type": "Point", "coordinates": [125.8, 5.59]}, "properties": {"id": "PH-1820", "datetime_utc": "1990-11-23T07:41:56.800000Z", "year": 1990, "mag": 5.7, "mag_type": "Ms", "depth_km": 20.0, "ms": 5.7}}, {"type": "Feature", "geometry": {"type": "Point", "coordinates": [126.59, 7.62]}, "properties": {"id": "PH-1821", "datetime_utc": "1990-12-01T18:25:41.500000Z", "year": 1990, "mag": 5.2, "mag_type": "Ms", "depth_km": 77.0, "ms": 5.2}}, {"type": "Feature", "geometry": {"type": "Point", "coordinates": [121.97, 14.48]}, "properties": {"id": "PH-1822", "datetime_utc": "1990-12-05T16:13:15.600000Z", "year": 1990, "mag": 5.9, "mag_type": "Ms", "depth_km": 13.0, "ms": 5.9}}, {"type": "Feature", "geometry": {"type": "Point", "coordinates": [120.08, 13.59]}, "properties": {"id": "PH-1823", "datetime_utc": "1990-12-25T01:57:50.700000Z", "year": 1990, "mag": 5.3, "mag_type": "Ms", "depth_km": 10.0, "ms": 5.3}}, {"type": "Feature", "geometry": {"type": "Point", "coordinates": [121.18, 19.83]}, "properties": {"id": "PH-1824", "datetime_utc": "1990-12-25T14:22:49.800000Z", "year": 1990, "mag": 5.5, "mag_type": "Ms", "depth_km": 17.0, "ms": 5.5}}, {"type": "Feature", "geometry": {"type": "Point", "coordinates": [122.24, 18.44]}, "properties": {"id": "PH-1825", "datetime_utc": "1990-12-28T05:04:51.100000Z", "year": 1990, "mag": 5.6, "mag_type": "Ms", "depth_km": 7.0, "ms": 5.6}}, {"type": "Feature", "geometry": {"type": "Point", "coordinates": [121.21, 15.44]}, "properties": {"id": "PH-1826", "datetime_utc": "1991-01-19T15:56:53.500000Z", "year": 1991, "mag": 5.4, "mag_type": "Ms", "depth_km": 9.0, "ms": 5.4}}, {"type": "Feature", "geometry": {"type": "Point", "coordinates": [125.57, 10.42]}, "properties": {"id": "PH-1827", "datetime_utc": "1991-01-28T09:06:40.300000Z", "year": 1991, "mag": 5.5, "mag_type": "Ms", "depth_km": 43.0, "ms": 5.5}}, {"type": "Feature", "geometry": {"type": "Point", "coordinates": [120.94, 16.57]}, "properties": {"id": "PH-1828", "datetime_utc": "1991-02-04T22:39:46.800000Z", "year": 1991, "mag": 5.2, "mag_type": "Ms", "depth_km": 3.0, "ms": 5.2}}, {"type": "Feature", "geometry": {"type": "Point", "coordinates": [120.67, 13.66]}, "properties": {"id": "PH-1829", "datetime_utc": "1991-02-07T05:35:11.900000Z", "year": 1991, "mag": 5.2, "mag_type": "Ms", "depth_km": 11.0, "ms": 5.2}}, {"type": "Feature", "geometry": {"type": "Point", "coordinates": [124.36, 4.53]}, "properties": {"id": "PH-1830", "datetime_utc": "1991-02-15T00:55:35.400000Z", "year": 1991, "mag": 5.6, "mag_type": "Ms", "depth_km": 10.0, "ms": 5.6}}, {"type": "Feature", "geometry": {"type": "Point", "coordinates": [126.52, 9.05]}, "properties": {"id": "PH-1831", "datetime_utc": "1991-02-18T02:37:29.500000Z", "year": 1991, "mag": 6.2, "mag_type": "Ms", "depth_km": 44.0, "ms": 6.2}}, {"type": "Feature", "geometry": {"type": "Point", "coordinates": [126.86, 8.76]}, "properties": {"id": "PH-1832", "datetime_utc": "1991-02-18T14:07:52.400000Z", "year": 1991, "mag": 5.8, "mag_type": "Ms", "depth_km": 33.0, "ms": 5.8}}, {"type": "Feature", "geometry": {"type": "Point", "coordinates": [125.49, 4.96]}, "properties": {"id": "PH-1833", "datetime_utc": "1991-02-19T13:17:17.200000Z", "year": 1991, "mag": 5.7, "mag_type": "Ms", "depth_km": 126.0, "ms": 5.7}}, {"type": "Feature", "geometry": {"type": "Point", "coordinates": [126.51, 9.1]}, "properties": {"id": "PH-1834", "datetime_utc": "1991-02-19T15:50:04.200000Z", "year": 1991, "mag": 5.2, "mag_type": "Ms", "depth_km": 8.0, "ms": 5.2}}, {"type": "Feature", "geometry": {"type": "Point", "coordinates": [126.32, 8.33]}, "properties": {"id": "PH-1835", "datetime_utc": "1991-02-20T12:26:47.900000Z", "year": 1991, "mag": 5.2, "mag_type": "Ms", "depth_km": 52.0, "ms": 5.2}}, {"type": "Feature", "geometry": {"type": "Point", "coordinates": [120.84, 15.91]}, "properties": {"id": "PH-1836", "datetime_utc": "1991-02-23T10:40:58.500000Z", "year": 1991, "mag": 5.1, "mag_type": "Ms", "depth_km": 3.0, "ms": 5.1}}, {"type": "Feature", "geometry": {"type": "Point", "coordinates": [125.21, 9.21]}, "properties": {"id": "PH-1837", "datetime_utc": "1991-02-24T11:34:49.900000Z", "year": 1991, "mag": 5.2, "mag_type": "Ms", "depth_km": 58.0, "ms": 5.2}}, {"type": "Feature", "geometry": {"type": "Point", "coordinates": [121.04, 13.8]}, "properties": {"id": "PH-1838", "datetime_utc": "1991-04-19T04:51:39.700000Z", "year": 1991, "mag": 5.6, "mag_type": "Ms", "depth_km": 186.0, "ms": 5.6}}, {"type": "Feature", "geometry": {"type": "Point", "coordinates": [121.04, 13.8]}, "properties": {"id": "PH-1839", "datetime_utc": "1991-04-19T04:51:39.700000Z", "year": 1991, "mag": 5.6, "mag_type": "Ms", "depth_km": 186.0, "ms": 5.6}}, {"type": "Feature", "geometry": {"type": "Point", "coordinates": [123.94, 13.36]}, "properties": {"id": "PH-1840", "datetime_utc": "1991-04-23T02:50:20.100000Z", "year": 1991, "mag": 5.6, "mag_type": "Ms", "depth_km": 30.0, "ms": 5.6}}, {"type": "Feature", "geometry": {"type": "Point", "coordinates": [124.13, 8.93]}, "properties": {"id": "PH-1841", "datetime_utc": "1991-04-24T04:57:40.300000Z", "year": 1991, "mag": 5.2, "mag_type": "Ms", "depth_km": 15.0, "ms": 5.2}}, {"type": "Feature", "geometry": {"type": "Point", "coordinates": [126.15, 7.84]}, "properties": {"id": "PH-1842", "datetime_utc": "1991-04-26T17:37:04.200000Z", "year": 1991, "mag": 6.0, "mag_type": "Ms", "depth_km": 17.0, "ms": 6.0}}, {"type": "Feature", "geometry": {"type": "Point", "coordinates": [125.17, 10.33]}, "properties": {"id": "PH-1843", "datetime_utc": "1991-05-05T15:05:41.700000Z", "year": 1991, "mag": 5.1, "mag_type": "Ms", "depth_km": 30.0, "ms": 5.1}}, {"type": "Feature", "geometry": {"type": "Point", "coordinates": [125.78, 9.0]}, "properties": {"id": "PH-1844", "datetime_utc": "1991-05-05T16:02:05.300000Z", "year": 1991, "mag": 5.0, "mag_type": "Ms", "depth_km": 67.0, "ms": 5.0}}, {"type": "Feature", "geometry": {"type": "Point", "coordinates": [125.4, 10.27]}, "properties": {"id": "PH-1845", "datetime_utc": "1991-05-06T00:10:20.400000Z", "year": 1991, "mag": 5.4, "mag_type": "Ms", "depth_km": 10.0, "ms": 5.4}}, {"type": "Feature", "geometry": {"type": "Point", "coordinates": [125.42, 10.23]}, "properties": {"id": "PH-1846", "datetime_utc": "1991-05-06T00:26:07.900000Z", "year": 1991, "mag": 5.7, "mag_type": "Ms", "depth_km": 19.0, "ms": 5.7}}, {"type": "Feature", "geometry": {"type": "Point", "coordinates": [125.17, 10.33]}, "properties": {"id": "PH-1847", "datetime_utc": "1991-05-08T18:00:28Z", "year": 1991, "mag": 5.2, "mag_type": "Ms", "depth_km": 20.0, "ms": 5.2}}, {"type": "Feature", "geometry": {"type": "Point", "coordinates": [125.08, 10.25]}, "properties": {"id": "PH-1848", "datetime_utc": "1991-05-11T22:12:15Z", "year": 1991, "mag": 5.3, "mag_type": "Ms", "depth_km": 6.0, "ms": 5.3}}, {"type": "Feature", "geometry": {"type": "Point", "coordinates": [126.91, 8.98]}, "properties": {"id": "PH-1849", "datetime_utc": "1991-06-08T14:07:50.800000Z", "year": 1991, "mag": 5.1, "mag_type": "Ms", "depth_km": 4.0, "ms": 5.1}}, {"type": "Feature", "geometry": {"type": "Point", "coordinates": [125.8, 8.85]}, "properties": {"id": "PH-1850", "datetime_utc": "1991-06-12T03:47:42.300000Z", "year": 1991, "mag": 5.0, "mag_type": "Ms", "depth_km": 7.0, "ms": 5.0}}, {"type": "Feature", "geometry": {"type": "Point", "coordinates": [126.09, 10.07]}, "properties": {"id": "PH-1851", "datetime_utc": "1991-06-15T23:02:12Z", "year": 1991, "mag": 5.8, "mag_type": "Ms", "depth_km": 24.0, "ms": 5.8}}, {"type": "Feature", "geometry": {"type": "Point", "coordinates": [120.27, 15.15]}, "properties": {"id": "PH-1852", "datetime_utc": "1991-06-16T02:07:42.600000Z", "year": 1991, "mag": 5.8, "mag_type": "Ms", "depth_km": 12.0, "ms": 5.8}}, {"type": "Feature", "geometry": {"type": "Point", "coordinates": [120.46, 15.15]}, "properties": {"id": "PH-1853", "datetime_utc": "1991-06-16T09:51:12.200000Z", "year": 1991, "mag": 5.0, "mag_type": "Ms", "depth_km": 9.0, "ms": 5.0}}, {"type": "Feature", "geometry": {"type": "Point", "coordinates": [120.32, 15.05]}, "properties": {"id": "PH-1854", "datetime_utc": "1991-06-16T13:26:47.500000Z", "year": 1991, "mag": 5.1, "mag_type": "Ms", "depth_km": 24.0, "ms": 5.1}}, {"type": "Feature", "geometry": {"type": "Point", "coordinates": [120.24, 15.04]}, "properties": {"id": "PH-1855", "datetime_utc": "1991-06-17T15:33:04.200000Z", "year": 1991, "mag": 5.2, "mag_type": "Ms", "depth_km": 27.0, "ms": 5.2}}, {"type": "Feature", "geometry": {"type": "Point", "coordinates": [120.35, 15.22]}, "properties": {"id": "PH-1856", "datetime_utc": "1991-06-18T03:20:27.200000Z", "year": 1991, "mag": 5.1, "mag_type": "Ms", "depth_km": 11.0, "ms": 5.1}}, {"type": "Feature", "geometry": {"type": "Point", "coordinates": [123.29, 6.52]}, "properties": {"id": "PH-1857", "datetime_utc": "1991-06-19T05:20:03.900000Z", "year": 1991, "mag": 6.1, "mag_type": "Ms", "depth_km": 55.0, "ms": 6.1}}, {"type": "Feature", "geometry": {"type": "Point", "coordinates": [120.69, 18.17]}, "properties": {"id": "PH-1858", "datetime_utc": "1991-06-20T08:23:29.400000Z", "year": 1991, "mag": 5.0, "mag_type": "Ms", "depth_km": 3.0, "ms": 5.0}}, {"type": "Feature", "geometry": {"type": "Point", "coordinates": [124.95, 10.25]}, "properties": {"id": "PH-1859", "datetime_utc": "1991-06-24T22:04:11.600000Z", "year": 1991, "mag": 5.2, "mag_type": "Ms", "depth_km": 7.0, "ms": 5.2}}, {"type": "Feature", "geometry": {"type": "Point", "coordinates": [125.01, 10.22]}, "properties": {"id": "PH-1860", "datetime_utc": "1991-06-26T19:56:44Z", "year": 1991, "mag": 5.5, "mag_type": "Ms", "depth_km": 4.0, "ms": 5.5}}, {"type": "Feature", "geometry": {"type": "Point", "coordinates": [120.44, 15.21]}, "properties": {"id": "PH-1861", "datetime_utc": "1991-07-03T03:49:45Z", "year": 1991, "mag": 5.8, "mag_type": "Ms", "depth_km": 8.0, "ms": 5.8}}, {"type": "Feature", "geometry": {"type": "Point", "coordinates": [124.11, 9.07]}, "properties": {"id": "PH-1862", "datetime_utc": "1991-07-10T05:34:05.600000Z", "year": 1991, "mag": 5.1, "mag_type": "Ms", "depth_km": 511.0, "ms": 5.1}}, {"type": "Feature", "geometry": {"type": "Point", "coordinates": [125.89, 5.82]}, "properties": {"id": "PH-1863", "datetime_utc": "1991-07-23T11:22:10.100000Z", "year": 1991, "mag": 5.6, "mag_type": "Ms", "depth_km": 146.0, "ms": 5.6}}, {"type": "Feature", "geometry": {"type": "Point", "coordinates": [125.23, 10.26]}, "properties": {"id": "PH-1864", "datetime_utc": "1991-08-06T00:03:31.500000Z", "year": 1991, "mag": 5.1, "mag_type": "Ms", "depth_km": 5.0, "ms": 5.1}}, {"type": "Feature", "geometry": {"type": "Point", "coordinates": [126.45, 8.73]}, "properties": {"id": "PH-1865", "datetime_utc": "1991-08-06T23:21:30.500000Z", "year": 1991, "mag": 5.1, "mag_type": "Ms", "depth_km": 33.0, "ms": 5.1}}, {"type": "Feature", "geometry": {"type": "Point", "coordinates": [120.34, 15.15]}, "properties": {"id": "PH-1866", "datetime_utc": "1991-09-04T22:37:24.200000Z", "year": 1991, "mag": 5.3, "mag_type": "Ms", "depth_km": 48.0, "ms": 5.3}}, {"type": "Feature", "geometry": {"type": "Point", "coordinates": [124.85, 10.91]}, "properties": {"id": "PH-1867", "datetime_utc": "1991-09-15T01:05:49.700000Z", "year": 1991, "mag": 5.3, "mag_type": "Ms", "depth_km": 20.0, "ms": 5.3}}, {"type": "Feature", "geometry": {"type": "Point", "coordinates": [124.73, 10.41]}, "properties": {"id": "PH-1868", "datetime_utc": "1991-10-11T20:56:52.600000Z", "year": 1991, "mag": 5.1, "mag_type": "Ms", "depth_km": 25.0, "ms": 5.1}}, {"type": "Feature", "geometry": {"type": "Point", "coordinates": [122.39, 8.17]}, "properties": {"id": "PH-1869", "datetime_utc": "1991-10-19T19:10:12.500000Z", "year": 1991, "mag": 5.4, "mag_type": "Ms", "depth_km": 14.0, "ms": 5.4}}, {"type": "Feature", "geometry": {"type": "Point", "coordinates": [125.88, 9.89]}, "properties": {"id": "PH-1870", "datetime_utc": "1991-10-23T12:49:39.200000Z", "year": 1991, "mag": 5.0, "mag_type": "Ms", "depth_km": 26.0, "ms": 5.0}}, {"type": "Feature", "geometry": {"type": "Point", "coordinates": [120.15, 13.27]}, "properties": {"id": "PH-1871", "datetime_utc": "1991-10-25T13:48:20.100000Z", "year": 1991, "mag": 5.5, "mag_type": "Ms", "depth_km": 6.0, "ms": 5.5}}, {"type": "Feature", "geometry": {"type": "Point", "coordinates": [123.39, 8.83]}, "properties": {"id": "PH-1872", "datetime_utc": "1991-11-02T14:59:54.400000Z", "year": 1991, "mag": 5.1, "mag_type": "Ms", "depth_km": 56.0, "ms": 5.1}}, {"type": "Feature", "geometry": {"type": "Point", "coordinates": [126.6, 8.09]}, "properties": {"id": "PH-1873", "datetime_utc": "1991-11-08T20:42:56.800000Z", "year": 1991, "mag": 5.2, "mag_type": "Ms", "depth_km": 17.0, "ms": 5.2}}, {"type": "Feature", "geometry": {"type": "Point", "coordinates": [127.37, 3.49]}, "properties": {"id": "PH-1874", "datetime_utc": "1991-11-11T16:40:09.500000Z", "year": 1991, "mag": 6.0, "mag_type": "Ms", "depth_km": 7.0, "ms": 6.0}}, {"type": "Feature", "geometry": {"type": "Point", "coordinates": [126.11, 8.31]}, "properties": {"id": "PH-1875", "datetime_utc": "1991-11-13T11:12:22.400000Z", "year": 1991, "mag": 6.4, "mag_type": "Ms", "depth_km": 68.0, "ms": 6.4}}, {"type": "Feature", "geometry": {"type": "Point", "coordinates": [125.18, 8.38]}, "properties": {"id": "PH-1876", "datetime_utc": "1991-11-18T11:07:53.700000Z", "year": 1991, "mag": 5.3, "mag_type": "Ms", "depth_km": 6.0, "ms": 5.3}}, {"type": "Feature", "geometry": {"type": "Point", "coordinates": [125.72, 7.05]}, "properties": {"id": "PH-1877", "datetime_utc": "1991-11-21T12:38:49Z", "year": 1991, "mag": 6.2, "mag_type": "Ms", "depth_km": 12.0, "ms": 6.2}}, {"type": "Feature", "geometry": {"type": "Point", "coordinates": [122.87, 9.24]}, "properties": {"id": "PH-1878", "datetime_utc": "1991-12-18T13:27:41.900000Z", "year": 1991, "mag": 5.4, "mag_type": "Ms", "depth_km": 15.0, "ms": 5.4}}, {"type": "Feature", "geometry": {"type": "Point", "coordinates": [125.06, 11.15]}, "properties": {"id": "PH-1879", "datetime_utc": "1991-12-18T21:44:08.600000Z", "year": 1991, "mag": 5.1, "mag_type": "Ms", "depth_km": 30.0, "ms": 5.1}}, {"type": "Feature", "geometry": {"type": "Point", "coordinates": [124.99, 7.1]}, "properties": {"id": "PH-1880", "datetime_utc": "1992-02-06T13:50:52.400000Z", "year": 1992, "mag": 5.3, "mag_type": "Ms", "depth_km": 14.0, "ms": 5.3}}, {"type": "Feature", "geometry": {"type": "Point", "coordinates": [123.96, 8.9]}, "properties": {"id": "PH-1881", "datetime_utc": "1992-02-07T13:00:55.800000Z", "year": 1992, "mag": 5.1, "mag_type": "Ms", "depth_km": 1.0, "ms": 5.1}}, {"type": "Feature", "geometry": {"type": "Point", "coordinates": [122.29, 21.23]}, "properties": {"id": "PH-1882", "datetime_utc": "1992-02-10T12:38:57.600000Z", "year": 1992, "mag": 5.5, "mag_type": "Ms", "depth_km": 7.0, "ms": 5.5}}, {"type": "Feature", "geometry": {"type": "Point", "coordinates": [124.28, 8.52]}, "properties": {"id": "PH-1883", "datetime_utc": "1992-03-17T05:14:28.800000Z", "year": 1992, "mag": 5.0, "mag_type": "Ms", "depth_km": 27.0, "ms": 5.0}}, {"type": "Feature", "geometry": {"type": "Point", "coordinates": [120.95, 17.15]}, "properties": {"id": "PH-1884", "datetime_utc": "1992-03-19T06:34:26.900000Z", "year": 1992, "mag": 5.9, "mag_type": "Ms", "depth_km": 3.0, "ms": 5.9}}, {"type": "Feature", "geometry": {"type": "Point", "coordinates": [120.89, 17.19]}, "properties": {"id": "PH-1885", "datetime_utc": "1992-03-19T06:45:39.400000Z", "year": 1992, "mag": 5.2, "mag_type": "Ms", "depth_km": 10.0, "ms": 5.2}}, {"type": "Feature", "geometry": {"type": "Point", "coordinates": [120.83, 17.25]}, "properties": {"id": "PH-1886", "datetime_utc": "1992-03-19T07:46:09.400000Z", "year": 1992, "mag": 5.0, "mag_type": "Ms", "depth_km": 3.0, "ms": 5.0}}, {"type": "Feature", "geometry": {"type": "Point", "coordinates": [124.92, 7.13]}, "properties": {"id": "PH-1887", "datetime_utc": "1992-03-24T22:48:03.400000Z", "year": 1992, "mag": 5.0, "mag_type": "Ms", "depth_km": 18.0, "ms": 5.0}}, {"type": "Feature", "geometry": {"type": "Point", "coordinates": [125.27, 8.86]}, "properties": {"id": "PH-1888", "datetime_utc": "1992-04-01T11:03:37.400000Z", "year": 1992, "mag": 5.1, "mag_type": "Ms", "depth_km": 3.0, "ms": 5.1}}, {"type": "Feature", "geometry": {"type": "Point", "coordinates": [124.59, 6.73]}, "properties": {"id": "PH-1889", "datetime_utc": "1992-05-07T22:12:43.100000Z", "year": 1992, "mag": 5.1, "mag_type": "Ms", "depth_km": 10.0, "ms": 5.1}}, {"type": "Feature", "geometry": {"type": "Point", "coordinates": [124.95, 7.76]}, "properties": {"id": "PH-1890", "datetime_utc": "1992-05-08T20:53:20.900000Z", "year": 1992, "mag": 5.6, "mag_type": "Ms", "depth_km": 33.0, "ms": 5.6}}, {"type": "Feature", "geometry": {"type": "Point", "coordinates": [125.06, 7.81]}, "properties": {"id": "PH-1891", "datetime_utc": "1992-05-09T02:25:55.100000Z", "year": 1992, "mag": 5.0, "mag_type": "Ms", "depth_km": 17.0, "ms": 5.0}}, {"type": "Feature", "geometry": {"type": "Point", "coordinates": [127.17, 7.14]}, "properties": {"id": "PH-1892", "datetime_utc": "1992-05-17T09:49:14.700000Z", "year": 1992, "mag": 6.1, "mag_type": "Ms", "depth_km": 20.0, "ms": 6.1}}, {"type": "Feature", "geometry": {"type": "Point", "coordinates": [126.95, 7.31]}, "properties": {"id": "PH-1893", "datetime_utc": "1992-05-17T10:15:31.600000Z", "year": 1992, "mag": 7.3, "mag_type": "Ms", "depth_km": 16.0, "ms": 7.3}}, {"type": "Feature", "geometry": {"type": "Point", "coordinates": [127.56, 7.16]}, "properties": {"id": "PH-1894", "datetime_utc": "1992-05-23T23:29:39.100000Z", "year": 1992, "mag": 5.2, "mag_type": "Ms", "depth_km": 14.0, "ms": 5.2}}, {"type": "Feature", "geometry": {"type": "Point", "coordinates": [119.96, 13.77]}, "properties": {"id": "PH-1895", "datetime_utc": "1992-05-25T08:31:31.900000Z", "year": 1992, "mag": 5.3, "mag_type": "Ms", "depth_km": 16.0, "ms": 5.3}}, {"type": "Feature", "geometry": {"type": "Point", "coordinates": [122.51, 16.36]}, "properties": {"id": "PH-1896", "datetime_utc": "1992-06-19T20:35:09.700000Z", "year": 1992, "mag": 5.0, "mag_type": "Ms", "depth_km": 17.0, "ms": 5.0}}, {"type": "Feature", "geometry": {"type": "Point", "coordinates": [126.85, 7.81]}, "properties": {"id": "PH-1897", "datetime_utc": "1992-07-08T23:10:03Z", "year": 1992, "mag": 5.0, "mag_type": "Ms", "depth_km": 70.0, "ms": 5.0}}, {"type": "Feature", "geometry": {"type": "Point", "coordinates": [126.15, 10.02]}, "properties": {"id": "PH-1898", "datetime_utc": "1992-08-04T18:01:24.100000Z", "year": 1992, "mag": 5.1, "mag_type": "Ms", "depth_km": 34.0, "ms": 5.1}}, {"type": "Feature", "geometry": {"type": "Point", "coordinates": [126.23, 10.06]}, "properties": {"id": "PH-1899", "datetime_utc": "1992-08-08T02:50:15.400000Z", "year": 1992, "mag": 5.5, "mag_type": "Ms", "depth_km": 20.0, "ms": 5.5}}, {"type": "Feature", "geometry": {"type": "Point", "coordinates": [124.78, 14.12]}, "properties": {"id": "PH-1900", "datetime_utc": "1992-08-19T06:04:55.700000Z", "year": 1992, "mag": 5.1, "mag_type": "Ms", "depth_km": 19.0, "ms": 5.1}}, {"type": "Feature", "geometry": {"type": "Point", "coordinates": [126.15, 11.08]}, "properties": {"id": "PH-1901", "datetime_utc": "1992-09-30T22:07:05.700000Z", "year": 1992, "mag": 5.1, "mag_type": "Ms", "depth_km": 20.0, "ms": 5.1}}, {"type": "Feature", "geometry": {"type": "Point", "coordinates": [123.67, 6.99]}, "properties": {"id": "PH-1902", "datetime_utc": "1992-10-29T07:29:58.300000Z", "year": 1992, "mag": 5.1, "mag_type": "Ms", "depth_km": 23.0, "ms": 5.1}}, {"type": "Feature", "geometry": {"type": "Point", "coordinates": [123.67, 6.99]}, "properties": {"id": "PH-1903", "datetime_utc": "1992-10-29T07:29:58.300000Z", "year": 1992, "mag": 5.1, "mag_type": "Ms", "depth_km": 23.0, "ms": 5.1}}, {"type": "Feature", "geometry": {"type": "Point", "coordinates": [121.01, 18.13]}, "properties": {"id": "PH-1904", "datetime_utc": "1993-01-08T19:26:38.100000Z", "year": 1993, "mag": 5.5, "mag_type": "Ms", "depth_km": 4.0, "ms": 5.5}}, {"type": "Feature", "geometry": {"type": "Point", "coordinates": [124.41, 11.74]}, "properties": {"id": "PH-1905", "datetime_utc": "1993-01-18T19:56:01.100000Z", "year": 1993, "mag": 5.0, "mag_type": "Ms", "depth_km": 130.0, "ms": 5.0}}, {"type": "Feature", "geometry": {"type": "Point", "coordinates": [125.92, 10.34]}, "properties": {"id": "PH-1906", "datetime_utc": "1993-02-04T14:56:50.300000Z", "year": 1993, "mag": 5.0, "mag_type": "Ms", "depth_km": 16.0, "ms": 5.0}}, {"type": "Feature", "geometry": {"type": "Point", "coordinates": [125.92, 10.34]}, "properties": {"id": "PH-1907", "datetime_utc": "1993-02-04T14:56:50.300000Z", "year": 1993, "mag": 5.4, "mag_type": "Ms", "depth_km": 16.0, "ms": 5.4}}, {"type": "Feature", "geometry": {"type": "Point", "coordinates": [120.62, 13.41]}, "properties": {"id": "PH-1908", "datetime_utc": "1993-03-29T03:50:55Z", "year": 1993, "mag": 5.3, "mag_type": "Ms", "depth_km": 22.0, "ms": 5.3}}, {"type": "Feature", "geometry": {"type": "Point", "coordinates": [120.58, 13.4]}, "properties": {"id": "PH-1909", "datetime_utc": "1993-03-29T07:31:50.900000Z", "year": 1993, "mag": 5.4, "mag_type": "Ms", "depth_km": 17.0, "ms": 5.4}}, {"type": "Feature", "geometry": {"type": "Point", "coordinates": [120.25, 14.95]}, "properties": {"id": "PH-1910", "datetime_utc": "1993-04-09T11:35:35.600000Z", "year": 1993, "mag": 5.3, "mag_type": "Ms", "depth_km": 14.0, "ms": 5.3}}, {"type": "Feature", "geometry": {"type": "Point", "coordinates": [126.22, 10.44]}, "properties": {"id": "PH-1911", "datetime_utc": "1993-04-15T19:43:38.500000Z", "year": 1993, "mag": 5.0, "mag_type": "Ms", "depth_km": 7.0, "ms": 5.0}}, {"type": "Feature", "geometry": {"type": "Point", "coordinates": [125.99, 8.21]}, "properties": {"id": "PH-1912", "datetime_utc": "1993-05-09T07:51:59.400000Z", "year": 1993, "mag": 5.2, "mag_type": "Ms", "depth_km": 19.0, "ms": 5.2}}, {"type": "Feature", "geometry": {"type": "Point", "coordinates": [126.51, 7.57]}, "properties": {"id": "PH-1913", "datetime_utc": "1993-05-11T18:46:54.400000Z", "year": 1993, "mag": 6.6, "mag_type": "Ms", "depth_km": 11.0, "ms": 6.6}}, {"type": "Feature", "geometry": {"type": "Point", "coordinates": [124.87, 7.14]}, "properties": {"id": "PH-1914", "datetime_utc": "1993-05-14T10:01:40.700000Z", "year": 1993, "mag": 5.2, "mag_type": "Ms", "depth_km": 29.0, "ms": 5.2}}, {"type": "Feature", "geometry": {"type": "Point", "coordinates": [126.82, 7.24]}, "properties": {"id": "PH-1915", "datetime_utc": "1993-05-15T01:55:40.200000Z", "year": 1993, "mag": 5.4, "mag_type": "Ms", "depth_km": 13.0, "ms": 5.4}}, {"type": "Feature", "geometry": {"type": "Point", "coordinates": [124.91, 11.07]}, "properties": {"id": "PH-1916", "datetime_utc": "1993-05-17T02:08:35.400000Z", "year": 1993, "mag": 5.5, "mag_type": "Ms", "depth_km": 20.0, "ms": 5.5}}, {"type": "Feature", "geometry": {"type": "Point", "coordinates": [122.33, 20.03]}, "properties": {"id": "PH-1917", "datetime_utc": "1993-05-18T10:19:36.200000Z", "year": 1993, "mag": 6.0, "mag_type": "Ms", "depth_km": 186.0, "ms": 6.0}}, {"type": "Feature", "geometry": {"type": "Point", "coordinates": [126.15, 7.08]}, "properties": {"id": "PH-1918", "datetime_utc": "1993-06-04T10:50:27.200000Z", "year": 1993, "mag": 5.7, "mag_type": "Ms", "depth_km": 17.0, "ms": 5.7}}, {"type": "Feature", "geometry": {"type": "Point", "coordinates": [126.29, 7.64]}, "properties": {"id": "PH-1919", "datetime_utc": "1993-07-24T02:02:38.500000Z", "year": 1993, "mag": 5.1, "mag_type": "Ms", "depth_km": 58.0, "ms": 5.1}}, {"type": "Feature", "geometry": {"type": "Point", "coordinates": [126.39, 7.7]}, "properties": {"id": "PH-1920", "datetime_utc": "1993-08-19T15:21:50.700000Z", "year": 1993, "mag": 5.7, "mag_type": "Ms", "depth_km": 8.0, "ms": 5.7}}, {"type": "Feature", "geometry": {"type": "Point", "coordinates": [126.69, 7.21]}, "properties": {"id": "PH-1921", "datetime_utc": "1993-08-19T21:52:08.200000Z", "year": 1993, "mag": 5.2, "mag_type": "Ms", "depth_km": 12.0, "ms": 5.2}}, {"type": "Feature", "geometry": {"type": "Point", "coordinates": [120.53, 13.73]}, "properties": {"id": "PH-1922", "datetime_utc": "1993-09-06T13:09:56.500000Z", "year": 1993, "mag": 5.3, "mag_type": "Ms", "depth_km": 120.0, "ms": 5.3}}, {"type": "Feature", "geometry": {"type": "Point", "coordinates": [121.42, 20.7]}, "properties": {"id": "PH-1923", "datetime_utc": "1993-09-11T17:36:37.400000Z", "year": 1993, "mag": 5.2, "mag_type": "Ms", "depth_km": 16.0, "ms": 5.2}}, {"type": "Feature", "geometry": {"type": "Point", "coordinates": [126.29, 7.36]}, "properties": {"id": "PH-1924", "datetime_utc": "1993-10-08T05:16:29.900000Z", "year": 1993, "mag": 5.0, "mag_type": "Ms", "depth_km": 8.0, "ms": 5.0}}, {"type": "Feature", "geometry": {"type": "Point", "coordinates": [123.4, 7.53]}, "properties": {"id": "PH-1925", "datetime_utc": "1993-10-16T10:52:28Z", "year": 1993, "mag": 5.6, "mag_type": "Ms", "depth_km": 33.0, "ms": 5.6}}, {"type": "Feature", "geometry": {"type": "Point", "coordinates": [125.28, 10.36]}, "properties": {"id": "PH-1926", "datetime_utc": "1993-10-18T11:32:13.400000Z", "year": 1993, "mag": 5.6, "mag_type": "Ms", "depth_km": 31.0, "ms": 5.6}}, {"type": "Feature", "geometry": {"type": "Point", "coordinates": [125.44, 11.41]}, "properties": {"id": "PH-1927", "datetime_utc": "1993-10-24T05:53:31.700000Z", "year": 1993, "mag": 5.7, "mag_type": "Ms", "depth_km": 23.0, "ms": 5.7}}, {"type": "Feature", "geometry": {"type": "Point", "coordinates": [125.67, 6.81]}, "properties": {"id": "PH-1928", "datetime_utc": "1993-10-27T07:18:46.200000Z", "year": 1993, "mag": 5.1, "mag_type": "Ms", "depth_km": 23.0, "ms": 5.1}}, {"type": "Feature", "geometry": {"type": "Point", "coordinates": [121.73, 15.44]}, "properties": {"id": "PH-1929", "datetime_utc": "1993-10-30T08:30:33.300000Z", "year": 1993, "mag": 5.1, "mag_type": "Ms", "depth_km": 8.0, "ms": 5.1}}, {"type": "Feature", "geometry": {"type": "Point", "coordinates": [125.7, 11.25]}, "properties": {"id": "PH-1930", "datetime_utc": "1993-11-04T13:09:44.200000Z", "year": 1993, "mag": 5.2, "mag_type": "Ms", "depth_km": 3.0, "ms": 5.2}}, {"type": "Feature", "geometry": {"type": "Point", "coordinates": [126.04, 6.81]}, "properties": {"id": "PH-1931", "datetime_utc": "1993-11-22T03:01:11.100000Z", "year": 1993, "mag": 5.3, "mag_type": "Ms", "depth_km": 23.0, "ms": 5.3}}, {"type": "Feature", "geometry": {"type": "Point", "coordinates": [125.72, 6.38]}, "properties": {"id": "PH-1932", "datetime_utc": "1993-11-23T15:02:13.500000Z", "year": 1993, "mag": 5.1, "mag_type": "Ms", "depth_km": 14.0, "ms": 5.1}}, {"type": "Feature", "geometry": {"type": "Point", "coordinates": [125.99, 6.46]}, "properties": {"id": "PH-1933", "datetime_utc": "1993-11-24T12:29:56.400000Z", "year": 1993, "mag": 5.6, "mag_type": "Ms", "depth_km": 59.0, "ms": 5.6}}, {"type": "Feature", "geometry": {"type": "Point", "coordinates": [125.98, 12.35]}, "properties": {"id": "PH-1934", "datetime_utc": "1993-11-25T21:45:19.900000Z", "year": 1993, "mag": 5.4, "mag_type": "Ms", "depth_km": 8.0, "ms": 5.4}}, {"type": "Feature", "geometry": {"type": "Point", "coordinates": [126.16, 7.54]}, "properties": {"id": "PH-1935", "datetime_utc": "1993-12-11T08:47:43Z", "year": 1993, "mag": 5.1, "mag_type": "Ms", "depth_km": 18.0, "ms": 5.1}}, {"type": "Feature", "geometry": {"type": "Point", "coordinates": [123.02, 13.73]}, "properties": {"id": "PH-1936", "datetime_utc": "1993-12-12T05:15:22.300000Z", "year": 1993, "mag": 5.3, "mag_type": "Ms", "depth_km": 8.0, "ms": 5.3}}, {"type": "Feature", "geometry": {"type": "Point", "coordinates": [127.05, 5.81]}, "properties": {"id": "PH-1937", "datetime_utc": "1993-12-19T10:31:29.400000Z", "year": 1993, "mag": 5.4, "mag_type": "Ms", "depth_km": 9.0, "ms": 5.4}}, {"type": "Feature", "geometry": {"type": "Point", "coordinates": [125.48, 12.6]}, "properties": {"id": "PH-1938", "datetime_utc": "1993-12-28T03:29:39.600000Z", "year": 1993, "mag": 5.3, "mag_type": "Ms", "depth_km": 8.0, "ms": 5.3}}, {"type": "Feature", "geometry": {"type": "Point", "coordinates": [125.47, 12.61]}, "properties": {"id": "PH-1939", "datetime_utc": "1993-12-28T04:35:19.600000Z", "year": 1993, "mag": 5.0, "mag_type": "Ms", "depth_km": 10.0, "ms": 5.0}}, {"type": "Feature", "geometry": {"type": "Point", "coordinates": [125.64, 9.77]}, "properties": {"id": "PH-1940", "datetime_utc": "1994-02-17T19:41:56.600000Z", "year": 1994, "mag": 5.6, "mag_type": "Ms", "depth_km": 9.0, "ms": 5.6}}, {"type": "Feature", "geometry": {"type": "Point", "coordinates": [120.75, 13.73]}, "properties": {"id": "PH-1941", "datetime_utc": "1994-02-20T21:48:14.700000Z", "year": 1994, "mag": 5.2, "mag_type": "Ms", "depth_km": 185.0, "ms": 5.2}}, {"type": "Feature", "geometry": {"type": "Point", "coordinates": [126.28, 8.95]}, "properties": {"id": "PH-1942", "datetime_utc": "1994-03-30T13:29:13.100000Z", "year": 1994, "mag": 6.0, "mag_type": "Ms", "depth_km": 10.0, "ms": 6.0}}, {"type": "Feature", "geometry": {"type": "Point", "coordinates": [120.69, 18.78]}, "properties": {"id": "PH-1943", "datetime_utc": "1994-04-21T08:00:13.600000Z", "year": 1994, "mag": 5.0, "mag_type": "Ms", "depth_km": 24.0, "ms": 5.0}}, {"type": "Feature", "geometry": {"type": "Point", "coordinates": [119.35, 13.13]}, "properties": {"id": "PH-1944", "datetime_utc": "1994-04-27T14:11:46.600000Z", "year": 1994, "mag": 5.7, "mag_type": "Ms", "depth_km": 48.0, "ms": 5.7}}, {"type": "Feature", "geometry": {"type": "Point", "coordinates": [123.3, 7.88]}, "properties": {"id": "PH-1945", "datetime_utc": "1994-05-13T20:12:25.400000Z", "year": 1994, "mag": 5.7, "mag_type": "Ms", "depth_km": 5.0, "ms": 5.7}}, {"type": "Feature", "geometry": {"type": "Point", "coordinates": [123.46, 6.52]}, "properties": {"id": "PH-1946", "datetime_utc": "1994-05-22T10:04:39.600000Z", "year": 1994, "mag": 5.5, "mag_type": "Ms", "depth_km": 20.0, "ms": 5.5}}, {"type": "Feature", "geometry": {"type": "Point", "coordinates": [124.14, 13.22]}, "properties": {"id": "PH-1947", "datetime_utc": "1994-06-09T16:22:25.400000Z", "year": 1994, "mag": 6.0, "mag_type": "Ms", "depth_km": 90.0, "ms": 6.0}}, {"type": "Feature", "geometry": {"type": "Point", "coordinates": [126.55, 7.58]}, "properties": {"id": "PH-1948", "datetime_utc": "1994-06-11T11:19:39Z", "year": 1994, "mag": 5.2, "mag_type": "Ms", "depth_km": 28.0, "ms": 5.2}}, {"type": "Feature", "geometry": {"type": "Point", "coordinates": [125.11, 10.39]}, "properties": {"id": "PH-1949", "datetime_utc": "1994-07-05T10:09:20.800000Z", "year": 1994, "mag": 6.2, "mag_type": "Ms", "depth_km": 3.0, "ms": 6.2}}, {"type": "Feature", "geometry": {"type": "Point", "coordinates": [125.9, 6.5]}, "properties": {"id": "PH-1950", "datetime_utc": "1994-07-06T09:13:19.400000Z", "year": 1994, "mag": 5.6, "mag_type": "Ms", "depth_km": 110.0, "ms": 5.6}}, {"type": "Feature", "geometry": {"type": "Point", "coordinates": [125.01, 10.13]}, "properties": {"id": "PH-1951", "datetime_utc": "1994-07-19T16:18:35.700000Z", "year": 1994, "mag": 5.4, "mag_type": "Ms", "depth_km": 10.0, "ms": 5.4}}, {"type": "Feature", "geometry": {"type": "Point", "coordinates": [127.23, 6.34]}, "properties": {"id": "PH-1952", "datetime_utc": "1994-08-27T16:03:46.700000Z", "year": 1994, "mag": 5.5, "mag_type": "Ms", "depth_km": 17.0, "ms": 5.5}}, {"type": "Feature", "geometry": {"type": "Point", "coordinates": [126.44, 5.71]}, "properties": {"id": "PH-1953", "datetime_utc": "1994-08-28T15:41:27.700000Z", "year": 1994, "mag": 5.8, "mag_type": "Ms", "depth_km": 30.0, "ms": 5.8}}, {"type": "Feature", "geometry": {"type": "Point", "coordinates": [126.31, 9.14]}, "properties": {"id": "PH-1954", "datetime_utc": "1994-08-30T07:08:48.900000Z", "year": 1994, "mag": 5.0, "mag_type": "Ms", "depth_km": 6.0, "ms": 5.0}}, {"type": "Feature", "geometry": {"type": "Point", "coordinates": [127.13, 7.48]}, "properties": {"id": "PH-1955", "datetime_utc": "1994-09-10T04:54:02Z", "year": 1994, "mag": 5.7, "mag_type": "Ms", "depth_km": 7.0, "ms": 5.7}}, {"type": "Feature", "geometry": {"type": "Point", "coordinates": [126.43, 7.56]}, "properties": {"id": "PH-1956", "datetime_utc": "1994-09-20T08:45:30.800000Z", "year": 1994, "mag": 5.6, "mag_type": "Ms", "depth_km": 4.0, "ms": 5.6}}, {"type": "Feature", "geometry": {"type": "Point", "coordinates": [124.83, 14.07]}, "properties": {"id": "PH-1957", "datetime_utc": "1994-10-12T06:02:45.900000Z", "year": 1994, "mag": 5.1, "mag_type": "Ms", "depth_km": 8.0, "ms": 5.1}}, {"type": "Feature", "geometry": {"type": "Point", "coordinates": [124.75, 13.94]}, "properties": {"id": "PH-1958", "datetime_utc": "1994-10-12T06:08:09Z", "year": 1994, "mag": 5.3, "mag_type": "Ms", "depth_km": 8.0, "ms": 5.3}}, {"type": "Feature", "geometry": {"type": "Point", "coordinates": [124.47, 14.15]}, "properties": {"id": "PH-1959", "datetime_utc": "1994-10-12T06:34:21.700000Z", "year": 1994, "mag": 5.2, "mag_type": "Ms", "depth_km": 7.0, "ms": 5.2}}, {"type": "Feature", "geometry": {"type": "Point", "coordinates": [124.64, 14.06]}, "properties": {"id": "PH-1960", "datetime_utc": "1994-10-12T06:43:38Z", "year": 1994, "mag": 6.6, "mag_type": "Ms", "depth_km": 8.0, "ms": 6.6}}, {"type": "Feature", "geometry": {"type": "Point", "coordinates": [126.19, 9.89]}, "properties": {"id": "PH-1961", "datetime_utc": "1994-10-19T00:02:49.100000Z", "year": 1994, "mag": 5.0, "mag_type": "Ms", "depth_km": 3.0, "ms": 5.0}}, {"type": "Feature", "geometry": {"type": "Point", "coordinates": [125.93, 7.55]}, "properties": {"id": "PH-1962", "datetime_utc": "1994-11-06T11:53:11.600000Z", "year": 1994, "mag": 5.7, "mag_type": "Ms", "depth_km": 23.0, "ms": 5.7}}, {"type": "Feature", "geometry": {"type": "Point", "coordinates": [121.09, 13.5]}, "properties": {"id": "PH-1963", "datetime_utc": "1994-11-14T19:15:27.800000Z", "year": 1994, "mag": 7.1, "mag_type": "Ms", "depth_km": 7.0, "mb": 6.1, "ms": 7.1}}, {"type": "Feature", "geometry": {"type": "Point", "coordinates": [120.92, 13.7]}, "properties": {"id": "PH-1964", "datetime_utc": "1994-11-15T00:35:55.500000Z", "year": 1994, "mag": 6.0, "mag_type": "Ms", "depth_km": 70.0, "ms": 6.0}}, {"type": "Feature", "geometry": {"type": "Point", "coordinates": [120.63, 13.41]}, "properties": {"id": "PH-1965", "datetime_utc": "1994-11-15T03:29:16.500000Z", "year": 1994, "mag": 5.3, "mag_type": "Ms", "depth_km": 33.0, "ms": 5.3}}, {"type": "Feature", "geometry": {"type": "Point", "coordinates": [121.19, 13.17]}, "properties": {"id": "PH-1966", "datetime_utc": "1994-11-15T06:25:11.200000Z", "year": 1994, "mag": 5.1, "mag_type": "Ms", "depth_km": 34.0, "ms": 5.1}}, {"type": "Feature", "geometry": {"type": "Point", "coordinates": [121.02, 12.57]}, "properties": {"id": "PH-1967", "datetime_utc": "1994-11-24T10:38:40.900000Z", "year": 1994, "mag": 5.2, "mag_type": "Ms", "depth_km": 9.0, "ms": 5.2}}, {"type": "Feature", "geometry": {"type": "Point", "coordinates": [126.18, 9.2]}, "properties": {"id": "PH-1968", "datetime_utc": "1995-01-06T21:59:33.300000Z", "year": 1995, "mag": 6.0, "mag_type": "Ms", "depth_km": 19.0, "ms": 6.0}}, {"type": "Feature", "geometry": {"type": "Point", "coordinates": [126.31, 5.05]}, "properties": {"id": "PH-1969", "datetime_utc": "1995-02-19T00:17:44.400000Z", "year": 1995, "mag": 5.5, "mag_type": "Ms", "depth_km": 7.0, "ms": 5.5}}, {"type": "Feature", "geometry": {"type": "Point", "coordinates": [120.7, 18.5]}, "properties": {"id": "PH-1970", "datetime_utc": "1995-02-20T11:47:59.500000Z", "year": 1995, "mag": 5.4, "mag_type": "Ms", "depth_km": 26.0, "ms": 5.4}}, {"type": "Feature", "geometry": {"type": "Point", "coordinates": [126.59, 6.27]}, "properties": {"id": "PH-1971", "datetime_utc": "1995-04-04T17:21:12Z", "year": 1995, "mag": 5.8, "mag_type": "Ms", "depth_km": 104.0, "ms": 5.8}}, {"type": "Feature", "geometry": {"type": "Point", "coordinates": [125.75, 6.29]}, "properties": {"id": "PH-1972", "datetime_utc": "1995-04-20T05:54:25.800000Z", "year": 1995, "mag": 5.0, "mag_type": "Ms", "depth_km": 4.0, "ms": 5.0}}, {"type": "Feature", "geometry": {"type": "Point", "coordinates": [126.79, 6.46]}, "properties": {"id": "PH-1973", "datetime_utc": "1995-04-20T08:45:17.200000Z", "year": 1995, "mag": 6.0, "mag_type": "Ms", "depth_km": 70.0, "ms": 6.0}}, {"type": "Feature", "geometry": {"type": "Point", "coordinates": [126.0, 12.1]}, "properties": {"id": "PH-1974", "datetime_utc": "1995-04-21T00:02:46.400000Z", "year": 1995, "mag": 5.2, "mag_type": "Ms", "depth_km": 8.0, "ms": 5.2}}, {"type": "Feature", "geometry": {"type": "Point", "coordinates": [125.9, 12.1]}, "properties": {"id": "PH-1975", "datetime_utc": "1995-04-21T00:09:53.400000Z", "year": 1995, "mag": 7.0, "mag_type": "Ms", "depth_km": 15.0, "ms": 7.0}}, {"type": "Feature", "geometry": {"type": "Point", "coordinates": [125.7, 12.1]}, "properties": {"id": "PH-1976", "datetime_utc": "1995-04-21T00:30:10.400000Z", "year": 1995, "mag": 5.0, "mag_type": "Ms", "depth_km": 9.0, "ms": 5.0}}, {"type": "Feature", "geometry": {"type": "Point", "coordinates": [125.6, 12.2]}, "properties": {"id": "PH-1977", "datetime_utc": "1995-04-21T00:34:48.400000Z", "year": 1995, "mag": 7.3, "mag_type": "Ms", "depth_km": 17.0, "mb": 6.3, "ms": 7.3}}, {"type": "Feature", "geometry": {"type": "Point", "coordinates": [125.9, 12.2]}, "properties": {"id": "PH-1978", "datetime_utc": "1995-04-21T05:15:37.500000Z", "year": 1995, "mag": 5.8, "mag_type": "Ms", "depth_km": 23.0, "ms": 5.8}}, {"type": "Feature", "geometry": {"type": "Point", "coordinates": [126.04, 12.23]}, "properties": {"id": "PH-1979", "datetime_utc": "1995-04-21T20:40:22.600000Z", "year": 1995, "mag": 5.2, "mag_type": "Ms", "depth_km": 21.0, "ms": 5.2}}, {"type": "Feature", "geometry": {"type": "Point", "coordinates": [125.63, 11.66]}, "properties": {"id": "PH-1980", "datetime_utc": "1995-04-22T14:54:08.900000Z", "year": 1995, "mag": 5.1, "mag_type": "Ms", "depth_km": 18.0, "ms": 5.1}}, {"type": "Feature", "geometry": {"type": "Point", "coordinates": [125.76, 12.55]}, "properties": {"id": "PH-1981", "datetime_utc": "1995-04-23T05:07:58.400000Z", "year": 1995, "mag": 6.3, "mag_type": "Ms", "depth_km": 13.0, "ms": 6.3}}, {"type": "Feature", "geometry": {"type": "Point", "coordinates": [125.62, 11.79]}, "properties": {"id": "PH-1982", "datetime_utc": "1995-04-23T05:30:05.900000Z", "year": 1995, "mag": 5.0, "mag_type": "Ms", "depth_km": 17.0, "ms": 5.0}}, {"type": "Feature", "geometry": {"type": "Point", "coordinates": [123.74, 6.2]}, "properties": {"id": "PH-1983", "datetime_utc": "1995-04-23T06:38:14.300000Z", "year": 1995, "mag": 5.2, "mag_type": "Ms", "depth_km": 556.0, "ms": 5.2}}, {"type": "Feature", "geometry": {"type": "Point", "coordinates": [125.74, 12.63]}, "properties": {"id": "PH-1984", "datetime_utc": "1995-04-24T17:04:42.200000Z", "year": 1995, "mag": 5.1, "mag_type": "Ms", "depth_km": 15.0, "ms": 5.1}}, {"type": "Feature", "geometry": {"type": "Point", "coordinates": [125.84, 12.46]}, "properties": {"id": "PH-1985", "datetime_utc": "1995-04-27T03:42:33.800000Z", "year": 1995, "mag": 5.7, "mag_type": "Ms", "depth_km": 22.0, "ms": 5.7}}, {"type": "Feature", "geometry": {"type": "Point", "coordinates": [126.06, 12.03]}, "properties": {"id": "PH-1986", "datetime_utc": "1995-04-29T09:43:57.200000Z", "year": 1995, "mag": 6.3, "mag_type": "Ms", "depth_km": 18.0, "ms": 6.3}}, {"type": "Feature", "geometry": {"type": "Point", "coordinates": [125.5, 12.8]}, "properties": {"id": "PH-1987", "datetime_utc": "1995-05-05T03:53:47.200000Z", "year": 1995, "mag": 6.9, "mag_type": "Ms", "depth_km": 34.0, "ms": 6.9}}, {"type": "Feature", "geometry": {"type": "Point", "coordinates": [126.12, 11.56]}, "properties": {"id": "PH-1988", "datetime_utc": "1995-05-08T18:05:08.500000Z", "year": 1995, "mag": 5.1, "mag_type": "Ms", "depth_km": 12.0, "ms": 5.1}}, {"type": "Feature", "geometry": {"type": "Point", "coordinates": [126.2, 11.69]}, "properties": {"id": "PH-1989", "datetime_utc": "1995-05-08T18:07:28.300000Z", "year": 1995, "mag": 5.6, "mag_type": "Ms", "depth_km": 36.0, "ms": 5.6}}, {"type": "Feature", "geometry": {"type": "Point", "coordinates": [126.18, 11.12]}, "properties": {"id": "PH-1990", "datetime_utc": "1995-05-15T20:04:11.500000Z", "year": 1995, "mag": 5.5, "mag_type": "Ms", "depth_km": 8.0, "ms": 5.5}}, {"type": "Feature", "geometry": {"type": "Point", "coordinates": [125.72, 12.73]}, "properties": {"id": "PH-1991", "datetime_utc": "1995-05-17T05:16:54.600000Z", "year": 1995, "mag": 5.0, "mag_type": "Ms", "depth_km": 21.0, "ms": 5.0}}, {"type": "Feature", "geometry": {"type": "Point", "coordinates": [126.3, 12.45]}, "properties": {"id": "PH-1992", "datetime_utc": "1995-05-17T19:33:38Z", "year": 1995, "mag": 5.6, "mag_type": "Ms", "depth_km": 13.0, "ms": 5.6}}, {"type": "Feature", "geometry": {"type": "Point", "coordinates": [124.59, 13.36]}, "properties": {"id": "PH-1993", "datetime_utc": "1995-05-19T21:50:46.700000Z", "year": 1995, "mag": 5.0, "mag_type": "Ms", "depth_km": 56.0, "ms": 5.0}}, {"type": "Feature", "geometry": {"type": "Point", "coordinates": [125.76, 12.42]}, "properties": {"id": "PH-1994", "datetime_utc": "1995-05-24T20:21:22.700000Z", "year": 1995, "mag": 5.4, "mag_type": "Ms", "depth_km": 14.0, "ms": 5.4}}, {"type": "Feature", "geometry": {"type": "Point", "coordinates": [121.31, 20.33]}, "properties": {"id": "PH-1995", "datetime_utc": "1995-05-25T18:18:20.900000Z", "year": 1995, "mag": 5.1, "mag_type": "Ms", "depth_km": 109.0, "ms": 5.1}}, {"type": "Feature", "geometry": {"type": "Point", "coordinates": [120.7, 18.4]}, "properties": {"id": "PH-1996", "datetime_utc": "1995-06-05T20:20:20.400000Z", "year": 1995, "mag": 5.9, "mag_type": "Ms", "depth_km": 20.0, "ms": 5.9}}, {"type": "Feature", "geometry": {"type": "Point", "coordinates": [123.74, 7.41]}, "properties": {"id": "PH-1997", "datetime_utc": "1995-06-06T13:44:04Z", "year": 1995, "mag": 5.0, "mag_type": "Ms", "depth_km": 6.0, "ms": 5.0}}, {"type": "Feature", "geometry": {"type": "Point", "coordinates": [126.1, 11.82]}, "properties": {"id": "PH-1998", "datetime_utc": "1995-06-11T19:20:49.500000Z", "year": 1995, "mag": 5.5, "mag_type": "Ms", "depth_km": 20.0, "ms": 5.5}}, {"type": "Feature", "geometry": {"type": "Point", "coordinates": [125.0, 12.28]}, "properties": {"id": "PH-1999", "datetime_utc": "1995-07-12T18:38:53.600000Z", "year": 1995, "mag": 5.2, "mag_type": "Ms", "depth_km": 43.0, "ms": 5.2}}, {"type": "Feature", "geometry": {"type": "Point", "coordinates": [121.3, 17.3]}, "properties": {"id": "PH-2000", "datetime_utc": "1995-07-25T20:54:04Z", "year": 1995, "mag": 5.0, "mag_type": "Ms", "depth_km": 24.0, "ms": 5.0}}, {"type": "Feature", "geometry": {"type": "Point", "coordinates": [126.2, 12.0]}, "properties": {"id": "PH-2001", "datetime_utc": "1995-08-01T06:34:48.900000Z", "year": 1995, "mag": 5.0, "mag_type": "Ms", "depth_km": 12.0, "ms": 5.0}}, {"type": "Feature", "geometry": {"type": "Point", "coordinates": [126.03, 11.97]}, "properties": {"id": "PH-2002", "datetime_utc": "1995-08-08T00:35:21.700000Z", "year": 1995, "mag": 5.3, "mag_type": "Ms", "depth_km": 19.0, "ms": 5.3}}, {"type": "Feature", "geometry": {"type": "Point", "coordinates": [125.4, 6.96]}, "properties": {"id": "PH-2003", "datetime_utc": "1995-11-04T02:09:54.500000Z", "year": 1995, "mag": 5.0, "mag_type": "Ms", "depth_km": 16.0, "ms": 5.0}}, {"type": "Feature", "geometry": {"type": "Point", "coordinates": [125.96, 9.64]}, "properties": {"id": "PH-2004", "datetime_utc": "1995-11-25T21:56:07.900000Z", "year": 1995, "mag": 5.0, "mag_type": "Ms", "depth_km": 5.0, "ms": 5.0}}, {"type": "Feature", "geometry": {"type": "Point", "coordinates": [121.0, 18.41]}, "properties": {"id": "PH-2005", "datetime_utc": "1995-12-20T16:20:55.800000Z", "year": 1995, "mag": 5.0, "mag_type": "Ms", "depth_km": 4.0, "ms": 5.0}}, {"type": "Feature", "geometry": {"type": "Point", "coordinates": [126.26, 9.17]}, "properties": {"id": "PH-2006", "datetime_utc": "1996-01-02T18:09:16.500000Z", "year": 1996, "mag": 5.0, "mag_type": "Ms", "depth_km": 32.0, "ms": 5.0}}, {"type": "Feature", "geometry": {"type": "Point", "coordinates": [126.83, 9.16]}, "properties": {"id": "PH-2007", "datetime_utc": "1996-01-27T17:48:06.100000Z", "year": 1996, "mag": 5.5, "mag_type": "Ms", "depth_km": 12.0, "ms": 5.5}}, {"type": "Feature", "geometry": {"type": "Point", "coordinates": [120.5, 14.13]}, "properties": {"id": "PH-2008", "datetime_utc": "1996-02-18T09:57:16.400000Z", "year": 1996, "mag": 5.0, "mag_type": "Ms", "depth_km": 260.0, "ms": 5.0}}, {"type": "Feature", "geometry": {"type": "Point", "coordinates": [126.16, 8.83]}, "properties": {"id": "PH-2009", "datetime_utc": "1996-03-12T03:44:28.500000Z", "year": 1996, "mag": 5.2, "mag_type": "Ms", "depth_km": 18.0, "ms": 5.2}}, {"type": "Feature", "geometry": {"type": "Point", "coordinates": [126.51, 9.09]}, "properties": {"id": "PH-2010", "datetime_utc": "1996-03-21T08:40:59.400000Z", "year": 1996, "mag": 5.1, "mag_type": "Ms", "depth_km": 13.0, "ms": 5.1}}, {"type": "Feature", "geometry": {"type": "Point", "coordinates": [126.71, 9.17]}, "properties": {"id": "PH-2011", "datetime_utc": "1996-03-21T21:43:23.600000Z", "year": 1996, "mag": 5.0, "mag_type": "Ms", "depth_km": 19.0, "ms": 5.0}}, {"type": "Feature", "geometry": {"type": "Point", "coordinates": [126.52, 9.13]}, "properties": {"id": "PH-2012", "datetime_utc": "1996-03-25T00:00:50Z", "year": 1996, "mag": 5.1, "mag_type": "Ms", "depth_km": 14.0, "ms": 5.1}}, {"type": "Feature", "geometry": {"type": "Point", "coordinates": [126.58, 10.53]}, "properties": {"id": "PH-2013", "datetime_utc": "1996-03-29T04:59:54.800000Z", "year": 1996, "mag": 5.4, "mag_type": "Ms", "depth_km": 17.0, "ms": 5.4}}, {"type": "Feature", "geometry": {"type": "Point", "coordinates": [126.01, 10.26]}, "properties": {"id": "PH-2014", "datetime_utc": "1996-04-06T04:04:37.500000Z", "year": 1996, "mag": 5.2, "mag_type": "Ms", "depth_km": 22.0, "ms": 5.2}}, {"type": "Feature", "geometry": {"type": "Point", "coordinates": [126.36, 10.51]}, "properties": {"id": "PH-2015", "datetime_utc": "1996-04-06T04:15:09.600000Z", "year": 1996, "mag": 5.3, "mag_type": "Ms", "depth_km": 15.0, "ms": 5.3}}, {"type": "Feature", "geometry": {"type": "Point", "coordinates": [126.26, 11.82]}, "properties": {"id": "PH-2016", "datetime_utc": "1996-04-17T23:56:20.400000Z", "year": 1996, "mag": 5.9, "mag_type": "Ms", "depth_km": 37.0, "ms": 5.9}}, {"type": "Feature", "geometry": {"type": "Point", "coordinates": [125.2, 13.02]}, "properties": {"id": "PH-2017", "datetime_utc": "1996-04-18T06:12:55.600000Z", "year": 1996, "mag": 5.7, "mag_type": "Ms", "depth_km": 13.0, "ms": 5.7}}, {"type": "Feature", "geometry": {"type": "Point", "coordinates": [125.49, 12.8]}, "properties": {"id": "PH-2018", "datetime_utc": "1996-04-21T15:45:40.500000Z", "year": 1996, "mag": 5.5, "mag_type": "Ms", "depth_km": 54.0, "ms": 5.5}}, {"type": "Feature", "geometry": {"type": "Point", "coordinates": [120.82, 17.49]}, "properties": {"id": "PH-2019", "datetime_utc": "1996-04-22T02:23:48.500000Z", "year": 1996, "mag": 5.4, "mag_type": "Ms", "depth_km": 18.0, "ms": 5.4}}, {"type": "Feature", "geometry": {"type": "Point", "coordinates": [120.33, 16.24]}, "properties": {"id": "PH-2020", "datetime_utc": "1996-05-02T06:30:23.100000Z", "year": 1996, "mag": 5.5, "mag_type": "Ms", "depth_km": 3.0, "ms": 5.5}}, {"type": "Feature", "geometry": {"type": "Point", "coordinates": [124.1, 9.98]}, "properties": {"id": "PH-2021", "datetime_utc": "1996-05-27T05:45:24.900000Z", "year": 1996, "mag": 5.6, "mag_type": "Ms", "depth_km": 3.0, "ms": 5.6}}, {"type": "Feature", "geometry": {"type": "Point", "coordinates": [125.47, 10.95]}, "properties": {"id": "PH-2022", "datetime_utc": "1996-05-31T10:15:22.400000Z", "year": 1996, "mag": 5.1, "mag_type": "Ms", "depth_km": 94.0, "ms": 5.1}}, {"type": "Feature", "geometry": {"type": "Point", "coordinates": [125.33, 12.81]}, "properties": {"id": "PH-2023", "datetime_utc": "1996-06-11T18:22:55.700000Z", "year": 1996, "mag": 7.0, "mag_type": "Ms", "depth_km": 27.0, "ms": 7.0}}, {"type": "Feature", "geometry": {"type": "Point", "coordinates": [125.26, 12.86]}, "properties": {"id": "PH-2024", "datetime_utc": "1996-06-11T18:34:10.900000Z", "year": 1996, "mag": 5.0, "mag_type": "Ms", "depth_km": 10.0, "ms": 5.0}}, {"type": "Feature", "geometry": {"type": "Point", "coordinates": [124.85, 12.7]}, "properties": {"id": "PH-2025", "datetime_utc": "1996-06-14T05:15:22.200000Z", "year": 1996, "mag": 5.0, "mag_type": "Ms", "depth_km": 7.0, "ms": 5.0}}, {"type": "Feature", "geometry": {"type": "Point", "coordinates": [124.92, 12.79]}, "properties": {"id": "PH-2026", "datetime_utc": "1996-06-14T15:04:42.300000Z", "year": 1996, "mag": 5.5, "mag_type": "Ms", "depth_km": 50.0, "ms": 5.5}}, {"type": "Feature", "geometry": {"type": "Point", "coordinates": [124.62, 12.71]}, "properties": {"id": "PH-2027", "datetime_utc": "1996-06-26T00:21:28.800000Z", "year": 1996, "mag": 5.4, "mag_type": "Ms", "depth_km": 20.0, "ms": 5.4}}, {"type": "Feature", "geometry": {"type": "Point", "coordinates": [126.02, 6.12]}, "properties": {"id": "PH-2028", "datetime_utc": "1996-06-28T20:45:33Z", "year": 1996, "mag": 5.4, "mag_type": "Ms", "depth_km": 79.0, "ms": 5.4}}, {"type": "Feature", "geometry": {"type": "Point", "coordinates": [125.67, 12.62]}, "properties": {"id": "PH-2029", "datetime_utc": "1996-07-01T04:52:09.600000Z", "year": 1996, "mag": 5.5, "mag_type": "Ms", "depth_km": 12.0, "ms": 5.5}}, {"type": "Feature", "geometry": {"type": "Point", "coordinates": [125.68, 13.0]}, "properties": {"id": "PH-2030", "datetime_utc": "1996-07-13T21:48:00.700000Z", "year": 1996, "mag": 5.0, "mag_type": "Ms", "depth_km": 11.0, "ms": 5.0}}, {"type": "Feature", "geometry": {"type": "Point", "coordinates": [120.34, 13.85]}, "properties": {"id": "PH-2031", "datetime_utc": "1996-07-20T09:14:05.400000Z", "year": 1996, "mag": 5.3, "mag_type": "Ms", "depth_km": 82.0, "ms": 5.3}}, {"type": "Feature", "geometry": {"type": "Point", "coordinates": [119.5, 14.7]}, "properties": {"id": "PH-2032", "datetime_utc": "1996-07-30T17:31:30.700000Z", "year": 1996, "mag": 5.8, "mag_type": "Ms", "depth_km": 7.0, "ms": 5.8}}, {"type": "Feature", "geometry": {"type": "Point", "coordinates": [124.7, 6.15]}, "properties": {"id": "PH-2033", "datetime_utc": "1996-08-04T15:39:33.300000Z", "year": 1996, "mag": 5.1, "mag_type": "Ms", "depth_km": 3.0, "ms": 5.1}}, {"type": "Feature", "geometry": {"type": "Point", "coordinates": [126.08, 12.07]}, "properties": {"id": "PH-2034", "datetime_utc": "1996-08-08T23:12:30.400000Z", "year": 1996, "mag": 5.2, "mag_type": "Ms", "depth_km": 8.0, "ms": 5.2}}, {"type": "Feature", "geometry": {"type": "Point", "coordinates": [127.03, 5.45]}, "properties": {"id": "PH-2035", "datetime_utc": "1996-08-13T10:07:14.700000Z", "year": 1996, "mag": 5.2, "mag_type": "Ms", "depth_km": 13.0, "ms": 5.2}}, {"type": "Feature", "geometry": {"type": "Point", "coordinates": [126.459, 9.202]}, "properties": {"id": "PH-2036", "datetime_utc": "1996-09-08T19:52:28.640000Z", "year": 1996, "mag": 5.2, "mag_type": "Ms", "depth_km": 33.0, "ms": 5.2}}, {"type": "Feature", "geometry": {"type": "Point", "coordinates": [126.52, 9.56]}, "properties": {"id": "PH-2037", "datetime_utc": "1996-09-18T05:29:03.900000Z", "year": 1996, "mag": 5.4, "mag_type": "Ms", "depth_km": 23.0, "ms": 5.4}}, {"type": "Feature", "geometry": {"type": "Point", "coordinates": [126.34, 9.55]}, "properties": {"id": "PH-2038", "datetime_utc": "1996-09-20T00:03:19.600000Z", "year": 1996, "mag": 5.9, "mag_type": "Ms", "depth_km": 12.0, "ms": 5.9}}, {"type": "Feature", "geometry": {"type": "Point", "coordinates": [126.51, 9.46]}, "properties": {"id": "PH-2039", "datetime_utc": "1996-09-20T04:10:29.100000Z", "year": 1996, "mag": 6.3, "mag_type": "Ms", "depth_km": 58.0, "ms": 6.3}}, {"type": "Feature", "geometry": {"type": "Point", "coordinates": [126.75, 9.55]}, "properties": {"id": "PH-2040", "datetime_utc": "1996-09-20T12:24:41Z", "year": 1996, "mag": 5.8, "mag_type": "Ms", "depth_km": 21.0, "ms": 5.8}}, {"type": "Feature", "geometry": {"type": "Point", "coordinates": [126.48, 9.55]}, "properties": {"id": "PH-2041", "datetime_utc": "1996-09-20T12:34:09.100000Z", "year": 1996, "mag": 5.1, "mag_type": "Ms", "depth_km": 73.0, "ms": 5.1}}, {"type": "Feature", "geometry": {"type": "Point", "coordinates": [126.56, 9.79]}, "properties": {"id": "PH-2042", "datetime_utc": "1996-09-20T18:51:10.800000Z", "year": 1996, "mag": 5.2, "mag_type": "Ms", "depth_km": 21.0, "ms": 5.2}}, {"type": "Feature", "geometry": {"type": "Point", "coordinates": [126.98, 9.59]}, "properties": {"id": "PH-2043", "datetime_utc": "1996-09-20T19:24:52.800000Z", "year": 1996, "mag": 5.1, "mag_type": "Ms", "depth_km": 15.0, "ms": 5.1}}, {"type": "Feature", "geometry": {"type": "Point", "coordinates": [126.94, 9.8]}, "properties": {"id": "PH-2044", "datetime_utc": "1996-09-20T20:15:19.200000Z", "year": 1996, "mag": 5.2, "mag_type": "Ms", "depth_km": 10.0, "ms": 5.2}}, {"type": "Feature", "geometry": {"type": "Point", "coordinates": [126.97, 9.77]}, "properties": {"id": "PH-2045", "datetime_utc": "1996-09-20T21:25:17.200000Z", "year": 1996, "mag": 5.7, "mag_type": "Ms", "depth_km": 18.0, "ms": 5.7}}, {"type": "Feature", "geometry": {"type": "Point", "coordinates": [127.27, 9.49]}, "properties": {"id": "PH-2046", "datetime_utc": "1996-09-21T00:40:21.800000Z", "year": 1996, "mag": 5.7, "mag_type": "Ms", "depth_km": 6.0, "ms": 5.7}}, {"type": "Feature", "geometry": {"type": "Point", "coordinates": [126.6, 9.64]}, "properties": {"id": "PH-2047", "datetime_utc": "1996-09-21T10:36:04.600000Z", "year": 1996, "mag": 5.0, "mag_type": "Ms", "depth_km": 19.0, "ms": 5.0}}, {"type": "Feature", "geometry": {"type": "Point", "coordinates": [127.0, 9.44]}, "properties": {"id": "PH-2048", "datetime_utc": "1996-09-21T18:17:19.200000Z", "year": 1996, "mag": 5.7, "mag_type": "Ms", "depth_km": 21.0, "ms": 5.7}}, {"type": "Feature", "geometry": {"type": "Point", "coordinates": [126.75, 9.51]}, "properties": {"id": "PH-2049", "datetime_utc": "1996-09-22T14:05:26.400000Z", "year": 1996, "mag": 5.0, "mag_type": "Ms", "depth_km": 43.0, "ms": 5.0}}, {"type": "Feature", "geometry": {"type": "Point", "coordinates": [126.75, 9.75]}, "properties": {"id": "PH-2050", "datetime_utc": "1996-09-25T09:26:41.500000Z", "year": 1996, "mag": 6.0, "mag_type": "Ms", "depth_km": 7.0, "ms": 6.0}}, {"type": "Feature", "geometry": {"type": "Point", "coordinates": [120.33, 13.7]}, "properties": {"id": "PH-2051", "datetime_utc": "1996-09-25T11:36:34.600000Z", "year": 1996, "mag": 5.0, "mag_type": "Ms", "depth_km": 138.0, "ms": 5.0}}, {"type": "Feature", "geometry": {"type": "Point", "coordinates": [127.11, 9.71]}, "properties": {"id": "PH-2052", "datetime_utc": "1996-09-26T03:45:21.600000Z", "year": 1996, "mag": 5.5, "mag_type": "Ms", "depth_km": 8.0, "ms": 5.5}}, {"type": "Feature", "geometry": {"type": "Point", "coordinates": [120.59, 16.33]}, "properties": {"id": "PH-2053", "datetime_utc": "1996-09-28T09:37:02.300000Z", "year": 1996, "mag": 5.3, "mag_type": "Ms", "depth_km": 4.0, "ms": 5.3}}, {"type": "Feature", "geometry": {"type": "Point", "coordinates": [125.41, 9.95]}, "properties": {"id": "PH-2054", "datetime_utc": "1996-09-28T14:10:42.600000Z", "year": 1996, "mag": 6.2, "mag_type": "Ms", "depth_km": 224.0, "ms": 6.2}}, {"type": "Feature", "geometry": {"type": "Point", "coordinates": [124.69, 11.0]}, "properties": {"id": "PH-2055", "datetime_utc": "1996-09-29T03:20:02.600000Z", "year": 1996, "mag": 5.3, "mag_type": "Ms", "depth_km": 3.0, "ms": 5.3}}, {"type": "Feature", "geometry": {"type": "Point", "coordinates": [125.64, 11.93]}, "properties": {"id": "PH-2056", "datetime_utc": "1996-10-02T09:48:01.700000Z", "year": 1996, "mag": 6.2, "mag_type": "Ms", "depth_km": 19.0, "ms": 6.2}}, {"type": "Feature", "geometry": {"type": "Point", "coordinates": [126.55, 9.2]}, "properties": {"id": "PH-2057", "datetime_utc": "1996-10-08T19:52:28.600000Z", "year": 1996, "mag": 5.2, "mag_type": "Ms", "depth_km": 5.0, "ms": 5.2}}, {"type": "Feature", "geometry": {"type": "Point", "coordinates": [126.17, 7.12]}, "properties": {"id": "PH-2058", "datetime_utc": "1996-10-10T08:22:44.300000Z", "year": 1996, "mag": 5.2, "mag_type": "Ms", "depth_km": 4.0, "ms": 5.2}}, {"type": "Feature", "geometry": {"type": "Point", "coordinates": [125.49, 6.4]}, "properties": {"id": "PH-2059", "datetime_utc": "1996-10-17T16:15:36.600000Z", "year": 1996, "mag": 5.6, "mag_type": "Ms", "depth_km": 7.0, "ms": 5.6}}, {"type": "Feature", "geometry": {"type": "Point", "coordinates": [126.06, 11.87]}, "properties": {"id": "PH-2060", "datetime_utc": "1996-10-18T03:59:12.200000Z", "year": 1996, "mag": 5.6, "mag_type": "Ms", "depth_km": 12.0, "ms": 5.6}}, {"type": "Feature", "geometry": {"type": "Point", "coordinates": [126.78, 10.02]}, "properties": {"id": "PH-2061", "datetime_utc": "1996-10-31T18:42:37.900000Z", "year": 1996, "mag": 5.4, "mag_type": "Ms", "depth_km": 109.0, "ms": 5.4}}, {"type": "Feature", "geometry": {"type": "Point", "coordinates": [126.44, 9.92]}, "properties": {"id": "PH-2062", "datetime_utc": "1996-10-31T19:37:53.700000Z", "year": 1996, "mag": 5.2, "mag_type": "Ms", "depth_km": 14.0, "ms": 5.2}}, {"type": "Feature", "geometry": {"type": "Point", "coordinates": [126.56, 9.68]}, "properties": {"id": "PH-2063", "datetime_utc": "1996-11-04T05:15:02.600000Z", "year": 1996, "mag": 5.0, "mag_type": "Ms", "depth_km": 7.0, "ms": 5.0}}, {"type": "Feature", "geometry": {"type": "Point", "coordinates": [126.48, 9.89]}, "properties": {"id": "PH-2064", "datetime_utc": "1996-11-04T12:53:35.800000Z", "year": 1996, "mag": 5.6, "mag_type": "Ms", "depth_km": 3.0, "ms": 5.6}}, {"type": "Feature", "geometry": {"type": "Point", "coordinates": [126.64, 9.83]}, "properties": {"id": "PH-2065", "datetime_utc": "1996-11-04T13:21:13Z", "year": 1996, "mag": 6.9, "mag_type": "Ms", "depth_km": 6.0, "ms": 6.9}}, {"type": "Feature", "geometry": {"type": "Point", "coordinates": [126.79, 9.95]}, "properties": {"id": "PH-2066", "datetime_utc": "1996-11-04T17:01:30.600000Z", "year": 1996, "mag": 5.5, "mag_type": "Ms", "depth_km": 6.0, "ms": 5.5}}, {"type": "Feature", "geometry": {"type": "Point", "coordinates": [126.65, 9.81]}, "properties": {"id": "PH-2067", "datetime_utc": "1996-11-04T20:04:41.900000Z", "year": 1996, "mag": 5.3, "mag_type": "Ms", "depth_km": 21.0, "ms": 5.3}}, {"type": "Feature", "geometry": {"type": "Point", "coordinates": [126.8, 9.86]}, "properties": {"id": "PH-2068", "datetime_utc": "1996-11-05T16:31:21.100000Z", "year": 1996, "mag": 5.4, "mag_type": "Ms", "depth_km": 12.0, "ms": 5.4}}, {"type": "Feature", "geometry": {"type": "Point", "coordinates": [127.66, 9.96]}, "properties": {"id": "PH-2069", "datetime_utc": "1996-11-05T19:29:00.800000Z", "year": 1996, "mag": 5.7, "mag_type": "Ms", "depth_km": 91.0, "ms": 5.7}}, {"type": "Feature", "geometry": {"type": "Point", "coordinates": [126.8, 9.83]}, "properties": {"id": "PH-2070", "datetime_utc": "1996-11-07T06:10:12.900000Z", "year": 1996, "mag": 5.7, "mag_type": "Ms", "depth_km": 14.0, "ms": 5.7}}, {"type": "Feature", "geometry": {"type": "Point", "coordinates": [126.61, 10.07]}, "properties": {"id": "PH-2071", "datetime_utc": "1996-11-10T18:15:21.300000Z", "year": 1996, "mag": 5.6, "mag_type": "Ms", "depth_km": 72.0, "ms": 5.6}}, {"type": "Feature", "geometry": {"type": "Point", "coordinates": [120.42, 16.37]}, "properties": {"id": "PH-2072", "datetime_utc": "1996-11-20T17:58:03.100000Z", "year": 1996, "mag": 5.5, "mag_type": "Ms", "depth_km": 8.0, "ms": 5.5}}, {"type": "Feature", "geometry": {"type": "Point", "coordinates": [127.15, 10.1]}, "properties": {"id": "PH-2073", "datetime_utc": "1996-11-20T19:43:00.100000Z", "year": 1996, "mag": 5.8, "mag_type": "Ms", "depth_km": 38.0, "ms": 5.8}}, {"type": "Feature", "geometry": {"type": "Point", "coordinates": [126.45, 6.5]}, "properties": {"id": "PH-2074", "datetime_utc": "1996-11-21T07:43:37.900000Z", "year": 1996, "mag": 5.7, "mag_type": "Ms", "depth_km": 12.0, "ms": 5.7}}, {"type": "Feature", "geometry": {"type": "Point", "coordinates": [125.55, 9.71]}, "properties": {"id": "PH-2075", "datetime_utc": "1996-12-03T20:47:54.700000Z", "year": 1996, "mag": 5.1, "mag_type": "Ms", "depth_km": 7.0, "ms": 5.1}}, {"type": "Feature", "geometry": {"type": "Point", "coordinates": [120.34, 16.35]}, "properties": {"id": "PH-2076", "datetime_utc": "1996-12-05T10:38:51.100000Z", "year": 1996, "mag": 5.8, "mag_type": "Ms", "depth_km": 14.0, "ms": 5.8}}, {"type": "Feature", "geometry": {"type": "Point", "coordinates": [126.3, 10.2]}, "properties": {"id": "PH-2077", "datetime_utc": "1996-12-14T16:25:54Z", "year": 1996, "mag": 5.2, "mag_type": "Ms", "depth_km": 6.0, "ms": 5.2}}, {"type": "Feature", "geometry": {"type": "Point", "coordinates": [121.36, 19.96]}, "properties": {"id": "PH-2078", "datetime_utc": "1997-01-19T04:33:22.700000Z", "year": 1997, "mag": 5.7, "mag_type": "Ms", "depth_km": 23.0, "ms": 5.7}}, {"type": "Feature", "geometry": {"type": "Point", "coordinates": [126.36, 9.98]}, "properties": {"id": "PH-2079", "datetime_utc": "1997-01-20T08:33:53.700000Z", "year": 1997, "mag": 5.3, "mag_type": "Ms", "depth_km": 18.0, "ms": 5.3}}, {"type": "Feature", "geometry": {"type": "Point", "coordinates": [120.16, 17.98]}, "properties": {"id": "PH-2080", "datetime_utc": "1997-01-30T21:42:47.400000Z", "year": 1997, "mag": 5.0, "mag_type": "Ms", "depth_km": 23.0, "ms": 5.0}}, {"type": "Feature", "geometry": {"type": "Point", "coordinates": [126.39, 8.11]}, "properties": {"id": "PH-2081", "datetime_utc": "1997-03-11T19:21:24.600000Z", "year": 1997, "mag": 6.7, "mag_type": "Ms", "depth_km": 100.0, "ms": 6.7}}, {"type": "Feature", "geometry": {"type": "Point", "coordinates": [121.01, 13.61]}, "properties": {"id": "PH-2082", "datetime_utc": "1997-03-12T14:51:48.300000Z", "year": 1997, "mag": 5.9, "mag_type": "Ms", "depth_km": 12.0, "ms": 5.9}}, {"type": "Feature", "geometry": {"type": "Point", "coordinates": [127.22, 7.53]}, "properties": {"id": "PH-2083", "datetime_utc": "1997-03-15T09:24:09.900000Z", "year": 1997, "mag": 5.1, "mag_type": "Ms", "depth_km": 15.0, "ms": 5.1}}, {"type": "Feature", "geometry": {"type": "Point", "coordinates": [120.19, 18.01]}, "properties": {"id": "PH-2084", "datetime_utc": "1997-03-18T13:02:16.800000Z", "year": 1997, "mag": 5.3, "mag_type": "Ms", "depth_km": 26.0, "ms": 5.3}}, {"type": "Feature", "geometry": {"type": "Point", "coordinates": [120.75, 18.5]}, "properties": {"id": "PH-2085", "datetime_utc": "1997-04-08T18:07:10.100000Z", "year": 1997, "mag": 6.0, "mag_type": "Ms", "depth_km": 80.0, "ms": 6.0}}, {"type": "Feature", "geometry": {"type": "Point", "coordinates": [126.52, 7.95]}, "properties": {"id": "PH-2086", "datetime_utc": "1997-04-13T04:53:59.400000Z", "year": 1997, "mag": 5.0, "mag_type": "Ms", "depth_km": 23.0, "ms": 5.0}}, {"type": "Feature", "geometry": {"type": "Point", "coordinates": [126.49, 9.94]}, "properties": {"id": "PH-2087", "datetime_utc": "1997-04-14T09:24:14.500000Z", "year": 1997, "mag": 5.2, "mag_type": "Ms", "depth_km": 3.0, "ms": 5.2}}, {"type": "Feature", "geometry": {"type": "Point", "coordinates": [118.31, 15.2]}, "properties": {"id": "PH-2088", "datetime_utc": "1997-05-01T23:07:56.300000Z", "year": 1997, "mag": 5.0, "mag_type": "Ms", "depth_km": 39.0, "ms": 5.0}}, {"type": "Feature", "geometry": {"type": "Point", "coordinates": [119.92, 15.15]}, "properties": {"id": "PH-2089", "datetime_utc": "1997-05-05T05:44:20.200000Z", "year": 1997, "mag": 5.5, "mag_type": "Ms", "depth_km": 14.0, "ms": 5.5}}, {"type": "Feature", "geometry": {"type": "Point", "coordinates": [121.48, 10.16]}, "properties": {"id": "PH-2090", "datetime_utc": "1997-05-12T13:45:21.400000Z", "year": 1997, "mag": 5.7, "mag_type": "Ms", "depth_km": 7.0, "ms": 5.7}}, {"type": "Feature", "geometry": {"type": "Point", "coordinates": [121.22, 19.06]}, "properties": {"id": "PH-2091", "datetime_utc": "1997-05-22T13:21:38Z", "year": 1997, "mag": 5.4, "mag_type": "Ms", "depth_km": 8.0, "ms": 5.4}}, {"type": "Feature", "geometry": {"type": "Point", "coordinates": [125.41, 9.84]}, "properties": {"id": "PH-2092", "datetime_utc": "1997-06-11T04:45:26.400000Z", "year": 1997, "mag": 5.5, "mag_type": "Ms", "depth_km": 15.0, "ms": 5.5}}, {"type": "Feature", "geometry": {"type": "Point", "coordinates": [126.22, 6.98]}, "properties": {"id": "PH-2093", "datetime_utc": "1997-06-21T10:09:30.100000Z", "year": 1997, "mag": 5.0, "mag_type": "Ms", "depth_km": 81.0, "ms": 5.0}}, {"type": "Feature", "geometry": {"type": "Point", "coordinates": [121.57, 20.88]}, "properties": {"id": "PH-2094", "datetime_utc": "1997-06-22T09:36:20.700000Z", "year": 1997, "mag": 5.3, "mag_type": "Ms", "depth_km": 15.0, "ms": 5.3}}, {"type": "Feature", "geometry": {"type": "Point", "coordinates": [126.64, 7.87]}, "properties": {"id": "PH-2095", "datetime_utc": "1997-07-10T03:40:31.400000Z", "year": 1997, "mag": 5.2, "mag_type": "Ms", "depth_km": 31.0, "ms": 5.2}}, {"type": "Feature", "geometry": {"type": "Point", "coordinates": [126.22, 10.19]}, "properties": {"id": "PH-2096", "datetime_utc": "1997-07-21T10:44:37.400000Z", "year": 1997, "mag": 5.3, "mag_type": "Ms", "depth_km": 19.0, "ms": 5.3}}, {"type": "Feature", "geometry": {"type": "Point", "coordinates": [122.58, 15.2]}, "properties": {"id": "PH-2097", "datetime_utc": "1997-07-22T22:53:36.900000Z", "year": 1997, "mag": 5.2, "mag_type": "Ms", "depth_km": 11.0, "ms": 5.2}}, {"type": "Feature", "geometry": {"type": "Point", "coordinates": [125.8, 12.74]}, "properties": {"id": "PH-2098", "datetime_utc": "1997-07-26T15:37:24.700000Z", "year": 1997, "mag": 5.0, "mag_type": "Ms", "depth_km": 27.0, "ms": 5.0}}, {"type": "Feature", "geometry": {"type": "Point", "coordinates": [126.62, 9.05]}, "properties": {"id": "PH-2099", "datetime_utc": "1997-08-05T14:46:40.400000Z", "year": 1997, "mag": 5.0, "mag_type": "Ms", "depth_km": 33.0, "ms": 5.0}}, {"type": "Feature", "geometry": {"type": "Point", "coordinates": [126.24, 6.31]}, "properties": {"id": "PH-2100", "datetime_utc": "1997-08-10T14:13:08.700000Z", "year": 1997, "mag": 5.3, "mag_type": "Ms", "depth_km": 6.0, "ms": 5.3}}, {"type": "Feature", "geometry": {"type": "Point", "coordinates": [127.29, 7.11]}, "properties": {"id": "PH-2101", "datetime_utc": "1997-08-21T20:27:21Z", "year": 1997, "mag": 5.1, "mag_type": "Ms", "depth_km": 37.0, "ms": 5.1}}, {"type": "Feature", "geometry": {"type": "Point", "coordinates": [127.5, 9.42]}, "properties": {"id": "PH-2102", "datetime_utc": "1997-08-30T21:53:29.900000Z", "year": 1997, "mag": 5.0, "mag_type": "Ms", "depth_km": 13.0, "ms": 5.0}}, {"type": "Feature", "geometry": {"type": "Point", "coordinates": [126.65, 7.99]}, "properties": {"id": "PH-2103", "datetime_utc": "1997-09-15T13:05:43.900000Z", "year": 1997, "mag": 5.9, "mag_type": "Ms", "depth_km": 42.0, "ms": 5.9}}, {"type": "Feature", "geometry": {"type": "Point", "coordinates": [121.27, 19.43]}, "properties": {"id": "PH-2104", "datetime_utc": "1997-09-17T15:26:52.700000Z", "year": 1997, "mag": 5.5, "mag_type": "Ms", "depth_km": 12.0, "ms": 5.5}}, {"type": "Feature", "geometry": {"type": "Point", "coordinates": [126.36, 9.99]}, "properties": {"id": "PH-2105", "datetime_utc": "1997-09-26T20:44:26.600000Z", "year": 1997, "mag": 5.0, "mag_type": "Ms", "depth_km": 19.0, "ms": 5.0}}, {"type": "Feature", "geometry": {"type": "Point", "coordinates": [125.46, 6.18]}, "properties": {"id": "PH-2106", "datetime_utc": "1997-10-05T19:00:11.600000Z", "year": 1997, "mag": 5.3, "mag_type": "Ms", "depth_km": 190.0, "ms": 5.3}}, {"type": "Feature", "geometry": {"type": "Point", "coordinates": [126.01, 10.15]}, "properties": {"id": "PH-2107", "datetime_utc": "1997-10-06T03:08:14.600000Z", "year": 1997, "mag": 5.2, "mag_type": "Ms", "depth_km": 21.0, "ms": 5.2}}, {"type": "Feature", "geometry": {"type": "Point", "coordinates": [126.17, 9.75]}, "properties": {"id": "PH-2108", "datetime_utc": "1997-10-06T12:30:04.500000Z", "year": 1997, "mag": 6.6, "mag_type": "Ms", "depth_km": 140.0, "ms": 6.6}}, {"type": "Feature", "geometry": {"type": "Point", "coordinates": [127.51, 7.35]}, "properties": {"id": "PH-2109", "datetime_utc": "1997-10-26T08:43:29Z", "year": 1997, "mag": 5.8, "mag_type": "Ms", "depth_km": 8.0, "ms": 5.8}}, {"type": "Feature", "geometry": {"type": "Point", "coordinates": [127.07, 8.21]}, "properties": {"id": "PH-2110", "datetime_utc": "1997-11-29T00:38:29.200000Z", "year": 1997, "mag": 5.0, "mag_type": "Ms", "depth_km": 4.0, "ms": 5.0}}, {"type": "Feature", "geometry": {"type": "Point", "coordinates": [126.24, 10.14]}, "properties": {"id": "PH-2111", "datetime_utc": "1997-12-20T15:45:45.300000Z", "year": 1997, "mag": 5.3, "mag_type": "Ms", "depth_km": 24.0, "ms": 5.3}}, {"type": "Feature", "geometry": {"type": "Point", "coordinates": [125.19, 13.32]}, "properties": {"id": "PH-2112", "datetime_utc": "1997-12-23T09:52:01.700000Z", "year": 1997, "mag": 5.1, "mag_type": "Ms", "depth_km": 40.0, "ms": 5.1}}, {"type": "Feature", "geometry": {"type": "Point", "coordinates": [125.3, 13.27]}, "properties": {"id": "PH-2113", "datetime_utc": "1997-12-23T10:02:58.600000Z", "year": 1997, "mag": 5.5, "mag_type": "Ms", "depth_km": 54.0, "ms": 5.5}}, {"type": "Feature", "geometry": {"type": "Point", "coordinates": [121.94, 14.8]}, "properties": {"id": "PH-2114", "datetime_utc": "1998-01-04T04:24:10.800000Z", "year": 1998, "mag": 5.4, "mag_type": "Ms", "depth_km": 3.0, "ms": 5.4}}, {"type": "Feature", "geometry": {"type": "Point", "coordinates": [125.73, 11.75]}, "properties": {"id": "PH-2115", "datetime_utc": "1998-01-27T21:14:22.700000Z", "year": 1998, "mag": 5.7, "mag_type": "Ms", "depth_km": 3.0, "ms": 5.7}}, {"type": "Feature", "geometry": {"type": "Point", "coordinates": [125.06, 10.37]}, "properties": {"id": "PH-2116", "datetime_utc": "1998-02-11T13:14:43Z", "year": 1998, "mag": 5.9, "mag_type": "Ms", "depth_km": 21.0, "ms": 5.9}}, {"type": "Feature", "geometry": {"type": "Point", "coordinates": [122.46, 20.1]}, "properties": {"id": "PH-2117", "datetime_utc": "1998-03-08T00:35:45.100000Z", "year": 1998, "mag": 5.4, "mag_type": "Ms", "depth_km": 5.0, "ms": 5.4}}, {"type": "Feature", "geometry": {"type": "Point", "coordinates": [122.07, 10.14]}, "properties": {"id": "PH-2118", "datetime_utc": "1998-03-09T15:03:44Z", "year": 1998, "mag": 5.3, "mag_type": "Ms", "depth_km": 39.0, "ms": 5.3}}, {"type": "Feature", "geometry": {"type": "Point", "coordinates": [126.04, 6.43]}, "properties": {"id": "PH-2119", "datetime_utc": "1998-03-11T00:37:45.300000Z", "year": 1998, "mag": 5.3, "mag_type": "Ms", "depth_km": 38.0, "ms": 5.3}}, {"type": "Feature", "geometry": {"type": "Point", "coordinates": [121.49, 10.18]}, "properties": {"id": "PH-2120", "datetime_utc": "1998-03-15T16:42:50.500000Z", "year": 1998, "mag": 5.0, "mag_type": "Ms", "depth_km": 10.0, "ms": 5.0}}, {"type": "Feature", "geometry": {"type": "Point", "coordinates": [121.18, 13.12]}, "properties": {"id": "PH-2121", "datetime_utc": "1998-03-23T20:24:35.500000Z", "year": 1998, "mag": 5.1, "mag_type": "Ms", "depth_km": 3.0, "ms": 5.1}}, {"type": "Feature", "geometry": {"type": "Point", "coordinates": [126.1, 9.89]}, "properties": {"id": "PH-2122", "datetime_utc": "1998-04-04T16:07:22.600000Z", "year": 1998, "mag": 5.8, "mag_type": "Ms", "depth_km": 23.0, "ms": 5.8}}, {"type": "Feature", "geometry": {"type": "Point", "coordinates": [126.79, 7.55]}, "properties": {"id": "PH-2123", "datetime_utc": "1998-04-25T15:33:29Z", "year": 1998, "mag": 5.1, "mag_type": "Ms", "depth_km": 27.0, "ms": 5.1}}, {"type": "Feature", "geometry": {"type": "Point", "coordinates": [122.02, 20.58]}, "properties": {"id": "PH-2124", "datetime_utc": "1998-05-05T03:11:02.800000Z", "year": 1998, "mag": 5.3, "mag_type": "Ms", "depth_km": 14.0, "ms": 5.3}}, {"type": "Feature", "geometry": {"type": "Point", "coordinates": [121.08, 18.89]}, "properties": {"id": "PH-2125", "datetime_utc": "1998-05-06T01:53:07.400000Z", "year": 1998, "mag": 5.1, "mag_type": "Ms", "depth_km": 3.0, "ms": 5.1}}, {"type": "Feature", "geometry": {"type": "Point", "coordinates": [123.64, 12.56]}, "properties": {"id": "PH-2126", "datetime_utc": "1998-05-07T13:53:47Z", "year": 1998, "mag": 5.1, "mag_type": "Ms", "depth_km": 16.0, "ms": 5.1}}, {"type": "Feature", "geometry": {"type": "Point", "coordinates": [120.97, 19.63]}, "properties": {"id": "PH-2127", "datetime_utc": "1998-05-09T02:16:18Z", "year": 1998, "mag": 5.0, "mag_type": "Ms", "depth_km": 11.0, "ms": 5.0}}, {"type": "Feature", "geometry": {"type": "Point", "coordinates": [125.62, 9.38]}, "properties": {"id": "PH-2128", "datetime_utc": "1998-05-18T11:46:09.700000Z", "year": 1998, "mag": 5.0, "mag_type": "Ms", "depth_km": 18.0, "ms": 5.0}}, {"type": "Feature", "geometry": {"type": "Point", "coordinates": [124.0, 8.37]}, "properties": {"id": "PH-2129", "datetime_utc": "1998-05-23T17:44:48.700000Z", "year": 1998, "mag": 6.2, "mag_type": "Ms", "depth_km": 623.0, "ms": 6.2}}, {"type": "Feature", "geometry": {"type": "Point", "coordinates": [126.76, 9.72]}, "properties": {"id": "PH-2130", "datetime_utc": "1998-05-25T19:04:45.100000Z", "year": 1998, "mag": 5.3, "mag_type": "Ms", "depth_km": 8.0, "ms": 5.3}}, {"type": "Feature", "geometry": {"type": "Point", "coordinates": [119.8, 17.3]}, "properties": {"id": "PH-2131", "datetime_utc": "1998-07-07T13:34:23.300000Z", "year": 1998, "mag": 5.0, "mag_type": "Ms", "depth_km": 19.0, "ms": 5.0}}, {"type": "Feature", "geometry": {"type": "Point", "coordinates": [121.15, 19.96]}, "properties": {"id": "PH-2132", "datetime_utc": "1998-07-07T18:30:18.700000Z", "year": 1998, "mag": 5.2, "mag_type": "Ms", "depth_km": 30.0, "ms": 5.2}}, {"type": "Feature", "geometry": {"type": "Point", "coordinates": [126.16, 10.14]}, "properties": {"id": "PH-2133", "datetime_utc": "1998-07-13T23:06:12.300000Z", "year": 1998, "mag": 5.2, "mag_type": "Ms", "depth_km": 20.0, "ms": 5.2}}, {"type": "Feature", "geometry": {"type": "Point", "coordinates": [125.98, 6.29]}, "properties": {"id": "PH-2134", "datetime_utc": "1998-07-18T16:04:27Z", "year": 1998, "mag": 5.3, "mag_type": "Ms", "depth_km": 133.0, "ms": 5.3}}, {"type": "Feature", "geometry": {"type": "Point", "coordinates": [121.76, 20.42]}, "properties": {"id": "PH-2135", "datetime_utc": "1998-07-24T18:44:13Z", "year": 1998, "mag": 5.9, "mag_type": "Ms", "depth_km": 3.0, "ms": 5.9}}, {"type": "Feature", "geometry": {"type": "Point", "coordinates": [123.71, 12.36]}, "properties": {"id": "PH-2136", "datetime_utc": "1998-08-01T21:21:31.600000Z", "year": 1998, "mag": 5.7, "mag_type": "Ms", "depth_km": 8.0, "ms": 5.7}}, {"type": "Feature", "geometry": {"type": "Point", "coordinates": [119.9, 14.73]}, "properties": {"id": "PH-2137", "datetime_utc": "1998-08-23T05:36:12.800000Z", "year": 1998, "mag": 6.1, "mag_type": "Ms", "depth_km": 35.0, "ms": 6.1}}, {"type": "Feature", "geometry": {"type": "Point", "coordinates": [126.63, 5.57]}, "properties": {"id": "PH-2138", "datetime_utc": "1998-09-02T08:37:33.800000Z", "year": 1998, "mag": 7.0, "mag_type": "Ms", "depth_km": 44.0, "ms": 7.0}}, {"type": "Feature", "geometry": {"type": "Point", "coordinates": [125.86, 8.28]}, "properties": {"id": "PH-2139", "datetime_utc": "1998-09-03T02:01:34.500000Z", "year": 1998, "mag": 5.4, "mag_type": "Ms", "depth_km": 5.0, "ms": 5.4}}, {"type": "Feature", "geometry": {"type": "Point", "coordinates": [125.0, 10.18]}, "properties": {"id": "PH-2140", "datetime_utc": "1998-09-03T11:07:27.900000Z", "year": 1998, "mag": 5.5, "mag_type": "Ms", "depth_km": 4.0, "ms": 5.5}}, {"type": "Feature", "geometry": {"type": "Point", "coordinates": [123.13, 14.19]}, "properties": {"id": "PH-2141", "datetime_utc": "1998-09-21T07:03:01.900000Z", "year": 1998, "mag": 5.4, "mag_type": "Ms", "depth_km": 3.0, "ms": 5.4}}, {"type": "Feature", "geometry": {"type": "Point", "coordinates": [125.5, 9.71]}, "properties": {"id": "PH-2142", "datetime_utc": "1998-09-23T19:58:58.400000Z", "year": 1998, "mag": 5.4, "mag_type": "Ms", "depth_km": 15.0, "ms": 5.4}}, {"type": "Feature", "geometry": {"type": "Point", "coordinates": [126.7, 7.27]}, "properties": {"id": "PH-2143", "datetime_utc": "1998-10-10T05:40:21.800000Z", "year": 1998, "mag": 5.5, "mag_type": "Ms", "depth_km": 25.0, "ms": 5.5}}, {"type": "Feature", "geometry": {"type": "Point", "coordinates": [124.9, 12.93]}, "properties": {"id": "PH-2144", "datetime_utc": "1998-11-05T18:05:21.300000Z", "year": 1998, "mag": 5.3, "mag_type": "Ms", "depth_km": 6.0, "ms": 5.3}}, {"type": "Feature", "geometry": {"type": "Point", "coordinates": [126.47, 4.61]}, "properties": {"id": "PH-2145", "datetime_utc": "1998-11-19T12:03:40Z", "year": 1998, "mag": 5.7, "mag_type": "Ms", "depth_km": 98.0, "ms": 5.7}}, {"type": "Feature", "geometry": {"type": "Point", "coordinates": [120.72, 20.14]}, "properties": {"id": "PH-2146", "datetime_utc": "1998-12-04T11:00:17.500000Z", "year": 1998, "mag": 5.5, "mag_type": "Ms", "depth_km": 11.0, "ms": 5.5}}, {"type": "Feature", "geometry": {"type": "Point", "coordinates": [127.09, 4.04]}, "properties": {"id": "PH-2147", "datetime_utc": "1998-12-20T23:41:30.200000Z", "year": 1998, "mag": 5.0, "mag_type": "Ms", "depth_km": 26.0, "ms": 5.0}}, {"type": "Feature", "geometry": {"type": "Point", "coordinates": [124.92, 6.43]}, "properties": {"id": "PH-2148", "datetime_utc": "1998-12-22T03:24:32.100000Z", "year": 1998, "mag": 5.0, "mag_type": "Ms", "depth_km": 373.0, "ms": 5.0}}, {"type": "Feature", "geometry": {"type": "Point", "coordinates": [126.32, 5.09]}, "properties": {"id": "PH-2149", "datetime_utc": "1999-01-06T17:10:24.500000Z", "year": 1999, "mag": 5.2, "mag_type": "Ms", "depth_km": 151.0, "ml": 4.8, "mb": 5.8, "ms": 5.2}}, {"type": "Feature", "geometry": {"type": "Point", "coordinates": [126.232, 4.654]}, "properties": {"id": "PH-2150", "datetime_utc": "1999-01-12T21:12:59.520000Z", "year": 1999, "mag": 5.1, "mag_type": "Ms", "depth_km": 96.0, "ml": 4.8, "mb": 5.7, "ms": 5.1}}, {"type": "Feature", "geometry": {"type": "Point", "coordinates": [126.746, 3.542]}, "properties": {"id": "PH-2151", "datetime_utc": "1999-01-25T11:45:46.630000Z", "year": 1999, "mag": 5.2, "mag_type": "Ms", "depth_km": 3.0, "ml": 4.8, "mb": 5.8, "ms": 5.2}}, {"type": "Feature", "geometry": {"type": "Point", "coordinates": [127.22, 9.41]}, "properties": {"id": "PH-2152", "datetime_utc": "1999-02-06T03:10:04.700000Z", "year": 1999, "mag": 5.0, "mag_type": "Ms", "depth_km": 27.0, "ml": 4.7, "mb": 5.6, "ms": 5.0}}, {"type": "Feature", "geometry": {"type": "Point", "coordinates": [121.24, 19.21]}, "properties": {"id": "PH-2153", "datetime_utc": "1999-02-06T17:45:26.800000Z", "year": 1999, "mag": 5.8, "mag_type": "Ms", "depth_km": 22.0, "ml": 5.3, "mb": 6.2, "ms": 5.8}}, {"type": "Feature", "geometry": {"type": "Point", "coordinates": [126.45, 9.5]}, "properties": {"id": "PH-2154", "datetime_utc": "1999-02-14T03:01:02.700000Z", "year": 1999, "mag": 5.0, "mag_type": "Ms", "depth_km": 16.0, "ml": 4.7, "mb": 5.6, "ms": 5.0}}, {"type": "Feature", "geometry": {"type": "Point", "coordinates": [126.18, 10.15]}, "properties": {"id": "PH-2155", "datetime_utc": "1999-02-25T17:55:38.300000Z", "year": 1999, "mag": 5.2, "mag_type": "Ms", "depth_km": 17.0, "ml": 4.8, "mb": 5.8, "ms": 5.2}}, {"type": "Feature", "geometry": {"type": "Point", "coordinates": [122.31, 5.78]}, "properties": {"id": "PH-2156", "datetime_utc": "1999-03-04T08:52:05.200000Z", "year": 1999, "mag": 6.5, "mag_type": "Ms", "depth_km": 15.0, "ml": 5.4, "mb": 6.4, "ms": 6.5}}, {"type": "Feature", "geometry": {"type": "Point", "coordinates": [122.09, 5.25]}, "properties": {"id": "PH-2157", "datetime_utc": "1999-03-05T13:01:10.200000Z", "year": 1999, "mag": 5.8, "mag_type": "Ms", "depth_km": 36.0, "ml": 5.3, "mb": 6.2, "ms": 5.8}}, {"type": "Feature", "geometry": {"type": "Point", "coordinates": [122.15, 6.33]}, "properties": {"id": "PH-2158", "datetime_utc": "1999-03-05T22:43:29.700000Z", "year": 1999, "mag": 5.5, "mag_type": "Ms", "depth_km": 25.0, "ml": 5.5, "mb": 6.0, "ms": 5.5}}, {"type": "Feature", "geometry": {"type": "Point", "coordinates": [121.92, 5.32]}, "properties": {"id": "PH-2159", "datetime_utc": "1999-03-06T13:15:32.300000Z", "year": 1999, "mag": 5.3, "mag_type": "Ms", "depth_km": 38.0, "ml": 4.9, "mb": 5.9, "ms": 5.3}}, {"type": "Feature", "geometry": {"type": "Point", "coordinates": [127.17, 8.9]}, "properties": {"id": "PH-2160", "datetime_utc": "1999-03-11T11:52:47.600000Z", "year": 1999, "mag": 5.1, "mag_type": "Ms", "depth_km": 7.0, "ml": 4.8, "mb": 5.7, "ms": 5.1}}, {"type": "Feature", "geometry": {"type": "Point", "coordinates": [126.98, 5.37]}, "properties": {"id": "PH-2161", "datetime_utc": "1999-03-21T09:35:17.100000Z", "year": 1999, "mag": 5.1, "mag_type": "Ms", "depth_km": 37.0, "ml": 4.7, "mb": 5.7, "ms": 5.1}}, {"type": "Feature", "geometry": {"type": "Point", "coordinates": [126.78, 5.66]}, "properties": {"id": "PH-2162", "datetime_utc": "1999-03-21T14:20:52Z", "year": 1999, "mag": 5.2, "mag_type": "Ms", "depth_km": 5.0, "ml": 4.8, "mb": 5.8, "ms": 5.2}}, {"type": "Feature", "geometry": {"type": "Point", "coordinates": [121.95, 5.42]}, "properties": {"id": "PH-2163", "datetime_utc": "1999-04-23T14:34:12.800000Z", "year": 1999, "mag": 5.1, "mag_type": "Ms", "depth_km": 27.0, "ml": 4.7, "mb": 5.7, "ms": 5.1}}, {"type": "Feature", "geometry": {"type": "Point", "coordinates": [123.72, 5.6]}, "properties": {"id": "PH-2164", "datetime_utc": "1999-05-18T19:52:59.700000Z", "year": 1999, "mag": 5.8, "mag_type": "Ms", "depth_km": 35.0, "ms": 5.8}}, {"type": "Feature", "geometry": {"type": "Point", "coordinates": [124.93, 12.87]}, "properties": {"id": "PH-2165", "datetime_utc": "1999-05-25T03:38:58.600000Z", "year": 1999, "mag": 5.2, "mag_type": "Ms", "depth_km": 51.0, "ms": 5.2}}, {"type": "Feature", "geometry": {"type": "Point", "coordinates": [119.68, 15.36]}, "properties": {"id": "PH-2166", "datetime_utc": "1999-05-27T06:18:24.700000Z", "year": 1999, "mag": 5.1, "mag_type": "Ms", "depth_km": 57.0, "ms": 5.1}}, {"type": "Feature", "geometry": {"type": "Point", "coordinates": [125.75, 8.58]}, "properties": {"id": "PH-2167", "datetime_utc": "1999-06-07T07:45:45Z", "year": 1999, "mag": 5.1, "mag_type": "Ms", "depth_km": 7.0, "ms": 5.1}}, {"type": "Feature", "geometry": {"type": "Point", "coordinates": [125.65, 8.6]}, "properties": {"id": "PH-2168", "datetime_utc": "1999-06-09T01:05:33.400000Z", "year": 1999, "mag": 5.0, "mag_type": "Ms", "depth_km": 14.0, "ms": 5.0}}, {"type": "Feature", "geometry": {"type": "Point", "coordinates": [126.944, 5.4]}, "properties": {"id": "PH-2169", "datetime_utc": "1999-06-18T10:55:18.200000Z", "year": 1999, "mag": 6.1, "mag_type": "Ms", "depth_km": 10.0, "ms": 6.1}}, {"type": "Feature", "geometry": {"type": "Point", "coordinates": [122.06, 10.79]}, "properties": {"id": "PH-2170", "datetime_utc": "1999-06-28T08:28:26.900000Z", "year": 1999, "mag": 5.1, "mag_type": "Ms", "depth_km": 14.0, "ml": 4.7, "mb": 5.7, "ms": 5.1}}, {"type": "Feature", "geometry": {"type": "Point", "coordinates": [127.2, 5.45]}, "properties": {"id": "PH-2171", "datetime_utc": "1999-06-30T06:03:03.600000Z", "year": 1999, "mag": 5.2, "mag_type": "Ms", "depth_km": 50.0, "ml": 4.8, "mb": 5.8, "ms": 5.2}}, {"type": "Feature", "geometry": {"type": "Point", "coordinates": [126.82, 5.55]}, "properties": {"id": "PH-2172", "datetime_utc": "1999-07-12T05:57:59.500000Z", "year": 1999, "mag": 5.6, "mag_type": "Ms", "depth_km": 7.0, "ml": 5.1, "mb": 6.0, "ms": 5.6}}, {"type": "Feature", "geometry": {"type": "Point", "coordinates": [126.63, 8.38]}, "properties": {"id": "PH-2173", "datetime_utc": "1999-07-23T14:45:58.100000Z", "year": 1999, "mag": 5.1, "mag_type": "Ms", "depth_km": 104.0, "ml": 4.8, "mb": 5.8, "ms": 5.1}}, {"type": "Feature", "geometry": {"type": "Point", "coordinates": [126.5, 7.27]}, "properties": {"id": "PH-2174", "datetime_utc": "1999-08-10T10:47:47Z", "year": 1999, "mag": 5.0, "mag_type": "Ms", "depth_km": 126.0, "ml": 4.7, "mb": 5.7, "ms": 5.0}}, {"type": "Feature", "geometry": {"type": "Point", "coordinates": [124.32, 11.91]}, "properties": {"id": "PH-2175", "datetime_utc": "1999-08-15T00:41:44.800000Z", "year": 1999, "mag": 5.5, "mag_type": "Ms", "depth_km": 2.0, "ms": 5.5}}, {"type": "Feature", "geometry": {"type": "Point", "coordinates": [126.04, 10.43]}, "properties": {"id": "PH-2176", "datetime_utc": "1999-08-26T01:24:40.500000Z", "year": 1999, "mag": 6.0, "mag_type": "Ms", "depth_km": 4.0, "ms": 6.0}}, {"type": "Feature", "geometry": {"type": "Point", "coordinates": [120.97, 19.27]}, "properties": {"id": "PH-2177", "datetime_utc": "1999-08-26T21:38:11.800000Z", "year": 1999, "mag": 5.2, "mag_type": "Ms", "depth_km": 66.0, "ms": 5.2}}, {"type": "Feature", "geometry": {"type": "Point", "coordinates": [126.13, 5.98]}, "properties": {"id": "PH-2178", "datetime_utc": "1999-09-01T19:03:03.600000Z", "year": 1999, "mag": 5.2, "mag_type": "Ms", "depth_km": 37.0, "ml": 4.8, "mb": 5.8, "ms": 5.2}}, {"type": "Feature", "geometry": {"type": "Point", "coordinates": [123.84, 7.5]}, "properties": {"id": "PH-2179", "datetime_utc": "1999-07-08T00:28:54.900000Z", "year": 1999, "mag": 5.6, "mag_type": "Ms", "depth_km": 10.0, "ml": 5.1, "mb": 6.8, "ms": 5.6}}, {"type": "Feature", "geometry": {"type": "Point", "coordinates": [125.39, 14.0]}, "properties": {"id": "PH-2180", "datetime_utc": "1999-10-07T11:42:11.500000Z", "year": 1999, "mag": 5.2, "mag_type": "Ms", "depth_km": 79.0, "ml": 4.8, "mb": 5.8, "ms": 5.2}}, {"type": "Feature", "geometry": {"type": "Point", "coordinates": [126.92, 8.17]}, "properties": {"id": "PH-2181", "datetime_utc": "1999-11-15T12:18:26.900000Z", "year": 1999, "mag": 5.8, "mag_type": "Ms", "depth_km": 3.0, "ml": 5.2, "mb": 6.2, "ms": 5.8}}, {"type": "Feature", "geometry": {"type": "Point", "coordinates": [127.79, 4.18]}, "properties": {"id": "PH-2182", "datetime_utc": "1999-12-04T07:45:15.500000Z", "year": 1999, "mag": 5.3, "mag_type": "Ms", "depth_km": 13.0, "ml": 4.9, "mb": 5.8, "ms": 5.3}}, {"type": "Feature", "geometry": {"type": "Point", "coordinates": [126.11, 5.89]}, "properties": {"id": "PH-2183", "datetime_utc": "1999-12-05T08:52:29.500000Z", "year": 1999, "mag": 5.1, "mag_type": "Ms", "depth_km": 24.0, "ml": 4.8, "mb": 5.7, "ms": 5.1}}, {"type": "Feature", "geometry": {"type": "Point", "coordinates": [126.41, 5.52]}, "properties": {"id": "PH-2184", "datetime_utc": "1999-12-08T10:29:14.500000Z", "year": 1999, "mag": 5.2, "mag_type": "Ms", "depth_km": 39.0, "ml": 4.8, "mb": 5.8, "ms": 5.2}}, {"type": "Feature", "geometry": {"type": "Point", "coordinates": [119.67, 15.85]}, "properties": {"id": "PH-2185", "datetime_utc": "1999-12-11T18:03:40.300000Z", "year": 1999, "mag": 6.8, "mag_type": "Ms", "depth_km": 65.0, "ms": 6.8}}, {"type": "Feature", "geometry": {"type": "Point", "coordinates": [119.79, 16.2]}, "properties": {"id": "PH-2186", "datetime_utc": "1999-12-12T01:11:26.700000Z", "year": 1999, "mag": 5.0, "mag_type": "Ms", "depth_km": 36.0, "ml": 4.6, "mb": 5.6, "ms": 5.0}}, {"type": "Feature", "geometry": {"type": "Point", "coordinates": [126.05, 5.41]}, "properties": {"id": "PH-2187", "datetime_utc": "1999-12-13T09:31:22.400000Z", "year": 1999, "mag": 5.5, "mag_type": "Ms", "depth_km": 19.0, "ml": 5.0, "mb": 6.0, "ms": 5.5}}, {"type": "Feature", "geometry": {"type": "Point", "coordinates": [124.43, 11.29]}, "properties": {"id": "PH-2188", "datetime_utc": "1999-12-15T01:12:31Z", "year": 1999, "mag": 5.1, "mag_type": "Ms", "depth_km": 4.0, "ms": 5.1}}, {"type": "Feature", "geometry": {"type": "Point", "coordinates": [126.34, 10.35]}, "properties": {"id": "PH-2189", "datetime_utc": "1999-12-31T20:25:45.800000Z", "year": 1999, "mag": 5.5, "mag_type": "Ms", "depth_km": 25.0, "ml": 3.3, "mb": 4.5, "ms": 5.5}}, {"type": "Feature", "geometry": {"type": "Point", "coordinates": [126.11, 9.67]}, "properties": {"id": "PH-2190", "datetime_utc": "2000-01-03T02:38:27.400000Z", "year": 2000, "mag": 5.0, "mag_type": "Ms", "depth_km": 19.0, "ml": 4.7, "mb": 5.7, "ms": 5.0}}, {"type": "Feature", "geometry": {"type": "Point", "coordinates": [119.78, 16.25]}, "properties": {"id": "PH-2191", "datetime_utc": "2000-01-06T21:31:09.400000Z", "year": 2000, "mag": 5.9, "mag_type": "Ms", "depth_km": 37.0, "ms": 5.9}}, {"type": "Feature", "geometry": {"type": "Point", "coordinates": [121.48, 13.64]}, "properties": {"id": "PH-2192", "datetime_utc": "2000-02-03T13:42:21.800000Z", "year": 2000, "mag": 5.0, "mag_type": "Ms", "depth_km": 2.0, "ml": 4.7, "mb": 5.7, "ms": 5.0}}, {"type": "Feature", "geometry": {"type": "Point", "coordinates": [127.44, 5.29]}, "properties": {"id": "PH-2193", "datetime_utc": "2000-02-13T18:19:36.100000Z", "year": 2000, "mag": 5.9, "mag_type": "Ms", "depth_km": 154.0, "ms": 5.9}}, {"type": "Feature", "geometry": {"type": "Point", "coordinates": [121.8, 10.64]}, "properties": {"id": "PH-2194", "datetime_utc": "2000-02-27T12:03:57.500000Z", "year": 2000, "mag": 5.0, "mag_type": "Ms", "depth_km": 12.0, "ml": 4.7, "mb": 5.7, "ms": 5.0}}, {"type": "Feature", "geometry": {"type": "Point", "coordinates": [127.84, 4.05]}, "properties": {"id": "PH-2195", "datetime_utc": "2000-03-21T05:26:18.500000Z", "year": 2000, "mag": 5.9, "mag_type": "Ms", "depth_km": 77.0, "ml": 5.3, "mb": 6.2, "ms": 5.9}}, {"type": "Feature", "geometry": {"type": "Point", "coordinates": [125.982, 3.752]}, "properties": {"id": "PH-2196", "datetime_utc": "2000-04-03T15:19:57.500000Z", "year": 2000, "mag": 5.6, "mag_type": "Ms", "depth_km": 120.0, "ml": 5.1, "mb": 6.0, "ms": 5.6}}, {"type": "Feature", "geometry": {"type": "Point", "coordinates": [126.908, 10.315]}, "properties": {"id": "PH-2197", "datetime_utc": "2000-04-13T13:12:49.200000Z", "year": 2000, "mag": 5.7, "mag_type": "Ms", "depth_km": 17.0, "ml": 5.2, "mb": 6.1, "ms": 5.7}}, {"type": "Feature", "geometry": {"type": "Point", "coordinates": [126.619, 10.235]}, "properties": {"id": "PH-2198", "datetime_utc": "2000-04-13T20:54:13.600000Z", "year": 2000, "mag": 5.5, "mag_type": "Ms", "depth_km": 25.0, "ml": 5.0, "mb": 5.9, "ms": 5.5}}, {"type": "Feature", "geometry": {"type": "Point", "coordinates": [124.843, 11.031]}, "properties": {"id": "PH-2199", "datetime_utc": "2000-05-08T10:25:23.800000Z", "year": 2000, "mag": 5.0, "mag_type": "Ms", "depth_km": 6.0, "ml": 4.7, "mb": 5.6, "ms": 5.0}}, {"type": "Feature", "geometry": {"type": "Point", "coordinates": [124.674, 10.987]}, "properties": {"id": "PH-2200", "datetime_utc": "2000-05-08T13:54:58.280000Z", "year": 2000, "mag": 5.1, "mag_type": "Ms", "depth_km": 1.0, "ml": 4.8, "mb": 5.7, "ms": 5.1}}, {"type": "Feature", "geometry": {"type": "Point", "coordinates": [126.588, 4.914]}, "properties": {"id": "PH-2201", "datetime_utc": "2000-06-07T16:45:38.840000Z", "year": 2000, "mag": 5.2, "mag_type": "Ms", "depth_km": 32.0, "ml": 4.8, "mb": 5.8, "ms": 5.2}}, {"type": "Feature", "geometry": {"type": "Point", "coordinates": [125.431, 5.454]}, "properties": {"id": "PH-2202", "datetime_utc": "2000-06-08T03:52:56.860000Z", "year": 2000, "mag": 5.1, "mag_type": "Ms", "depth_km": 180.0, "ml": 4.8, "mb": 5.7, "ms": 5.1}}, {"type": "Feature", "geometry": {"type": "Point", "coordinates": [126.197, 10.111]}, "properties": {"id": "PH-2203", "datetime_utc": "2000-06-11T21:29:44.230000Z", "year": 2000, "mag": 5.1, "mag_type": "Ms", "depth_km": 2.0, "ml": 4.7, "mb": 5.7, "ms": 5.1}}, {"type": "Feature", "geometry": {"type": "Point", "coordinates": [120.265, 17.301]}, "properties": {"id": "PH-2204", "datetime_utc": "2000-06-14T01:44:29.720000Z", "year": 2000, "mag": 5.7, "mag_type": "Ms", "depth_km": 42.0, "ml": 5.1, "mb": 6.1, "ms": 5.7}}, {"type": "Feature", "geometry": {"type": "Point", "coordinates": [127.352, 4.493]}, "properties": {"id": "PH-2205", "datetime_utc": "2000-06-14T17:00:53.400000Z", "year": 2000, "mag": 5.9, "mag_type": "Ms", "depth_km": 69.0, "ml": 5.3, "mb": 6.2, "ms": 5.9}}, {"type": "Feature", "geometry": {"type": "Point", "coordinates": [120.429, 16.845]}, "properties": {"id": "PH-2206", "datetime_utc": "2000-06-19T01:59:32.260000Z", "year": 2000, "mag": 5.7, "mag_type": "Ms", "depth_km": 1.0, "ml": 5.1, "mb": 6.0, "ms": 5.7}}, {"type": "Feature", "geometry": {"type": "Point", "coordinates": [120.33, 14.087]}, "properties": {"id": "PH-2207", "datetime_utc": "2000-06-19T09:34:56.750000Z", "year": 2000, "mag": 5.6, "mag_type": "Ms", "depth_km": 108.0, "ml": 5.1, "mb": 6.0, "ms": 5.6}}, {"type": "Feature", "geometry": {"type": "Point", "coordinates": [122.154, 20.377]}, "properties": {"id": "PH-2208", "datetime_utc": "2000-07-04T22:19:43.110000Z", "year": 2000, "mag": 5.2, "mag_type": "Ms", "depth_km": 34.0, "ml": 4.8, "mb": 5.8, "ms": 5.2}}, {"type": "Feature", "geometry": {"type": "Point", "coordinates": [126.216, 6.2]}, "properties": {"id": "PH-2209", "datetime_utc": "2000-07-11T16:03:54.300000Z", "year": 2000, "mag": 5.1, "mag_type": "Ms", "depth_km": 15.0, "ml": 4.7, "mb": 5.7, "ms": 5.1}}, {"type": "Feature", "geometry": {"type": "Point", "coordinates": [122.211, 20.327]}, "properties": {"id": "PH-2210", "datetime_utc": "2000-07-16T03:21:43Z", "year": 2000, "mag": 6.4, "mag_type": "Ms", "depth_km": 15.0, "ml": 5.7, "mb": 6.5, "ms": 6.4}}, {"type": "Feature", "geometry": {"type": "Point", "coordinates": [126.155, 11.193]}, "properties": {"id": "PH-2211", "datetime_utc": "2000-07-18T13:10:38.590000Z", "year": 2000, "mag": 5.1, "mag_type": "Ms", "depth_km": 33.0, "ml": 4.8, "mb": 4.7, "ms": 5.1}}, {"type": "Feature", "geometry": {"type": "Point", "coordinates": [120.684, 17.966]}, "properties": {"id": "PH-2212", "datetime_utc": "2000-07-18T22:59:16.650000Z", "year": 2000, "mag": 5.6, "mag_type": "Ms", "depth_km": 41.0, "ml": 5.1, "mb": 6.0, "ms": 5.6}}, {"type": "Feature", "geometry": {"type": "Point", "coordinates": [122.305, 15.099]}, "properties": {"id": "PH-2213", "datetime_utc": "2000-08-01T07:10:50.420000Z", "year": 2000, "mag": 5.7, "mag_type": "Ms", "depth_km": 81.0, "ml": 5.2, "mb": 6.1, "ms": 5.7}}, {"type": "Feature", "geometry": {"type": "Point", "coordinates": [124.88, 6.186]}, "properties": {"id": "PH-2214", "datetime_utc": "2000-08-16T18:34:34Z", "year": 2000, "mag": 5.1, "mag_type": "Ms", "depth_km": 24.0, "ml": 4.7, "mb": 5.7, "ms": 5.1}}, {"type": "Feature", "geometry": {"type": "Point", "coordinates": [126.514, 7.431]}, "properties": {"id": "PH-2215", "datetime_utc": "2000-08-20T07:55:50.940000Z", "year": 2000, "mag": 5.4, "mag_type": "Ms", "depth_km": 180.0, "ml": 5.0, "mb": 5.9, "ms": 5.4}}, {"type": "Feature", "geometry": {"type": "Point", "coordinates": [127.049, 4.075]}, "properties": {"id": "PH-2216", "datetime_utc": "2000-08-28T03:36:56.670000Z", "year": 2000, "mag": 5.7, "mag_type": "Ms", "depth_km": 33.0, "ml": 5.2, "mb": 6.1, "ms": 5.7}}, {"type": "Feature", "geometry": {"type": "Point", "coordinates": [123.264, 4.883]}, "properties": {"id": "PH-2217", "datetime_utc": "2000-08-31T08:24:10.380000Z", "year": 2000, "mag": 5.1, "mag_type": "Ms", "depth_km": 597.0, "ml": 4.8, "mb": 5.7, "ms": 5.1}}, {"type": "Feature", "geometry": {"type": "Point", "coordinates": [121.868, 6.955]}, "properties": {"id": "PH-2218", "datetime_utc": "2000-09-08T22:41:22.910000Z", "year": 2000, "mag": 5.1, "mag_type": "Ms", "depth_km": 39.0, "ml": 4.7, "mb": 5.7, "ms": 5.1}}, {"type": "Feature", "geometry": {"type": "Point", "coordinates": [122.424, 12.253]}, "properties": {"id": "PH-2219", "datetime_utc": "2000-09-29T22:48:10.040000Z", "year": 2000, "mag": 5.0, "mag_type": "Ms", "depth_km": 20.0, "ml": 4.7, "mb": 5.7, "ms": 5.0}}, {"type": "Feature", "geometry": {"type": "Point", "coordinates": [127.059, 6.464]}, "properties": {"id": "PH-2220", "datetime_utc": "2000-10-05T20:06:08.230000Z", "year": 2000, "mag": 5.6, "mag_type": "Ms", "depth_km": 36.0, "ml": 5.1, "mb": 6.0, "ms": 5.6}}, {"type": "Feature", "geometry": {"type": "Point", "coordinates": [125.545, 9.746]}, "properties": {"id": "PH-2221", "datetime_utc": "2000-10-08T03:36:33.380000Z", "year": 2000, "mag": 5.4, "mag_type": "Ms", "depth_km": 12.0, "ml": 4.9, "mb": 5.9, "ms": 5.4}}, {"type": "Feature", "geometry": {"type": "Point", "coordinates": [124.72, 12.323]}, "properties": {"id": "PH-2222", "datetime_utc": "2000-10-12T23:25:55.520000Z", "year": 2000, "mag": 5.1, "mag_type": "Ms", "depth_km": 20.0, "ml": 4.7, "mb": 5.7, "ms": 5.1}}, {"type": "Feature", "geometry": {"type": "Point", "coordinates": [120.617, 13.714]}, "properties": {"id": "PH-2223", "datetime_utc": "2000-10-21T22:30:34.880000Z", "year": 2000, "mag": 5.3, "mag_type": "Ms", "depth_km": 130.0, "ml": 4.9, "mb": 5.9, "ms": 5.3}}, {"type": "Feature", "geometry": {"type": "Point", "coordinates": [126.65, 7.086]}, "properties": {"id": "PH-2224", "datetime_utc": "2000-10-22T01:21:48.050000Z", "year": 2000, "mag": 5.0, "mag_type": "Ms", "depth_km": 65.0, "ml": 4.7, "mb": 5.7, "ms": 5.0}}, {"type": "Feature", "geometry": {"type": "Point", "coordinates": [125.971, 5.583]}, "properties": {"id": "PH-2225", "datetime_utc": "2000-11-04T12:38:39.440000Z", "year": 2000, "mag": 5.5, "mag_type": "Ms", "depth_km": 67.0, "ml": 5.0, "mb": 6.0, "ms": 5.5}}, {"type": "Feature", "geometry": {"type": "Point", "coordinates": [126.512, 10.701]}, "properties": {"id": "PH-2226", "datetime_utc": "2000-11-30T20:01:07.300000Z", "year": 2000, "mag": 5.0, "mag_type": "Ms", "depth_km": 32.0, "ml": 4.6, "mb": 5.6, "ms": 5.0}}, {"type": "Feature", "geometry": {"type": "Point", "coordinates": [126.931, 4.164]}, "properties": {"id": "PH-2227", "datetime_utc": "2000-12-05T11:08:18.790000Z", "year": 2000, "mag": 5.5, "mag_type": "Ms", "depth_km": 4.0, "ml": 5.0, "mb": 6.0, "ms": 5.5}}, {"type": "Feature", "geometry": {"type": "Point", "coordinates": [126.698, 7.214]}, "properties": {"id": "PH-2228", "datetime_utc": "2000-12-21T16:42:52.750000Z", "year": 2000, "mag": 5.0, "mag_type": "Ms", "depth_km": 11.0, "ml": 4.6, "mb": 5.6, "ms": 5.0}}, {"type": "Feature", "geometry": {"type": "Point", "coordinates": [126.778, 6.791]}, "properties": {"id": "PH-2229", "datetime_utc": "2001-01-01T06:57:07Z", "year": 2001, "mag": 7.2, "mag_type": "Ms", "depth_km": 20.0, "ml": 6.2, "mb": 7.1, "ms": 7.2}}, {"type": "Feature", "geometry": {"type": "Point", "coordinates": [127.091, 6.628]}, "properties": {"id": "PH-2230", "datetime_utc": "2001-01-01T07:10:42.980000Z", "year": 2001, "mag": 5.2, "mag_type": "Ms", "depth_km": 45.0, "ml": 4.8, "mb": 5.8, "ms": 5.2}}, {"type": "Feature", "geometry": {"type": "Point", "coordinates": [127.18, 6.875]}, "properties": {"id": "PH-2231", "datetime_utc": "2001-01-01T09:34:29.810000Z", "year": 2001, "mag": 5.2, "mag_type": "Ms", "depth_km": 9.0, "ml": 4.8, "mb": 5.8, "ms": 5.2}}, {"type": "Feature", "geometry": {"type": "Point", "coordinates": [127.232, 6.483]}, "properties": {"id": "PH-2232", "datetime_utc": "2001-01-02T07:30:03.800000Z", "year": 2001, "mag": 6.2, "mag_type": "Ms", "depth_km": 47.0, "ml": 5.5, "mb": 6.4, "ms": 6.2}}, {"type": "Feature", "geometry": {"type": "Point", "coordinates": [127.455, 6.808]}, "properties": {"id": "PH-2233", "datetime_utc": "2001-01-05T01:41:59.080000Z", "year": 2001, "mag": 5.0, "mag_type": "Ms", "depth_km": 30.0, "ml": 4.7, "mb": 5.6, "ms": 5.0}}, {"type": "Feature", "geometry": {"type": "Point", "coordinates": [127.594, 6.776]}, "properties": {"id": "PH-2234", "datetime_utc": "2001-01-05T22:51:42.120000Z", "year": 2001, "mag": 5.2, "mag_type": "Ms", "depth_km": 23.0, "ml": 4.8, "mb": 5.8, "ms": 5.2}}, {"type": "Feature", "geometry": {"type": "Point", "coordinates": [126.933, 6.559]}, "properties": {"id": "PH-2235", "datetime_utc": "2001-01-06T04:45:31.010000Z", "year": 2001, "mag": 5.4, "mag_type": "Ms", "depth_km": 15.0, "ml": 4.9, "mb": 5.9, "ms": 5.4}}, {"type": "Feature", "geometry": {"type": "Point", "coordinates": [127.523, 5.488]}, "properties": {"id": "PH-2236", "datetime_utc": "2001-01-08T04:20:49.890000Z", "year": 2001, "mag": 5.5, "mag_type": "Ms", "depth_km": 33.0, "ml": 5.0, "mb": 6.0, "ms": 5.5}}, {"type": "Feature", "geometry": {"type": "Point", "coordinates": [120.505, 17.31]}, "properties": {"id": "PH-2237", "datetime_utc": "2001-01-12T19:18:26.320000Z", "year": 2001, "mag": 5.1, "mag_type": "Ms", "depth_km": 20.0, "ml": 4.7, "mb": 5.7, "ms": 5.1}}, {"type": "Feature", "geometry": {"type": "Point", "coordinates": [126.302, 10.168]}, "properties": {"id": "PH-2238", "datetime_utc": "2001-01-21T04:44:00.440000Z", "year": 2001, "mag": 5.3, "mag_type": "Ms", "depth_km": 1.0, "ml": 4.9, "mb": 5.8, "ms": 5.3}}, {"type": "Feature", "geometry": {"type": "Point", "coordinates": [122.317, 20.4]}, "properties": {"id": "PH-2239", "datetime_utc": "2001-02-17T17:49:25.560000Z", "year": 2001, "mag": 5.5, "mag_type": "Ms", "depth_km": 33.0, "ml": 5.0, "mb": 6.0, "ms": 5.5}}, {"type": "Feature", "geometry": {"type": "Point", "coordinates": [127.137, 6.642]}, "properties": {"id": "PH-2240", "datetime_utc": "2001-02-21T22:50:28.280000Z", "year": 2001, "mag": 5.4, "mag_type": "Ms", "depth_km": 52.0, "ml": 4.9, "mb": 5.9, "ms": 5.4}}, {"type": "Feature", "geometry": {"type": "Point", "coordinates": [127.351, 6.454]}, "properties": {"id": "PH-2241", "datetime_utc": "2001-02-28T09:35:12.010000Z", "year": 2001, "mag": 5.2, "mag_type": "Ms", "depth_km": 72.0, "ml": 4.8, "mb": 5.8, "ms": 5.2}}, {"type": "Feature", "geometry": {"type": "Point", "coordinates": [126.652, 10.052]}, "properties": {"id": "PH-2242", "datetime_utc": "2001-04-17T09:05:34.120000Z", "year": 2001, "mag": 5.4, "mag_type": "Ms", "depth_km": 27.0, "ml": 3.9, "mb": 4.0, "ms": 5.4}}, {"type": "Feature", "geometry": {"type": "Point", "coordinates": [121.107, 16.563]}, "properties": {"id": "PH-2243", "datetime_utc": "2001-05-11T02:25:59.300000Z", "year": 2001, "mag": 5.0, "mag_type": "Ms", "depth_km": 1.0, "ml": 4.0, "mb": 5.0, "ms": 5.0}}, {"type": "Feature", "geometry": {"type": "Point", "coordinates": [120.835, 13.594]}, "properties": {"id": "PH-2244", "datetime_utc": "2001-07-08T17:17:31.290000Z", "year": 2001, "mag": 5.0, "mag_type": "Ms", "depth_km": 8.0, "ms": 5.0}}, {"type": "Feature", "geometry": {"type": "Point", "coordinates": [119.878, 19.027]}, "properties": {"id": "PH-2245", "datetime_utc": "2001-12-04T18:09:23.460000Z", "year": 2001, "mag": 5.1, "mag_type": "Ms", "depth_km": 17.0, "ml": 4.7, "mb": 5.7, "ms": 5.1}}, {"type": "Feature", "geometry": {"type": "Point", "coordinates": [125.847, 6.102]}, "properties": {"id": "PH-2246", "datetime_utc": "2002-01-01T11:29:21.860000Z", "year": 2002, "mag": 5.6, "mag_type": "Ms", "depth_km": 126.0, "ml": 5.1, "mb": 6.0, "ms": 5.6}}, {"type": "Feature", "geometry": {"type": "Point", "coordinates": [124.216, 5.876]}, "properties": {"id": "PH-2247", "datetime_utc": "2002-03-05T21:16:09.160000Z", "year": 2002, "mag": 6.8, "mag_type": "Ms", "depth_km": 5.0, "ms": 6.8}}, {"type": "Feature", "geometry": {"type": "Point", "coordinates": [121.991, 20.398]}, "properties": {"id": "PH-2248", "datetime_utc": "2002-03-10T05:24:07.070000Z", "year": 2002, "mag": 5.6, "mag_type": "Ms", "depth_km": 26.0, "ml": 5.1, "mb": 6.0, "ms": 5.6}}, {"type": "Feature", "geometry": {"type": "Point", "coordinates": [124.045, 5.327]}, "properties": {"id": "PH-2249", "datetime_utc": "2002-04-20T22:39:44.630000Z", "year": 2002, "mag": 5.4, "mag_type": "Ms", "depth_km": 7.0, "ml": 5.0, "mb": 5.9, "ms": 5.4}}, {"type": "Feature", "geometry": {"type": "Point", "coordinates": [124.097, 5.28]}, "properties": {"id": "PH-2250", "datetime_utc": "2002-05-04T10:52:56.890000Z", "year": 2002, "mag": 5.2, "mag_type": "Ms", "depth_km": 13.0, "ml": 4.8, "mb": 5.7, "ms": 5.2}}, {"type": "Feature", "geometry": {"type": "Point", "coordinates": [121.283, 19.112]}, "properties": {"id": "PH-2251", "datetime_utc": "2002-05-13T19:57:23.480000Z", "year": 2002, "mag": 5.2, "mag_type": "Ms", "depth_km": 1.0, "ml": 4.8, "mb": 5.8, "ms": 5.2}}, {"type": "Feature", "geometry": {"type": "Point", "coordinates": [125.184, 3.587]}, "properties": {"id": "PH-2252", "datetime_utc": "2002-05-14T14:19:05.190000Z", "year": 2002, "mag": 5.1, "mag_type": "Ms", "depth_km": 10.0, "ml": 4.7, "mb": 5.7, "ms": 5.1}}, {"type": "Feature", "geometry": {"type": "Point", "coordinates": [127.25, 5.22]}, "properties": {"id": "PH-2253", "datetime_utc": "2002-06-09T16:32:37.530000Z", "year": 2002, "mag": 5.1, "mag_type": "Ms", "depth_km": 109.0, "ml": 4.8, "mb": 5.7, "ms": 5.1}}, {"type": "Feature", "geometry": {"type": "Point", "coordinates": [123.909, 7.661]}, "properties": {"id": "PH-2254", "datetime_utc": "2002-06-14T02:11:36.410000Z", "year": 2002, "mag": 5.4, "mag_type": "Ms", "depth_km": 3.0, "ml": 5.0, "mb": 5.9, "ms": 5.4}}, {"type": "Feature", "geometry": {"type": "Point", "coordinates": [126.555, 6.287]}, "properties": {"id": "PH-2255", "datetime_utc": "2002-07-29T07:13:40.740000Z", "year": 2002, "mag": 5.6, "mag_type": "Ms", "depth_km": 61.0, "ml": 5.1, "mb": 6.0, "ms": 5.6}}, {"type": "Feature", "geometry": {"type": "Point", "coordinates": [120.649, 13.522]}, "properties": {"id": "PH-2256", "datetime_utc": "2002-09-03T14:23:45.600000Z", "year": 2002, "mag": 5.7, "mag_type": "Ms", "depth_km": 1.0, "ml": 5.1, "mb": 6.0, "ms": 5.7}}, {"type": "Feature", "geometry": {"type": "Point", "coordinates": [126.558, 7.511]}, "properties": {"id": "PH-2257", "datetime_utc": "2002-10-10T13:52:33.550000Z", "year": 2002, "mag": 5.0, "mag_type": "Ms", "depth_km": 1.0, "ml": 4.7, "mb": 5.7, "ms": 5.0}}, {"type": "Feature", "geometry": {"type": "Point", "coordinates": [118.472, 15.211]}, "properties": {"id": "PH-2258", "datetime_utc": "2002-10-12T23:43:12.200000Z", "year": 2002, "mag": 5.2, "mag_type": "Ms", "depth_km": 42.0, "ml": 4.8, "mb": 5.8, "ms": 5.2}}, {"type": "Feature", "geometry": {"type": "Point", "coordinates": [123.279, 5.073]}, "properties": {"id": "PH-2259", "datetime_utc": "2002-12-21T17:41:14.290000Z", "year": 2002, "mag": 5.1, "mag_type": "Ms", "depth_km": 595.0, "ml": 4.7, "mb": 5.7, "ms": 5.1}}, {"type": "Feature", "geometry": {"type": "Point", "coordinates": [123.322, 7.372]}, "properties": {"id": "PH-2260", "datetime_utc": "2002-12-30T04:49:09.300000Z", "year": 2002, "mag": 6.1, "mag_type": "Ms", "depth_km": 1.0, "ml": 5.5, "mb": 6.4, "ms": 6.1}}, {"type": "Feature", "geometry": {"type": "Point", "coordinates": [121.433, 20.164]}, "properties": {"id": "PH-2261", "datetime_utc": "2003-01-06T14:57:35.030000Z", "year": 2003, "mag": 5.4, "mag_type": "Ms", "depth_km": 45.0, "ml": 4.9, "mb": 5.9, "ms": 5.4}}, {"type": "Feature", "geometry": {"type": "Point", "coordinates": [123.827, 12.121]}, "properties": {"id": "PH-2262", "datetime_utc": "2003-02-15T05:47:59.170000Z", "year": 2003, "mag": 5.9, "mag_type": "Ms", "depth_km": 2.0, "ml": 5.3, "mb": 6.2, "ms": 5.9}}, {"type": "Feature", "geometry": {"type": "Point", "coordinates": [123.811, 12.244]}, "properties": {"id": "PH-2263", "datetime_utc": "2003-02-15T11:01:59.850000Z", "year": 2003, "mag": 6.2, "mag_type": "Ms", "depth_km": 23.0, "ml": 5.5, "mb": 6.4, "ms": 6.2}}, {"type": "Feature", "geometry": {"type": "Point", "coordinates": [121.67, 15.42]}, "properties": {"id": "PH-2264", "datetime_utc": "2003-03-02T17:57:26.570000Z", "year": 2003, "mag": 5.0, "mag_type": "Ms", "depth_km": 5.0, "ml": 4.7, "mb": 5.7, "ms": 5.0}}, {"type": "Feature", "geometry": {"type": "Point", "coordinates": [127.016, 5.376]}, "properties": {"id": "PH-2265", "datetime_utc": "2003-04-07T08:55:35.650000Z", "year": 2003, "mag": 5.1, "mag_type": "Ms", "depth_km": 9.0, "ml": 4.7, "mb": 5.7, "ms": 5.1}}, {"type": "Feature", "geometry": {"type": "Point", "coordinates": [126.671, 7.691]}, "properties": {"id": "PH-2266", "datetime_utc": "2003-04-11T23:52:36.990000Z", "year": 2003, "mag": 5.0, "mag_type": "Ms", "depth_km": 14.0, "ml": 4.6, "mb": 5.6, "ms": 5.0}}, {"type": "Feature", "geometry": {"type": "Point", "coordinates": [120.467, 13.715]}, "properties": {"id": "PH-2267", "datetime_utc": "2003-04-12T13:42:17.520000Z", "year": 2003, "mag": 5.3, "mag_type": "Ms", "depth_km": 107.0, "ml": 4.9, "mb": 5.8, "ms": 5.3}}, {"type": "Feature", "geometry": {"type": "Point", "coordinates": [126.322, 4.88]}, "properties": {"id": "PH-2268", "datetime_utc": "2003-04-27T16:08:32.440000Z", "year": 2003, "mag": 5.1, "mag_type": "Ms", "depth_km": 84.0, "ml": 4.7, "mb": 5.7, "ms": 5.1}}, {"type": "Feature", "geometry": {"type": "Point", "coordinates": [125.467, 11.303]}, "properties": {"id": "PH-2269", "datetime_utc": "2003-05-22T17:45:37.910000Z", "year": 2003, "mag": 5.3, "mag_type": "Ms", "depth_km": 30.0, "ml": 4.9, "mb": 5.8, "ms": 5.3}}, {"type": "Feature", "geometry": {"type": "Point", "coordinates": [124.037, 11.862]}, "properties": {"id": "PH-2270", "datetime_utc": "2003-05-23T02:24:43.950000Z", "year": 2003, "mag": 5.7, "mag_type": "Ms", "depth_km": 4.0, "ml": 5.2, "mb": 6.1, "ms": 5.7}}, {"type": "Feature", "geometry": {"type": "Point", "coordinates": [123.987, 11.919]}, "properties": {"id": "PH-2271", "datetime_utc": "2003-05-23T05:58:43.460000Z", "year": 2003, "mag": 5.0, "mag_type": "Ms", "depth_km": 5.0, "ml": 4.6, "mb": 5.6, "ms": 5.0}}, {"type": "Feature", "geometry": {"type": "Point", "coordinates": [123.646, 6.805]}, "properties": {"id": "PH-2272", "datetime_utc": "2003-05-26T23:13:32.450000Z", "year": 2003, "mag": 6.8, "mag_type": "Ms", "depth_km": 562.0, "ml": 5.9, "mb": 6.8, "ms": 6.8}}, {"type": "Feature", "geometry": {"type": "Point", "coordinates": [121.626, 19.767]}, "properties": {"id": "PH-2273", "datetime_utc": "2003-06-08T06:12:08.600000Z", "year": 2003, "mag": 5.4, "mag_type": "Ms", "depth_km": 18.0, "ml": 4.9, "mb": 5.9, "ms": 5.4}}, {"type": "Feature", "geometry": {"type": "Point", "coordinates": [120.244, 13.067]}, "properties": {"id": "PH-2274", "datetime_utc": "2003-06-12T18:43:29.270000Z", "year": 2003, "mag": 5.2, "mag_type": "Ms", "depth_km": 3.0, "ml": 4.8, "mb": 5.8, "ms": 5.2}}, {"type": "Feature", "geometry": {"type": "Point", "coordinates": [126.977, 4.439]}, "properties": {"id": "PH-2275", "datetime_utc": "2003-06-26T00:18:58.790000Z", "year": 2003, "mag": 5.3, "mag_type": "Ms", "depth_km": 4.0, "ml": 4.9, "mb": 5.9, "ms": 5.3}}, {"type": "Feature", "geometry": {"type": "Point", "coordinates": [123.817, 12.292]}, "properties": {"id": "PH-2276", "datetime_utc": "2003-06-26T14:11:45.510000Z", "year": 2003, "mag": 6.0, "mag_type": "Ms", "depth_km": 4.0, "ml": 5.4, "mb": 6.3, "ms": 6.0}}, {"type": "Feature", "geometry": {"type": "Point", "coordinates": [122.866, 4.649]}, "properties": {"id": "PH-2277", "datetime_utc": "2003-07-01T05:52:24.760000Z", "year": 2003, "mag": 5.8, "mag_type": "Ms", "depth_km": 625.0, "ml": 5.2, "mb": 6.1, "ms": 5.8}}, {"type": "Feature", "geometry": {"type": "Point", "coordinates": [125.035, 12.962]}, "properties": {"id": "PH-2278", "datetime_utc": "2003-07-01T17:00:24.200000Z", "year": 2003, "mag": 6.0, "mag_type": "Ms", "depth_km": 54.0, "ml": 5.3, "mb": 6.2, "ms": 6.0}}, {"type": "Feature", "geometry": {"type": "Point", "coordinates": [122.118, 20.266]}, "properties": {"id": "PH-2279", "datetime_utc": "2003-07-07T19:55:07.410000Z", "year": 2003, "mag": 5.2, "mag_type": "Ms", "depth_km": 29.0, "ml": 5.0, "mb": 6.0, "ms": 5.2}}, {"type": "Feature", "geometry": {"type": "Point", "coordinates": [121.837, 9.206]}, "properties": {"id": "PH-2280", "datetime_utc": "2003-07-11T13:53:24.270000Z", "year": 2003, "mag": 5.9, "mag_type": "Ms", "depth_km": 27.0, "ml": 5.3, "mb": 6.2, "ms": 5.9}}, {"type": "Feature", "geometry": {"type": "Point", "coordinates": [126.829, 5.079]}, "properties": {"id": "PH-2281", "datetime_utc": "2003-07-28T23:44:03.920000Z", "year": 2003, "mag": 5.0, "mag_type": "Ms", "depth_km": 56.0, "ml": 4.7, "mb": 5.7, "ms": 5.0}}, {"type": "Feature", "geometry": {"type": "Point", "coordinates": [126.354, 5.874]}, "properties": {"id": "PH-2282", "datetime_utc": "2003-08-04T20:54:33.420000Z", "year": 2003, "mag": 5.2, "mag_type": "Ms", "depth_km": 90.0, "ml": 4.8, "mb": 5.8, "ms": 5.2}}, {"type": "Feature", "geometry": {"type": "Point", "coordinates": [122.217, 12.253]}, "properties": {"id": "PH-2283", "datetime_utc": "2003-09-01T15:13:07.550000Z", "year": 2003, "mag": 5.3, "mag_type": "Ms", "depth_km": 13.0, "ml": 4.9, "mb": 5.9, "ms": 5.3}}, {"type": "Feature", "geometry": {"type": "Point", "coordinates": [119.58, 13.676]}, "properties": {"id": "PH-2284", "datetime_utc": "2003-10-09T22:19:12.760000Z", "year": 2003, "mag": 5.0, "mag_type": "Ms", "depth_km": 39.0, "ml": 5.0, "mb": 5.8, "ms": 5.0}}, {"type": "Feature", "geometry": {"type": "Point", "coordinates": [125.579, 12.193]}, "properties": {"id": "PH-2285", "datetime_utc": "2003-11-18T17:14:23.050000Z", "year": 2003, "mag": 6.6, "mag_type": "Ms", "depth_km": 38.0, "ml": 5.7, "mb": 6.6, "ms": 6.6}}, {"type": "Feature", "geometry": {"type": "Point", "coordinates": [127.042, 2.983]}, "properties": {"id": "PH-2286", "datetime_utc": "2003-11-29T20:16:59.150000Z", "year": 2003, "mag": 5.2, "mag_type": "Ms", "depth_km": 46.0, "ml": 4.8, "mb": 5.7, "ms": 5.2}}, {"type": "Feature", "geometry": {"type": "Point", "coordinates": [125.813, 11.453]}, "properties": {"id": "PH-2287", "datetime_utc": "2003-12-06T05:41:21.470000Z", "year": 2003, "mag": 5.2, "mag_type": "Ms", "depth_km": 3.0, "ml": 4.8, "mb": 5.8, "ms": 5.2}}, {"type": "Feature", "geometry": {"type": "Point", "coordinates": [125.37, 11.41]}, "properties": {"id": "PH-2288", "datetime_utc": "2003-12-06T09:57:59.020000Z", "year": 2003, "mag": 5.0, "mag_type": "Ms", "depth_km": 2.0, "ml": 4.7, "mb": 5.6, "ms": 5.0}}, {"type": "Feature", "geometry": {"type": "Point", "coordinates": [120.655, 17.814]}, "properties": {"id": "PH-2289", "datetime_utc": "2003-12-10T15:51:38.920000Z", "year": 2003, "mag": 5.0, "mag_type": "Ms", "depth_km": 11.0, "ml": 4.6, "mb": 5.6, "ms": 5.0}}, {"type": "Feature", "geometry": {"type": "Point", "coordinates": [124.639, 14.035]}, "properties": {"id": "PH-2290", "datetime_utc": "2003-12-19T13:05:29.840000Z", "year": 2003, "mag": 5.3, "mag_type": "Ms", "depth_km": 86.0, "ml": 4.9, "mb": 5.8, "ms": 5.3}}, {"type": "Feature", "geometry": {"type": "Point", "coordinates": [127.135, 6.555]}, "properties": {"id": "PH-2291", "datetime_utc": "2004-01-29T09:48:44.210000Z", "year": 2004, "mag": 5.0, "mag_type": "Ms", "depth_km": 202.0, "ml": 4.7, "mb": 5.6, "ms": 5.0}}, {"type": "Feature", "geometry": {"type": "Point", "coordinates": [123.131, 8.06]}, "properties": {"id": "PH-2292", "datetime_utc": "2004-02-26T15:30:08.220000Z", "year": 2004, "mag": 5.0, "mag_type": "Ms", "depth_km": 18.0, "ml": 4.6, "mb": 5.6, "ms": 5.0}}, {"type": "Feature", "geometry": {"type": "Point", "coordinates": [123.294, 8.177]}, "properties": {"id": "PH-2293", "datetime_utc": "2004-02-26T17:25:55.910000Z", "year": 2004, "mag": 5.0, "mag_type": "Ms", "depth_km": 20.0, "ml": 4.6, "mb": 5.6, "ms": 5.0}}, {"type": "Feature", "geometry": {"type": "Point", "coordinates": [126.646, 3.475]}, "properties": {"id": "PH-2294", "datetime_utc": "2004-03-12T09:18:40.430000Z", "year": 2004, "mag": 5.3, "mag_type": "Ms", "depth_km": 5.0, "ml": 4.9, "mb": 5.8, "ms": 5.3}}, {"type": "Feature", "geometry": {"type": "Point", "coordinates": [124.37, 11.341]}, "properties": {"id": "PH-2295", "datetime_utc": "2004-03-27T23:21:02.920000Z", "year": 2004, "mag": 5.1, "mag_type": "Ms", "depth_km": 2.0, "ml": 4.7, "mb": 5.7, "ms": 5.1}}, {"type": "Feature", "geometry": {"type": "Point", "coordinates": [126.055, 7.727]}, "properties": {"id": "PH-2296", "datetime_utc": "2004-05-16T11:01:16.690000Z", "year": 2004, "mag": 5.7, "mag_type": "Ms", "depth_km": 2.0, "ml": 5.1, "mb": 6.0, "ms": 5.7}}, {"type": "Feature", "geometry": {"type": "Point", "coordinates": [126.067, 7.708]}, "properties": {"id": "PH-2297", "datetime_utc": "2004-05-17T08:11:47.570000Z", "year": 2004, "mag": 5.0, "mag_type": "Ms", "depth_km": 1.0, "ml": 4.7, "mb": 5.7, "ms": 5.0}}, {"type": "Feature", "geometry": {"type": "Point", "coordinates": [123.982, 10.006]}, "properties": {"id": "PH-2298", "datetime_utc": "2004-05-19T21:28:07.770000Z", "year": 2004, "mag": 5.2, "mag_type": "Ms", "depth_km": 5.0, "ml": 4.8, "mb": 5.8, "ms": 5.2}}, {"type": "Feature", "geometry": {"type": "Point", "coordinates": [126.055, 6.69]}, "properties": {"id": "PH-2299", "datetime_utc": "2004-05-27T10:10:41.430000Z", "year": 2004, "mag": 5.7, "mag_type": "Ms", "depth_km": 51.0, "ml": 5.2, "mb": 6.1, "ms": 5.7}}, {"type": "Feature", "geometry": {"type": "Point", "coordinates": [128.436, 4.601]}, "properties": {"id": "PH-2300", "datetime_utc": "2004-05-30T01:55:57Z", "year": 2004, "mag": 5.2, "mag_type": "Ms", "depth_km": 4.0, "ml": 4.8, "mb": 5.7, "ms": 5.2}}, {"type": "Feature", "geometry": {"type": "Point", "coordinates": [123.097, 12.736]}, "properties": {"id": "PH-2301", "datetime_utc": "2004-06-28T05:06:14.630000Z", "year": 2004, "mag": 5.2, "mag_type": "Ms", "depth_km": 21.0, "ml": 4.7, "mb": 5.7, "ms": 5.2}}, {"type": "Feature", "geometry": {"type": "Point", "coordinates": [122.655, 19.916]}, "properties": {"id": "PH-2302", "datetime_utc": "2004-07-31T04:48:21.470000Z", "year": 2004, "mag": 5.1, "mag_type": "Ms", "depth_km": 1.0, "ml": 4.7, "mb": 5.7, "ms": 5.1}}, {"type": "Feature", "geometry": {"type": "Point", "coordinates": [125.945, 8.237]}, "properties": {"id": "PH-2303", "datetime_utc": "2004-08-20T17:13:20.980000Z", "year": 2004, "mag": 5.0, "mag_type": "Ms", "depth_km": 15.0, "ml": 4.6, "mb": 5.6, "ms": 5.0}}, {"type": "Feature", "geometry": {"type": "Point", "coordinates": [127.068, 7.502]}, "properties": {"id": "PH-2304", "datetime_utc": "2004-08-31T16:25:16.140000Z", "year": 2004, "mag": 5.6, "mag_type": "Ms", "depth_km": 43.0, "ml": 5.1, "mb": 6.0, "ms": 5.6}}, {"type": "Feature", "geometry": {"type": "Point", "coordinates": [124.054, 5.528]}, "properties": {"id": "PH-2305", "datetime_utc": "2004-09-07T07:04:04.530000Z", "year": 2004, "mag": 5.3, "mag_type": "Ms", "depth_km": 26.0, "ml": 4.9, "mb": 5.8, "ms": 5.3}}, {"type": "Feature", "geometry": {"type": "Point", "coordinates": [127.32, 8.202]}, "properties": {"id": "PH-2306", "datetime_utc": "2004-09-14T20:15:18.650000Z", "year": 2004, "mag": 5.5, "mag_type": "Ms", "depth_km": 3.0, "ml": 5.0, "mb": 6.0, "ms": 5.5}}, {"type": "Feature", "geometry": {"type": "Point", "coordinates": [120.166, 14.284]}, "properties": {"id": "PH-2307", "datetime_utc": "2004-09-15T19:10:48.080000Z", "year": 2004, "mag": 6.2, "mag_type": "Ms", "depth_km": 91.0, "ml": 5.5, "mb": 6.4, "ms": 6.2}}, {"type": "Feature", "geometry": {"type": "Point", "coordinates": [125.548, 5.24]}, "properties": {"id": "PH-2308", "datetime_utc": "2004-09-15T19:45:33.550000Z", "year": 2004, "mag": 5.2, "mag_type": "Ms", "depth_km": 115.0, "ml": 4.8, "mb": 5.8, "ms": 5.2}}, {"type": "Feature", "geometry": {"type": "Point", "coordinates": [120.413, 13.815]}, "properties": {"id": "PH-2309", "datetime_utc": "2004-10-08T14:36:06.090000Z", "year": 2004, "mag": 6.2, "mag_type": "Ms", "depth_km": 94.0, "ml": 5.5, "mb": 6.4, "ms": 6.2}}, {"type": "Feature", "geometry": {"type": "Point", "coordinates": [127.043, 15.553]}, "properties": {"id": "PH-2310", "datetime_utc": "2004-10-09T21:44:01.050000Z", "year": 2004, "mag": 5.2, "mag_type": "Ms", "depth_km": 21.0, "ml": 4.8, "mb": 5.7, "ms": 5.2}}, {"type": "Feature", "geometry": {"type": "Point", "coordinates": [126.431, 5.38]}, "properties": {"id": "PH-2311", "datetime_utc": "2004-10-11T06:37:16.010000Z", "year": 2004, "mag": 5.7, "mag_type": "Ms", "depth_km": 32.0, "ml": 5.1, "mb": 6.0, "ms": 5.7}}, {"type": "Feature", "geometry": {"type": "Point", "coordinates": [118.96, 15.714]}, "properties": {"id": "PH-2312", "datetime_utc": "2004-10-29T19:28:55.850000Z", "year": 2004, "mag": 5.4, "mag_type": "Ms", "depth_km": 16.0, "ml": 4.9, "mb": 5.9, "ms": 5.4}}, {"type": "Feature", "geometry": {"type": "Point", "coordinates": [121.198, 19.65]}, "properties": {"id": "PH-2313", "datetime_utc": "2004-11-27T09:40:47.050000Z", "year": 2004, "mag": 5.0, "mag_type": "Ms", "depth_km": 17.0, "ml": 4.6, "mb": 5.6, "ms": 5.0}}, {"type": "Feature", "geometry": {"type": "Point", "coordinates": [123.84, 7.387]}, "properties": {"id": "PH-2314", "datetime_utc": "2004-12-19T15:14:51.820000Z", "year": 2004, "mag": 5.2, "mag_type": "Ms", "depth_km": 593.0, "ml": 4.7, "mb": 5.7, "ms": 5.2}}, {"type": "Feature", "geometry": {"type": "Point", "coordinates": [126.289, 5.779]}, "properties": {"id": "PH-2315", "datetime_utc": "2005-01-13T00:07:17.460000Z", "year": 2005, "mag": 5.0, "mag_type": "Ms", "depth_km": 1.0, "ml": 4.6, "mb": 5.6, "ms": 5.0}}, {"type": "Feature", "geometry": {"type": "Point", "coordinates": [126.801, 3.682]}, "properties": {"id": "PH-2316", "datetime_utc": "2005-01-20T16:47:05.360000Z", "year": 2005, "mag": 5.4, "mag_type": "Ms", "depth_km": 18.0, "ml": 5.0, "mb": 5.9, "ms": 5.4}}, {"type": "Feature", "geometry": {"type": "Point", "coordinates": [123.529, 5.025]}, "properties": {"id": "PH-2317", "datetime_utc": "2005-02-05T12:23:15.800000Z", "year": 2005, "mag": 6.9, "mag_type": "Ms", "depth_km": 558.0, "ml": 5.9, "mb": 6.8, "ms": 6.9}}, {"type": "Feature", "geometry": {"type": "Point", "coordinates": [124.977, 12.474]}, "properties": {"id": "PH-2318", "datetime_utc": "2005-02-06T09:27:59.790000Z", "year": 2005, "mag": 5.1, "mag_type": "Ms", "depth_km": 54.0, "ml": 5.1, "mb": 4.0, "ms": 5.1}}, {"type": "Feature", "geometry": {"type": "Point", "coordinates": [120.535, 13.699]}, "properties": {"id": "PH-2319", "datetime_utc": "2005-02-09T20:59:53.300000Z", "year": 2005, "mag": 5.4, "mag_type": "Ms", "depth_km": 89.0, "ml": 4.8, "mb": 5.7, "ms": 5.4}}, {"type": "Feature", "geometry": {"type": "Point", "coordinates": [126.971, 4.163]}, "properties": {"id": "PH-2320", "datetime_utc": "2005-02-15T14:42:18.160000Z", "year": 2005, "mag": 6.4, "mag_type": "Ms", "depth_km": 14.0, "ml": 5.6, "mb": 6.5, "ms": 6.4}}, {"type": "Feature", "geometry": {"type": "Point", "coordinates": [126.273, 9.655]}, "properties": {"id": "PH-2321", "datetime_utc": "2005-02-20T04:52:50.100000Z", "year": 2005, "mag": 5.0, "mag_type": "Ms", "depth_km": 27.0, "ml": 4.6, "mb": 5.6, "ms": 5.0}}, {"type": "Feature", "geometry": {"type": "Point", "coordinates": [126.427, 8.925]}, "properties": {"id": "PH-2322", "datetime_utc": "2005-02-20T05:08:39.170000Z", "year": 2005, "mag": 5.1, "mag_type": "Ms", "depth_km": 48.0, "ml": 4.7, "mb": 5.7, "ms": 5.1}}, {"type": "Feature", "geometry": {"type": "Point", "coordinates": [123.101, 12.703]}, "properties": {"id": "PH-2323", "datetime_utc": "2005-02-22T03:20:07.420000Z", "year": 2005, "mag": 5.7, "mag_type": "Ms", "depth_km": 19.0, "ml": 5.2, "mb": 6.1, "ms": 5.7}}, {"type": "Feature", "geometry": {"type": "Point", "coordinates": [120.584, 13.558]}, "properties": {"id": "PH-2324", "datetime_utc": "2005-04-03T01:41:31.070000Z", "year": 2005, "mag": 5.3, "mag_type": "Ms", "depth_km": 95.0, "ml": 4.9, "mb": 5.9, "ms": 5.3}}, {"type": "Feature", "geometry": {"type": "Point", "coordinates": [125.771, 6.278]}, "properties": {"id": "PH-2325", "datetime_utc": "2005-05-19T14:17:25.850000Z", "year": 2005, "mag": 5.2, "mag_type": "Ms", "depth_km": 124.0, "ml": 4.8, "mb": 5.7, "ms": 5.2}}, {"type": "Feature", "geometry": {"type": "Point", "coordinates": [126.399, 9.691]}, "properties": {"id": "PH-2326", "datetime_utc": "2005-06-22T06:30:13.540000Z", "year": 2005, "mag": 5.3, "mag_type": "Ms", "depth_km": 11.0, "ml": 4.9, "mb": 5.8, "ms": 5.3}}, {"type": "Feature", "geometry": {"type": "Point", "coordinates": [122.478, 10.644]}, "properties": {"id": "PH-2327", "datetime_utc": "2005-07-14T22:53:47.310000Z", "year": 2005, "mag": 5.0, "mag_type": "Ms", "depth_km": 26.0, "ml": 4.7, "mb": 5.6, "ms": 5.0}}, {"type": "Feature", "geometry": {"type": "Point", "coordinates": [125.92, 11.835]}, "properties": {"id": "PH-2328", "datetime_utc": "2005-08-06T12:40:35.850000Z", "year": 2005, "mag": 5.2, "mag_type": "Ms", "depth_km": 5.0, "ml": 4.7, "mb": 5.7, "ms": 5.2}}, {"type": "Feature", "geometry": {"type": "Point", "coordinates": [121.033, 19.201]}, "properties": {"id": "PH-2329", "datetime_utc": "2005-08-06T20:25:29.290000Z", "year": 2005, "mag": 5.1, "mag_type": "Ms", "depth_km": 26.0, "ml": 4.7, "mb": 5.7, "ms": 5.1}}, {"type": "Feature", "geometry": {"type": "Point", "coordinates": [125.337, 9.469]}, "properties": {"id": "PH-2330", "datetime_utc": "2005-10-04T09:12:44.140000Z", "year": 2005, "mag": 5.0, "mag_type": "Ms", "depth_km": 4.0, "ml": 4.6, "mb": 5.6, "ms": 5.0}}, {"type": "Feature", "geometry": {"type": "Point", "coordinates": [123.228, 14.749]}, "properties": {"id": "PH-2331", "datetime_utc": "2005-11-18T04:33:59.890000Z", "year": 2005, "mag": 5.2, "mag_type": "Ms", "depth_km": 15.0, "ml": 4.8, "mb": 5.8, "ms": 5.2}}, {"type": "Feature", "geometry": {"type": "Point", "coordinates": [125.926, 6.252]}, "properties": {"id": "PH-2332", "datetime_utc": "2005-11-19T17:55:08.610000Z", "year": 2005, "mag": 5.4, "mag_type": "Ms", "depth_km": 71.0, "ml": 5.0, "mb": 5.9, "ms": 5.4}}, {"type": "Feature", "geometry": {"type": "Point", "coordinates": [126.336, 5.693]}, "properties": {"id": "PH-2333", "datetime_utc": "2005-11-25T05:31:20.160000Z", "year": 2005, "mag": 5.8, "mag_type": "Ms", "depth_km": 39.0, "ml": 5.2, "mb": 6.1, "ms": 5.8}}, {"type": "Feature", "geometry": {"type": "Point", "coordinates": [123.676, 5.912]}, "properties": {"id": "PH-2334", "datetime_utc": "2005-11-30T16:53:40.650000Z", "year": 2005, "mag": 5.7, "mag_type": "Ms", "depth_km": 30.0, "ml": 5.1, "mb": 6.0, "ms": 5.7}}, {"type": "Feature", "geometry": {"type": "Point", "coordinates": [120.654, 14.024]}, "properties": {"id": "PH-2335", "datetime_utc": "2005-12-11T16:23:38.680000Z", "year": 2005, "mag": 5.1, "mag_type": "Ms", "depth_km": 205.0, "ml": 4.7, "mb": 5.7, "ms": 5.1}}, {"type": "Feature", "geometry": {"type": "Point", "coordinates": [125.833, 7.048]}, "properties": {"id": "PH-2336", "datetime_utc": "2006-01-23T14:20:10.660000Z", "year": 2006, "mag": 5.1, "mag_type": "Ms", "depth_km": 73.0, "ml": 4.7, "mb": 5.7, "ms": 5.1}}, {"type": "Feature", "geometry": {"type": "Point", "coordinates": [121.366, 12.064]}, "properties": {"id": "PH-2337", "datetime_utc": "2006-03-27T23:43:36.520000Z", "year": 2006, "mag": 5.3, "mag_type": "Ms", "depth_km": 13.0, "ml": 4.8, "mb": 5.8, "ms": 5.3}}, {"type": "Feature", "geometry": {"type": "Point", "coordinates": [126.873, 3.26]}, "properties": {"id": "PH-2338", "datetime_utc": "2006-03-31T21:14:38.410000Z", "year": 2006, "mag": 6.1, "mag_type": "Ms", "depth_km": 41.0, "ml": 5.4, "mb": 6.3, "ms": 6.1}}, {"type": "Feature", "geometry": {"type": "Point", "coordinates": [126.035, 3.815]}, "properties": {"id": "PH-2339", "datetime_utc": "2006-04-01T21:44:34.280000Z", "year": 2006, "mag": 5.4, "mag_type": "Ms", "depth_km": 54.0, "ml": 4.9, "mb": 5.9, "ms": 5.4}}, {"type": "Feature", "geometry": {"type": "Point", "coordinates": [126.849, 3.821]}, "properties": {"id": "PH-2340", "datetime_utc": "2006-04-01T21:50:03.930000Z", "year": 2006, "mag": 5.0, "mag_type": "Ms", "depth_km": 190.0, "ml": 4.7, "mb": 5.7, "ms": 5.0}}, {"type": "Feature", "geometry": {"type": "Point", "coordinates": [125.06, 5.994]}, "properties": {"id": "PH-2341", "datetime_utc": "2006-04-16T17:46:34.780000Z", "year": 2006, "mag": 5.5, "mag_type": "Ms", "depth_km": 213.0, "ml": 5.0, "mb": 5.9, "ms": 5.5}}, {"type": "Feature", "geometry": {"type": "Point", "coordinates": [126.826, 3.34]}, "properties": {"id": "PH-2342", "datetime_utc": "2006-05-12T20:15:11.570000Z", "year": 2006, "mag": 5.4, "mag_type": "Ms", "depth_km": 24.0, "ml": 4.9, "mb": 5.9, "ms": 5.4}}, {"type": "Feature", "geometry": {"type": "Point", "coordinates": [126.232, 5.776]}, "properties": {"id": "PH-2343", "datetime_utc": "2006-05-22T05:05:56.240000Z", "year": 2006, "mag": 5.0, "mag_type": "Ms", "depth_km": 102.0, "ml": 4.7, "mb": 5.6, "ms": 5.0}}, {"type": "Feature", "geometry": {"type": "Point", "coordinates": [120.254, 20.565]}, "properties": {"id": "PH-2344", "datetime_utc": "2006-05-25T14:19:27.110000Z", "year": 2006, "mag": 5.0, "mag_type": "Ms", "depth_km": 6.0, "ml": 4.6, "mb": 5.6, "ms": 5.0}}, {"type": "Feature", "geometry": {"type": "Point", "coordinates": [121.096, 19.574]}, "properties": {"id": "PH-2345", "datetime_utc": "2006-05-28T09:00:10.610000Z", "year": 2006, "mag": 5.3, "mag_type": "Ms", "depth_km": 35.0, "ml": 4.8, "mb": 5.7, "ms": 5.3}}, {"type": "Feature", "geometry": {"type": "Point", "coordinates": [119.955, 20.912]}, "properties": {"id": "PH-2346", "datetime_utc": "2006-05-31T18:06:50.430000Z", "year": 2006, "mag": 5.2, "mag_type": "Ms", "depth_km": 74.0, "ml": 4.8, "mb": 5.8, "ms": 5.2}}, {"type": "Feature", "geometry": {"type": "Point", "coordinates": [126.653, 7.591]}, "properties": {"id": "PH-2347", "datetime_utc": "2006-09-05T04:52:58.300000Z", "year": 2006, "mag": 5.6, "mag_type": "Ms", "depth_km": 132.0, "ml": 5.1, "mb": 6.0, "ms": 5.6}}, {"type": "Feature", "geometry": {"type": "Point", "coordinates": [126.521, 8.306]}, "properties": {"id": "PH-2348", "datetime_utc": "2006-09-12T15:56:33.020000Z", "year": 2006, "mag": 5.3, "mag_type": "Ms", "depth_km": 69.0, "ml": 4.8, "mb": 5.8, "ms": 5.3}}, {"type": "Feature", "geometry": {"type": "Point", "coordinates": [125.508, 5.693]}, "properties": {"id": "PH-2349", "datetime_utc": "2006-10-04T03:54:05.110000Z", "year": 2006, "mag": 5.5, "mag_type": "Ms", "depth_km": 13.0, "ml": 5.0, "mb": 5.9, "ms": 5.5}}, {"type": "Feature", "geometry": {"type": "Point", "coordinates": [121.536, 13.453]}, "properties": {"id": "PH-2350", "datetime_utc": "2006-10-20T14:30:59.080000Z", "year": 2006, "mag": 5.2, "mag_type": "Ms", "depth_km": 9.0, "ml": 4.8, "mb": 5.7, "ms": 5.2}}, {"type": "Feature", "geometry": {"type": "Point", "coordinates": [121.544, 13.452]}, "properties": {"id": "PH-2351", "datetime_utc": "2006-10-20T14:30:59.110000Z", "year": 2006, "mag": 5.2, "mag_type": "Ms", "depth_km": 10.0, "ml": 4.8, "mb": 5.8, "ms": 5.2}}, {"type": "Feature", "geometry": {"type": "Point", "coordinates": [121.552, 13.442]}, "properties": {"id": "PH-2352", "datetime_utc": "2006-10-20T22:09:28Z", "year": 2006, "mag": 5.1, "mag_type": "Ms", "depth_km": 11.0, "ml": 4.7, "mb": 5.7, "ms": 5.1}}, {"type": "Feature", "geometry": {"type": "Point", "coordinates": [126.052, 3.778]}, "properties": {"id": "PH-2353", "datetime_utc": "2006-10-30T07:39:03.430000Z", "year": 2006, "mag": 5.2, "mag_type": "Ms", "depth_km": 68.0, "ml": 4.8, "mb": 5.7, "ms": 5.2}}, {"type": "Feature", "geometry": {"type": "Point", "coordinates": [126.255, 5.731]}, "properties": {"id": "PH-2354", "datetime_utc": "2006-11-04T06:18:56.390000Z", "year": 2006, "mag": 5.1, "mag_type": "Ms", "depth_km": 32.0, "ml": 4.7, "mb": 5.6, "ms": 5.1}}, {"type": "Feature", "geometry": {"type": "Point", "coordinates": [126.075, 5.75]}, "properties": {"id": "PH-2355", "datetime_utc": "2006-11-09T15:43:52Z", "year": 2006, "mag": 5.3, "mag_type": "Ms", "depth_km": 104.0, "ml": 4.8, "mb": 5.8, "ms": 5.3}}, {"type": "Feature", "geometry": {"type": "Point", "coordinates": [126.276, 4.892]}, "properties": {"id": "PH-2356", "datetime_utc": "2006-11-13T14:16:16.500000Z", "year": 2006, "mag": 5.4, "mag_type": "Ms", "depth_km": 65.0, "ml": 4.9, "mb": 5.9, "ms": 5.4}}, {"type": "Feature", "geometry": {"type": "Point", "coordinates": [123.644, 6.326]}, "properties": {"id": "PH-2357", "datetime_utc": "2006-11-14T10:48:19.560000Z", "year": 2006, "mag": 5.2, "mag_type": "Ms", "depth_km": 21.0, "ml": 4.8, "mb": 5.8, "ms": 5.2}}, {"type": "Feature", "geometry": {"type": "Point", "coordinates": [127.164, 4.979]}, "properties": {"id": "PH-2358", "datetime_utc": "2006-11-15T03:52:27.650000Z", "year": 2006, "mag": 5.3, "mag_type": "Ms", "depth_km": 148.0, "ml": 4.9, "mb": 5.8, "ms": 5.3}}, {"type": "Feature", "geometry": {"type": "Point", "coordinates": [123.631, 6.54]}, "properties": {"id": "PH-2359", "datetime_utc": "2006-11-15T04:43:10.220000Z", "year": 2006, "mag": 5.5, "mag_type": "Ms", "depth_km": 5.0, "ml": 4.9, "mb": 5.9, "ms": 5.5}}, {"type": "Feature", "geometry": {"type": "Point", "coordinates": [124.819, 7.407]}, "properties": {"id": "PH-2360", "datetime_utc": "2006-11-24T17:54:40.490000Z", "year": 2006, "mag": 5.0, "mag_type": "Ms", "depth_km": 4.0, "ml": 4.6, "mb": 5.6, "ms": 5.0}}, {"type": "Feature", "geometry": {"type": "Point", "coordinates": [124.016, 5.639]}, "properties": {"id": "PH-2361", "datetime_utc": "2006-11-29T00:47:56.370000Z", "year": 2006, "mag": 5.3, "mag_type": "Ms", "depth_km": 15.0, "ml": 4.8, "mb": 5.8, "ms": 5.3}}, {"type": "Feature", "geometry": {"type": "Point", "coordinates": [122.185, 9.64]}, "properties": {"id": "PH-2362", "datetime_utc": "2006-12-06T03:26:03.940000Z", "year": 2006, "mag": 5.0, "mag_type": "Ms", "depth_km": 25.0, "ml": 4.6, "mb": 5.6, "ms": 5.0}}, {"type": "Feature", "geometry": {"type": "Point", "coordinates": [128.504, 2.169]}, "properties": {"id": "PH-2363", "datetime_utc": "2006-12-11T23:26:33.020000Z", "year": 2006, "mag": 5.9, "mag_type": "Ms", "depth_km": 167.0, "ml": 5.2, "mb": 6.1, "ms": 5.9}}, {"type": "Feature", "geometry": {"type": "Point", "coordinates": [125.927, 6.584]}, "properties": {"id": "PH-2364", "datetime_utc": "2006-12-12T09:37:38.410000Z", "year": 2006, "mag": 5.2, "mag_type": "Ms", "depth_km": 56.0, "ml": 4.8, "mb": 5.7, "ms": 5.2}}, {"type": "Feature", "geometry": {"type": "Point", "coordinates": [125.002, 3.447]}, "properties": {"id": "PH-2365", "datetime_utc": "2006-12-12T15:48:01.610000Z", "year": 2006, "mag": 6.2, "mag_type": "Ms", "depth_km": 247.0, "ml": 5.4, "mb": 6.4, "ms": 6.2}}, {"type": "Feature", "geometry": {"type": "Point", "coordinates": [125.81, 13.412]}, "properties": {"id": "PH-2366", "datetime_utc": "2006-12-20T23:55:54.210000Z", "year": 2006, "mag": 5.7, "mag_type": "Ms", "depth_km": 20.0, "ml": 5.1, "mb": 6.0, "ms": 5.7}}, {"type": "Feature", "geometry": {"type": "Point", "coordinates": [125.812, 13.413]}, "properties": {"id": "PH-2367", "datetime_utc": "2006-12-20T23:55:54.250000Z", "year": 2006, "mag": 5.6, "mag_type": "Ms", "depth_km": 21.0, "ml": 5.1, "mb": 6.0, "ms": 5.6}}, {"type": "Feature", "geometry": {"type": "Point", "coordinates": [125.716, 3.343]}, "properties": {"id": "PH-2368", "datetime_utc": "2006-12-22T11:06:07.270000Z", "year": 2006, "mag": 5.2, "mag_type": "Ms", "depth_km": 180.0, "ml": 4.8, "mb": 5.7, "ms": 5.2}}, {"type": "Feature", "geometry": {"type": "Point", "coordinates": [120.726, 21.653]}, "properties": {"id": "PH-2369", "datetime_utc": "2006-12-26T12:26:23.840000Z", "year": 2006, "mag": 7.1, "mag_type": "Ms", "depth_km": 12.0, "ms": 7.1}}, {"type": "Feature", "geometry": {"type": "Point", "coordinates": [121.449, 21.663]}, "properties": {"id": "PH-2370", "datetime_utc": "2006-12-26T12:34:21.990000Z", "year": 2006, "mag": 7.0, "mag_type": "Ms", "depth_km": 52.0, "ms": 7.0}}, {"type": "Feature", "geometry": {"type": "Point", "coordinates": [120.465, 21.784]}, "properties": {"id": "PH-2371", "datetime_utc": "2006-12-26T17:35:10.310000Z", "year": 2006, "mag": 5.1, "mag_type": "Ms", "depth_km": 16.0, "ml": 4.7, "mb": 5.7, "ms": 5.1}}, {"type": "Feature", "geometry": {"type": "Point", "coordinates": [125.917, 3.178]}, "properties": {"id": "PH-2372", "datetime_utc": "2006-12-26T22:56:37.120000Z", "year": 2006, "mag": 5.2, "mag_type": "Ms", "depth_km": 15.0, "ml": 4.7, "mb": 5.7, "ms": 5.2}}, {"type": "Feature", "geometry": {"type": "Point", "coordinates": [125.982, 11.792]}, "properties": {"id": "PH-2373", "datetime_utc": "2007-01-06T10:54:04.920000Z", "year": 2007, "mag": 5.2, "mag_type": "Ms", "depth_km": 9.0, "ml": 4.7, "mb": 5.7, "ms": 5.2}}, {"type": "Feature", "geometry": {"type": "Point", "coordinates": [126.625, 5.382]}, "properties": {"id": "PH-2374", "datetime_utc": "2007-01-15T20:59:39.590000Z", "year": 2007, "mag": 5.0, "mag_type": "Ms", "depth_km": 37.0, "ml": 4.6, "mb": 5.6, "ms": 5.0}}, {"type": "Feature", "geometry": {"type": "Point", "coordinates": [126.393, 9.731]}, "properties": {"id": "PH-2375", "datetime_utc": "2007-01-18T05:40:45.510000Z", "year": 2007, "mag": 5.2, "mag_type": "Ms", "depth_km": 39.0, "ml": 4.7, "mb": 5.7, "ms": 5.2}}, {"type": "Feature", "geometry": {"type": "Point", "coordinates": [126.556, 5.157]}, "properties": {"id": "PH-2376", "datetime_utc": "2007-02-12T12:45:28.020000Z", "year": 2007, "mag": 6.1, "mag_type": "Ms", "depth_km": 54.0, "ml": 5.4, "mb": 6.3, "ms": 6.1}}, {"type": "Feature", "geometry": {"type": "Point", "coordinates": [120.191, 21.384]}, "properties": {"id": "PH-2377", "datetime_utc": "2007-02-18T21:04:58.970000Z", "year": 2007, "mag": 5.1, "mag_type": "Ms", "depth_km": 13.0, "ml": 3.8, "mb": 4.9, "ms": 5.1}}, {"type": "Feature", "geometry": {"type": "Point", "coordinates": [126.652, 5.151]}, "properties": {"id": "PH-2378", "datetime_utc": "2007-02-19T11:12:58.230000Z", "year": 2007, "mag": 5.4, "mag_type": "Ms", "depth_km": 24.0, "ml": 4.9, "mb": 5.9, "ms": 5.4}}, {"type": "Feature", "geometry": {"type": "Point", "coordinates": [126.571, 3.842]}, "properties": {"id": "PH-2379", "datetime_utc": "2007-03-13T05:50:07.850000Z", "year": 2007, "mag": 5.5, "mag_type": "Ms", "depth_km": 14.0, "ml": 4.9, "mb": 5.9, "ms": 5.5}}, {"type": "Feature", "geometry": {"type": "Point", "coordinates": [126.766, 3.363]}, "properties": {"id": "PH-2380", "datetime_utc": "2007-03-13T05:57:06.710000Z", "year": 2007, "mag": 5.5, "mag_type": "Ms", "depth_km": 1.0, "ml": 5.0, "mb": 5.9, "ms": 5.5}}, {"type": "Feature", "geometry": {"type": "Point", "coordinates": [126.445, 3.948]}, "properties": {"id": "PH-2381", "datetime_utc": "2007-03-15T06:07:58.180000Z", "year": 2007, "mag": 5.3, "mag_type": "Ms", "depth_km": 9.0, "ml": 4.8, "mb": 5.8, "ms": 5.3}}, {"type": "Feature", "geometry": {"type": "Point", "coordinates": [126.43, 9.27]}, "properties": {"id": "PH-2382", "datetime_utc": "2007-03-20T03:10:32Z", "year": 2007, "mag": 5.3, "mag_type": "Ms", "depth_km": 49.0, "ml": 4.8, "mb": 5.8, "ms": 5.3}}, {"type": "Feature", "geometry": {"type": "Point", "coordinates": [126.208, 6.716]}, "properties": {"id": "PH-2383", "datetime_utc": "2007-03-26T11:17:06.500000Z", "year": 2007, "mag": 5.2, "mag_type": "Ms", "depth_km": 38.0, "ml": 4.7, "mb": 5.7, "ms": 5.2}}, {"type": "Feature", "geometry": {"type": "Point", "coordinates": [127.456, 8.012]}, "properties": {"id": "PH-2384", "datetime_utc": "2007-04-14T03:02:33.870000Z", "year": 2007, "mag": 5.1, "mag_type": "Ms", "depth_km": 44.0, "ml": 4.8, "mb": 5.8, "ms": 5.1}}, {"type": "Feature", "geometry": {"type": "Point", "coordinates": [122.271, 20.278]}, "properties": {"id": "PH-2385", "datetime_utc": "2007-04-20T02:48:03.060000Z", "year": 2007, "mag": 5.1, "mag_type": "Ms", "depth_km": 27.0, "ml": 4.83, "mb": 5.8, "ms": 5.1}}, {"type": "Feature", "geometry": {"type": "Point", "coordinates": [125.585, 7.161]}, "properties": {"id": "PH-2386", "datetime_utc": "2007-04-25T11:52:54.500000Z", "year": 2007, "mag": 5.2, "mag_type": "Ms", "depth_km": 61.0, "ml": 5.2, "mb": 4.3, "ms": 5.2}}, {"type": "Feature", "geometry": {"type": "Point", "coordinates": [123.384, 12.626]}, "properties": {"id": "PH-2387", "datetime_utc": "2007-04-26T12:04:31.440000Z", "year": 2007, "mag": 5.3, "mag_type": "Ms", "depth_km": 17.0, "ml": 4.7, "mb": 5.7, "ms": 5.3}}, {"type": "Feature", "geometry": {"type": "Point", "coordinates": [126.702, 3.959]}, "properties": {"id": "PH-2388", "datetime_utc": "2007-04-30T13:30:30.360000Z", "year": 2007, "mag": 5.0, "mag_type": "Ms", "depth_km": 70.0, "ml": 4.6, "mb": 5.6, "ms": 5.0}}, {"type": "Feature", "geometry": {"type": "Point", "coordinates": [119.977, 17.447]}, "properties": {"id": "PH-2389", "datetime_utc": "2007-05-06T18:27:19.300000Z", "year": 2007, "mag": 5.4, "mag_type": "Ms", "depth_km": 24.0, "ml": 4.8, "mb": 5.7, "ms": 5.4}}, {"type": "Feature", "geometry": {"type": "Point", "coordinates": [124.013, 6.633]}, "properties": {"id": "PH-2390", "datetime_utc": "2007-05-09T09:01:46.470000Z", "year": 2007, "mag": 5.2, "mag_type": "Ms", "depth_km": 584.0, "ml": 4.8, "mb": 5.7, "ms": 5.2}}, {"type": "Feature", "geometry": {"type": "Point", "coordinates": [126.953, 8.792]}, "properties": {"id": "PH-2391", "datetime_utc": "2007-05-11T23:00:36.450000Z", "year": 2007, "mag": 5.2, "mag_type": "Ms", "depth_km": 93.0, "ml": 4.8, "mb": 5.7, "ms": 5.2}}, {"type": "Feature", "geometry": {"type": "Point", "coordinates": [122.686, 13.658]}, "properties": {"id": "PH-2392", "datetime_utc": "2007-06-03T10:09:48.770000Z", "year": 2007, "mag": 5.3, "mag_type": "Ms", "depth_km": 5.0, "ml": 4.8, "mb": 5.8, "ms": 5.3}}, {"type": "Feature", "geometry": {"type": "Point", "coordinates": [125.168, 10.347]}, "properties": {"id": "PH-2393", "datetime_utc": "2007-06-14T14:49:55.140000Z", "year": 2007, "mag": 5.0, "mag_type": "Ms", "depth_km": 12.0, "ml": 4.7, "mb": 5.6, "ms": 5.0}}, {"type": "Feature", "geometry": {"type": "Point", "coordinates": [121.321, 21.009]}, "properties": {"id": "PH-2394", "datetime_utc": "2007-06-21T04:08:16.900000Z", "year": 2007, "mag": 5.0, "mag_type": "Ms", "depth_km": 34.0, "ml": 4.6, "mb": 5.6, "ms": 5.0}}, {"type": "Feature", "geometry": {"type": "Point", "coordinates": [123.079, 9.275]}, "properties": {"id": "PH-2395", "datetime_utc": "2007-07-13T00:18:05.330000Z", "year": 2007, "mag": 5.0, "mag_type": "Ms", "depth_km": 1.0, "ml": 4.3, "mb": 5.3, "ms": 5.0}}, {"type": "Feature", "geometry": {"type": "Point", "coordinates": [126.414, 11.566]}, "properties": {"id": "PH-2396", "datetime_utc": "2007-07-15T12:29:15.420000Z", "year": 2007, "mag": 5.3, "mag_type": "Ms", "depth_km": 34.0, "ml": 4.8, "mb": 5.8, "ms": 5.3}}, {"type": "Feature", "geometry": {"type": "Point", "coordinates": [120.698, 13.522]}, "properties": {"id": "PH-2397", "datetime_utc": "2007-07-17T12:42:46.590000Z", "year": 2007, "mag": 5.0, "mag_type": "Ms", "depth_km": 104.0, "ml": 4.6, "mb": 5.6, "ms": 5.0}}, {"type": "Feature", "geometry": {"type": "Point", "coordinates": [125.19, 10.366]}, "properties": {"id": "PH-2398", "datetime_utc": "2007-07-19T15:10:16.770000Z", "year": 2007, "mag": 5.5, "mag_type": "Ms", "depth_km": 2.0, "ml": 5.1, "mb": 6.0, "ms": 5.5}}, {"type": "Feature", "geometry": {"type": "Point", "coordinates": [127.539, 6.099]}, "properties": {"id": "PH-2399", "datetime_utc": "2007-08-20T13:46:19.200000Z", "year": 2007, "mag": 6.6, "mag_type": "Ms", "depth_km": 16.0, "ml": 5.8, "mb": 6.6, "ms": 6.6}}, {"type": "Feature", "geometry": {"type": "Point", "coordinates": [123.546, 7.084]}, "properties": {"id": "PH-2400", "datetime_utc": "2007-08-21T19:07:02.230000Z", "year": 2007, "mag": 5.0, "mag_type": "Ms", "depth_km": 24.0, "ml": 4.6, "mb": 5.6, "ms": 5.0}}, {"type": "Feature", "geometry": {"type": "Point", "coordinates": [127.471, 4.17]}, "properties": {"id": "PH-2401", "datetime_utc": "2007-09-11T01:55:55.010000Z", "year": 2007, "mag": 5.3, "mag_type": "Ms", "depth_km": 22.0, "ml": 4.8, "mb": 5.8, "ms": 5.3}}, {"type": "Feature", "geometry": {"type": "Point", "coordinates": [126.329, 3.686]}, "properties": {"id": "PH-2402", "datetime_utc": "2007-09-13T09:48:43.020000Z", "year": 2007, "mag": 6.1, "mag_type": "Ms", "depth_km": 6.0, "ms": 6.1}}, {"type": "Feature", "geometry": {"type": "Point", "coordinates": [121.03, 20.894]}, "properties": {"id": "PH-2403", "datetime_utc": "2007-09-14T06:08:03.090000Z", "year": 2007, "mag": 5.1, "mag_type": "Ms", "depth_km": 47.0, "ml": 4.7, "mb": 5.7, "ms": 5.1}}, {"type": "Feature", "geometry": {"type": "Point", "coordinates": [125.951, 5.607]}, "properties": {"id": "PH-2404", "datetime_utc": "2007-09-17T14:31:48.860000Z", "year": 2007, "mag": 5.4, "mag_type": "Ms", "depth_km": 101.0, "ml": 4.9, "mb": 5.9, "ms": 5.4}}, {"type": "Feature", "geometry": {"type": "Point", "coordinates": [124.665, 13.266]}, "properties": {"id": "PH-2405", "datetime_utc": "2007-09-22T03:59:36.890000Z", "year": 2007, "mag": 5.1, "mag_type": "Ms", "depth_km": 40.0, "ml": 4.7, "mb": 5.6, "ms": 5.1}}, {"type": "Feature", "geometry": {"type": "Point", "coordinates": [126.439, 7.834]}, "properties": {"id": "PH-2406", "datetime_utc": "2007-09-25T21:54:55.880000Z", "year": 2007, "mag": 5.0, "mag_type": "Ms", "depth_km": 19.0, "ml": 4.6, "mb": 5.6, "ms": 5.0}}, {"type": "Feature", "geometry": {"type": "Point", "coordinates": [127.538, 6.428]}, "properties": {"id": "PH-2407", "datetime_utc": "2007-09-29T06:42:36.210000Z", "year": 2007, "mag": 5.5, "mag_type": "Ms", "depth_km": 1.0, "ml": 5.0, "mb": 5.9, "ms": 5.5}}, {"type": "Feature", "geometry": {"type": "Point", "coordinates": [120.918, 18.961]}, "properties": {"id": "PH-2408", "datetime_utc": "2007-10-09T07:25:17.590000Z", "year": 2007, "mag": 5.3, "mag_type": "Ms", "depth_km": 6.0, "ml": 4.8, "mb": 5.8, "ms": 5.3}}, {"type": "Feature", "geometry": {"type": "Point", "coordinates": [126.139, 5.562]}, "properties": {"id": "PH-2409", "datetime_utc": "2007-10-20T19:25:37.730000Z", "year": 2007, "mag": 5.1, "mag_type": "Ms", "depth_km": 33.0, "ml": 4.7, "mb": 5.6, "ms": 5.1}}, {"type": "Feature", "geometry": {"type": "Point", "coordinates": [119.054, 5.649]}, "properties": {"id": "PH-2410", "datetime_utc": "2007-10-23T20:34:30.270000Z", "year": 2007, "mag": 5.5, "mag_type": "Ms", "depth_km": 10.0, "ml": 4.9, "mb": 5.9, "ms": 5.5}}, {"type": "Feature", "geometry": {"type": "Point", "coordinates": [119.054, 5.649]}, "properties": {"id": "PH-2411", "datetime_utc": "2007-10-23T20:34:30.270000Z", "year": 2007, "mag": 5.5, "mag_type": "Ms", "depth_km": 10.0, "ml": 4.9, "mb": 5.9, "ms": 5.5}}, {"type": "Feature", "geometry": {"type": "Point", "coordinates": [126.135, 4.092]}, "properties": {"id": "PH-2412", "datetime_utc": "2007-11-12T01:36:39.820000Z", "year": 2007, "mag": 5.1, "mag_type": "Ms", "depth_km": 34.0, "ml": 4.7, "mb": 5.7, "ms": 5.1}}, {"type": "Feature", "geometry": {"type": "Point", "coordinates": [126.828, 5.7]}, "properties": {"id": "PH-2413", "datetime_utc": "2007-11-17T15:02:34.030000Z", "year": 2007, "mag": 5.4, "mag_type": "Ms", "depth_km": 52.0, "ml": 4.9, "mb": 5.9, "ms": 5.4}}, {"type": "Feature", "geometry": {"type": "Point", "coordinates": [119.654, 16.079]}, "properties": {"id": "PH-2414", "datetime_utc": "2007-11-27T04:26:57.750000Z", "year": 2007, "mag": 6.0, "mag_type": "Ms", "depth_km": 19.0, "ml": 5.2, "mb": 6.1, "ms": 6.0}}, {"type": "Feature", "geometry": {"type": "Point", "coordinates": [127.207, 4.165]}, "properties": {"id": "PH-2415", "datetime_utc": "2007-11-29T09:03:15.970000Z", "year": 2007, "mag": 5.0, "mag_type": "Ms", "depth_km": 222.0, "ml": 4.6, "mb": 5.6, "ms": 5.0}}, {"type": "Feature", "geometry": {"type": "Point", "coordinates": [125.554, 12.422]}, "properties": {"id": "PH-2416", "datetime_utc": "2007-12-06T21:43:46.450000Z", "year": 2007, "mag": 5.4, "mag_type": "Ms", "depth_km": 61.0, "ml": 4.9, "mb": 5.8, "ms": 5.4}}, {"type": "Feature", "geometry": {"type": "Point", "coordinates": [125.61, 12.47]}, "properties": {"id": "PH-2417", "datetime_utc": "2007-12-09T05:22:08.240000Z", "year": 2007, "mag": 5.4, "mag_type": "Ms", "depth_km": 23.0, "ml": 4.9, "mb": 5.8, "ms": 5.4}}, {"type": "Feature", "geometry": {"type": "Point", "coordinates": [125.75, 12.655]}, "properties": {"id": "PH-2418", "datetime_utc": "2007-12-12T19:58:39.920000Z", "year": 2007, "mag": 5.0, "mag_type": "Ms", "depth_km": 30.0, "ml": 4.6, "mb": 5.6, "ms": 5.0}}, {"type": "Feature", "geometry": {"type": "Point", "coordinates": [126.353, 9.654]}, "properties": {"id": "PH-2419", "datetime_utc": "2007-12-27T17:52:10.550000Z", "year": 2007, "mag": 5.4, "mag_type": "Ms", "depth_km": 5.0, "ml": 4.9, "mb": 5.8, "ms": 5.4}}, {"type": "Feature", "geometry": {"type": "Point", "coordinates": [126.353, 9.654]}, "properties": {"id": "PH-2420", "datetime_utc": "2007-12-27T17:52:10.550000Z", "year": 2007, "mag": 5.4, "mag_type": "Ms", "depth_km": 5.0, "ml": 4.9, "mb": 5.8, "ms": 5.4}}, {"type": "Feature", "geometry": {"type": "Point", "coordinates": [124.668, 14.462]}, "properties": {"id": "PH-2421", "datetime_utc": "2008-01-05T06:02:19.590000Z", "year": 2008, "mag": 5.1, "mag_type": "Ms", "depth_km": 1.0, "ml": 4.7, "mb": 5.6, "ms": 5.1}}, {"type": "Feature", "geometry": {"type": "Point", "coordinates": [124.77, 14.468]}, "properties": {"id": "PH-2422", "datetime_utc": "2008-01-05T06:18:40.960000Z", "year": 2008, "mag": 5.5, "mag_type": "Ms", "depth_km": 1.0, "ms": 5.5}}, {"type": "Feature", "geometry": {"type": "Point", "coordinates": [125.583, 12.37]}, "properties": {"id": "PH-2423", "datetime_utc": "2008-01-07T07:46:26.190000Z", "year": 2008, "mag": 5.1, "mag_type": "Ms", "depth_km": 96.0, "ml": 4.7, "mb": 5.7, "ms": 5.1}}, {"type": "Feature", "geometry": {"type": "Point", "coordinates": [122.735, 15.443]}, "properties": {"id": "PH-2424", "datetime_utc": "2008-01-09T20:19:34.920000Z", "year": 2008, "mag": 5.0, "mag_type": "Ms", "depth_km": 15.0, "ml": 4.6, "mb": 5.6, "ms": 5.0}}, {"type": "Feature", "geometry": {"type": "Point", "coordinates": [126.777, 3.503]}, "properties": {"id": "PH-2425", "datetime_utc": "2008-01-12T10:13:15.570000Z", "year": 2008, "mag": 5.2, "mag_type": "Ms", "depth_km": 14.0, "ml": 4.8, "mb": 5.7, "ms": 5.2}}, {"type": "Feature", "geometry": {"type": "Point", "coordinates": [120.726, 17.252]}, "properties": {"id": "PH-2426", "datetime_utc": "2008-01-13T12:15:36.510000Z", "year": 2008, "mag": 5.2, "mag_type": "Ms", "depth_km": 13.0, "ml": 4.7, "mb": 5.7, "ms": 5.2}}, {"type": "Feature", "geometry": {"type": "Point", "coordinates": [122.248, 3.336]}, "properties": {"id": "PH-2427", "datetime_utc": "2008-01-25T13:29:11.660000Z", "year": 2008, "mag": 5.2, "mag_type": "Ms", "depth_km": 616.0, "ml": 4.7, "mb": 5.7, "ms": 5.2}}, {"type": "Feature", "geometry": {"type": "Point", "coordinates": [119.578, 16.181]}, "properties": {"id": "PH-2428", "datetime_utc": "2008-01-31T19:32:52.680000Z", "year": 2008, "mag": 5.5, "mag_type": "Ms", "depth_km": 26.0, "ml": 5.0, "mb": 5.9, "ms": 5.5}}, {"type": "Feature", "geometry": {"type": "Point", "coordinates": [122.563, 18.358]}, "properties": {"id": "PH-2429", "datetime_utc": "2008-02-04T03:32:26.990000Z", "year": 2008, "mag": 5.1, "mag_type": "Ms", "depth_km": 17.0, "ml": 4.4, "mb": 5.5, "ms": 5.1}}, {"type": "Feature", "geometry": {"type": "Point", "coordinates": [126.132, 5.326]}, "properties": {"id": "PH-2430", "datetime_utc": "2008-02-14T19:50:57.300000Z", "year": 2008, "mag": 5.0, "mag_type": "Ms", "depth_km": 98.0, "ml": 4.6, "mb": 5.6, "ms": 5.0}}, {"type": "Feature", "geometry": {"type": "Point", "coordinates": [126.926, 8.398]}, "properties": {"id": "PH-2431", "datetime_utc": "2008-02-26T17:13:30.730000Z", "year": 2008, "mag": 5.0, "mag_type": "Ms", "depth_km": 62.0, "ml": 4.6, "mb": 5.6, "ms": 5.0}}, {"type": "Feature", "geometry": {"type": "Point", "coordinates": [120.358, 13.134]}, "properties": {"id": "PH-2432", "datetime_utc": "2008-02-27T22:56:59.720000Z", "year": 2008, "mag": 5.2, "mag_type": "Ms", "depth_km": 32.0, "ml": 4.7, "mb": 5.7, "ms": 5.2}}, {"type": "Feature", "geometry": {"type": "Point", "coordinates": [121.18, 19.6]}, "properties": {"id": "PH-2433", "datetime_utc": "2008-03-03T13:49:48.620000Z", "year": 2008, "mag": 5.7, "mag_type": "Ms", "depth_km": 14.0, "ms": 5.7}}, {"type": "Feature", "geometry": {"type": "Point", "coordinates": [125.574, 13.439]}, "properties": {"id": "PH-2434", "datetime_utc": "2008-03-03T14:11:16.570000Z", "year": 2008, "mag": 6.5, "mag_type": "Ms", "depth_km": 39.0, "ml": 5.7, "mb": 6.6, "ms": 6.5}}, {"type": "Feature", "geometry": {"type": "Point", "coordinates": [125.228, 12.428]}, "properties": {"id": "PH-2435", "datetime_utc": "2008-03-15T16:42:39.270000Z", "year": 2008, "mag": 5.1, "mag_type": "Ms", "depth_km": 14.0, "ml": 4.7, "mb": 5.7, "ms": 5.1}}, {"type": "Feature", "geometry": {"type": "Point", "coordinates": [125.496, 13.357]}, "properties": {"id": "PH-2436", "datetime_utc": "2008-03-16T05:19:00.430000Z", "year": 2008, "mag": 5.1, "mag_type": "Ms", "depth_km": 37.0, "ml": 4.7, "mb": 5.7, "ms": 5.1}}, {"type": "Feature", "geometry": {"type": "Point", "coordinates": [126.837, 6.091]}, "properties": {"id": "PH-2437", "datetime_utc": "2008-03-20T14:10:45.210000Z", "year": 2008, "mag": 5.3, "mag_type": "Ms", "depth_km": 53.0, "ml": 4.9, "mb": 5.8, "ms": 5.3}}, {"type": "Feature", "geometry": {"type": "Point", "coordinates": [125.703, 13.181]}, "properties": {"id": "PH-2438", "datetime_utc": "2008-03-21T17:05:28.310000Z", "year": 2008, "mag": 5.3, "mag_type": "Ms", "depth_km": 36.0, "ml": 4.8, "mb": 5.8, "ms": 5.3}}, {"type": "Feature", "geometry": {"type": "Point", "coordinates": [125.848, 13.136]}, "properties": {"id": "PH-2439", "datetime_utc": "2008-03-21T17:40:28.570000Z", "year": 2008, "mag": 5.1, "mag_type": "Ms", "depth_km": 36.0, "ml": 4.7, "mb": 5.7, "ms": 5.1}}, {"type": "Feature", "geometry": {"type": "Point", "coordinates": [122.255, 20.349]}, "properties": {"id": "PH-2440", "datetime_utc": "2008-03-28T22:41:32.200000Z", "year": 2008, "mag": 5.3, "mag_type": "Ms", "depth_km": 22.0, "ml": 4.9, "mb": 5.8, "ms": 5.3}}, {"type": "Feature", "geometry": {"type": "Point", "coordinates": [125.524, 13.257]}, "properties": {"id": "PH-2441", "datetime_utc": "2008-03-29T03:01:35.270000Z", "year": 2008, "mag": 5.7, "mag_type": "Ms", "depth_km": 37.0, "ml": 5.2, "mb": 6.1, "ms": 5.7}}, {"type": "Feature", "geometry": {"type": "Point", "coordinates": [122.195, 20.078]}, "properties": {"id": "PH-2442", "datetime_utc": "2008-03-29T08:09:44.520000Z", "year": 2008, "mag": 5.4, "mag_type": "Ms", "depth_km": 13.0, "ml": 4.9, "mb": 5.9, "ms": 5.4}}, {"type": "Feature", "geometry": {"type": "Point", "coordinates": [122.128, 19.987]}, "properties": {"id": "PH-2443", "datetime_utc": "2008-04-01T01:31:33.660000Z", "year": 2008, "mag": 5.1, "mag_type": "Ms", "depth_km": 27.0, "ml": 4.7, "mb": 5.7, "ms": 5.1}}, {"type": "Feature", "geometry": {"type": "Point", "coordinates": [122.024, 20.231]}, "properties": {"id": "PH-2444", "datetime_utc": "2008-04-01T13:09:18.850000Z", "year": 2008, "mag": 5.5, "mag_type": "Ms", "depth_km": 2.0, "ml": 5.0, "mb": 5.9, "ms": 5.5}}, {"type": "Feature", "geometry": {"type": "Point", "coordinates": [125.626, 13.7]}, "properties": {"id": "PH-2445", "datetime_utc": "2008-04-01T23:09:00.180000Z", "year": 2008, "mag": 5.0, "mag_type": "Ms", "depth_km": 8.0, "ml": 4.6, "mb": 5.6, "ms": 5.0}}, {"type": "Feature", "geometry": {"type": "Point", "coordinates": [121.209, 19.959]}, "properties": {"id": "PH-2446", "datetime_utc": "2008-04-02T23:47:07.090000Z", "year": 2008, "mag": 5.2, "mag_type": "Ms", "depth_km": 9.0, "ml": 4.8, "mb": 5.7, "ms": 5.2}}, {"type": "Feature", "geometry": {"type": "Point", "coordinates": [122.086, 20.045]}, "properties": {"id": "PH-2447", "datetime_utc": "2008-04-06T21:17:49.090000Z", "year": 2008, "mag": 5.1, "mag_type": "Ms", "depth_km": 1.0, "ml": 4.7, "mb": 5.7, "ms": 5.1}}, {"type": "Feature", "geometry": {"type": "Point", "coordinates": [127.468, 5.355]}, "properties": {"id": "PH-2448", "datetime_utc": "2008-04-17T13:30:09.990000Z", "year": 2008, "mag": 5.0, "mag_type": "Ms", "depth_km": 58.0, "ml": 4.6, "mb": 5.6, "ms": 5.0}}, {"type": "Feature", "geometry": {"type": "Point", "coordinates": [124.784, 12.711]}, "properties": {"id": "PH-2449", "datetime_utc": "2008-04-20T05:25:43.960000Z", "year": 2008, "mag": 5.4, "mag_type": "Ms", "depth_km": 49.0, "ml": 4.9, "mb": 5.8, "ms": 5.4}}, {"type": "Feature", "geometry": {"type": "Point", "coordinates": [121.29, 19.644]}, "properties": {"id": "PH-2450", "datetime_utc": "2008-04-25T17:38:45.370000Z", "year": 2008, "mag": 5.3, "mag_type": "Ms", "depth_km": 95.0, "ml": 4.8, "mb": 5.8, "ms": 5.3}}, {"type": "Feature", "geometry": {"type": "Point", "coordinates": [122.411, 16.525]}, "properties": {"id": "PH-2451", "datetime_utc": "2008-05-13T14:14:29.500000Z", "year": 2008, "mag": 5.4, "mag_type": "Ms", "depth_km": 26.0, "ml": 4.9, "mb": 5.9, "ms": 5.4}}, {"type": "Feature", "geometry": {"type": "Point", "coordinates": [122.38, 16.451]}, "properties": {"id": "PH-2452", "datetime_utc": "2008-05-13T21:48:27.950000Z", "year": 2008, "mag": 5.3, "mag_type": "Ms", "depth_km": 1.0, "ml": 4.8, "mb": 5.8, "ms": 5.3}}, {"type": "Feature", "geometry": {"type": "Point", "coordinates": [125.429, 6.509]}, "properties": {"id": "PH-2453", "datetime_utc": "2008-05-16T12:57:35.510000Z", "year": 2008, "mag": 5.3, "mag_type": "Ms", "depth_km": 33.0, "ml": 4.9, "mb": 5.9, "ms": 5.3}}, {"type": "Feature", "geometry": {"type": "Point", "coordinates": [125.142, 6.01]}, "properties": {"id": "PH-2454", "datetime_utc": "2008-05-17T14:17:30Z", "year": 2008, "mag": 5.2, "mag_type": "Ms", "depth_km": 111.0, "ml": 4.8, "mb": 5.8, "ms": 5.2}}, {"type": "Feature", "geometry": {"type": "Point", "coordinates": [121.186, 20.221]}, "properties": {"id": "PH-2455", "datetime_utc": "2008-06-01T01:57:22.380000Z", "year": 2008, "mag": 6.3, "mag_type": "Ms", "depth_km": 15.0, "ml": 5.5, "mb": 6.4, "ms": 6.3}}, {"type": "Feature", "geometry": {"type": "Point", "coordinates": [120.517, 13.661]}, "properties": {"id": "PH-2456", "datetime_utc": "2008-06-07T20:04:41.850000Z", "year": 2008, "mag": 5.2, "mag_type": "Ms", "depth_km": 79.0, "ml": 4.8, "mb": 5.7, "ms": 5.2}}, {"type": "Feature", "geometry": {"type": "Point", "coordinates": [126.596, 5.029]}, "properties": {"id": "PH-2457", "datetime_utc": "2008-06-10T07:44:31.260000Z", "year": 2008, "mag": 5.2, "mag_type": "Ms", "depth_km": 96.0, "ml": 4.8, "mb": 5.7, "ms": 5.2}}, {"type": "Feature", "geometry": {"type": "Point", "coordinates": [123.151, 4.108]}, "properties": {"id": "PH-2458", "datetime_utc": "2008-06-11T13:13:18.060000Z", "year": 2008, "mag": 5.0, "mag_type": "Ms", "depth_km": 567.0, "ml": 4.6, "mb": 5.6, "ms": 5.0}}, {"type": "Feature", "geometry": {"type": "Point", "coordinates": [125.696, 12.069]}, "properties": {"id": "PH-2459", "datetime_utc": "2008-06-25T06:40:44.120000Z", "year": 2008, "mag": 5.3, "mag_type": "Ms", "depth_km": 19.0, "ml": 4.8, "mb": 5.8, "ms": 5.3}}, {"type": "Feature", "geometry": {"type": "Point", "coordinates": [120.264, 20.461]}, "properties": {"id": "PH-2460", "datetime_utc": "2008-06-26T14:04:50.110000Z", "year": 2008, "mag": 5.5, "mag_type": "Ms", "depth_km": 32.0, "ml": 5.0, "mb": 5.9, "ms": 5.5}}, {"type": "Feature", "geometry": {"type": "Point", "coordinates": [122.381, 15.404]}, "properties": {"id": "PH-2461", "datetime_utc": "2008-07-06T12:01:29.590000Z", "year": 2008, "mag": 5.4, "mag_type": "Ms", "depth_km": 1.0, "ml": 4.9, "mb": 5.8, "ms": 5.4}}, {"type": "Feature", "geometry": {"type": "Point", "coordinates": [122.386, 15.405]}, "properties": {"id": "PH-2462", "datetime_utc": "2008-07-06T12:46:56.270000Z", "year": 2008, "mag": 5.2, "mag_type": "Ms", "depth_km": 15.0, "ml": 4.8, "mb": 5.7, "ms": 5.2}}, {"type": "Feature", "geometry": {"type": "Point", "coordinates": [122.407, 15.425]}, "properties": {"id": "PH-2463", "datetime_utc": "2008-07-08T01:41:52.650000Z", "year": 2008, "mag": 5.4, "mag_type": "Ms", "depth_km": 3.0, "ml": 4.9, "mb": 5.8, "ms": 5.4}}, {"type": "Feature", "geometry": {"type": "Point", "coordinates": [124.509, 6.312]}, "properties": {"id": "PH-2464", "datetime_utc": "2008-07-10T17:32:21.390000Z", "year": 2008, "mag": 5.2, "mag_type": "Ms", "depth_km": 1.0, "ml": 4.7, "mb": 5.7, "ms": 5.2}}, {"type": "Feature", "geometry": {"type": "Point", "coordinates": [120.831, 21.511]}, "properties": {"id": "PH-2465", "datetime_utc": "2008-07-13T14:58:27.890000Z", "year": 2008, "mag": 5.7, "mag_type": "Ms", "depth_km": 59.0, "ml": 5.1, "mb": 6.0, "ms": 5.7}}, {"type": "Feature", "geometry": {"type": "Point", "coordinates": [118.578, 13.491]}, "properties": {"id": "PH-2466", "datetime_utc": "2008-08-01T02:21:33.610000Z", "year": 2008, "mag": 5.0, "mag_type": "Ms", "depth_km": 37.0, "ml": 4.7, "mb": 5.6, "ms": 5.0}}, {"type": "Feature", "geometry": {"type": "Point", "coordinates": [120.645, 13.601]}, "properties": {"id": "PH-2467", "datetime_utc": "2008-08-01T10:35:24.750000Z", "year": 2008, "mag": 5.3, "mag_type": "Ms", "depth_km": 117.0, "ml": 4.7, "mb": 5.7, "ms": 5.3}}, {"type": "Feature", "geometry": {"type": "Point", "coordinates": [121.124, 20.566]}, "properties": {"id": "PH-2468", "datetime_utc": "2008-08-08T22:05:30.240000Z", "year": 2008, "mag": 5.0, "mag_type": "Ms", "depth_km": 28.0, "ml": 4.6, "mb": 5.6, "ms": 5.0}}, {"type": "Feature", "geometry": {"type": "Point", "coordinates": [124.319, 13.043]}, "properties": {"id": "PH-2469", "datetime_utc": "2008-08-15T10:25:16.860000Z", "year": 2008, "mag": 5.8, "mag_type": "Ms", "depth_km": 7.0, "ml": 5.2, "mb": 6.1, "ms": 5.8}}, {"type": "Feature", "geometry": {"type": "Point", "coordinates": [124.282, 13.081]}, "properties": {"id": "PH-2470", "datetime_utc": "2008-08-17T20:46:46.550000Z", "year": 2008, "mag": 5.2, "mag_type": "Ms", "depth_km": 13.0, "ml": 4.7, "mb": 5.7, "ms": 5.2}}, {"type": "Feature", "geometry": {"type": "Point", "coordinates": [124.348, 13.037]}, "properties": {"id": "PH-2471", "datetime_utc": "2008-08-20T13:18:02.830000Z", "year": 2008, "mag": 5.2, "mag_type": "Ms", "depth_km": 13.0, "ml": 4.8, "mb": 5.7, "ms": 5.2}}, {"type": "Feature", "geometry": {"type": "Point", "coordinates": [125.109, 10.238]}, "properties": {"id": "PH-2472", "datetime_utc": "2008-08-25T02:43:05.640000Z", "year": 2008, "mag": 5.7, "mag_type": "Ms", "depth_km": 5.0, "ml": 5.1, "mb": 6.1, "ms": 5.7}}, {"type": "Feature", "geometry": {"type": "Point", "coordinates": [124.33, 13.05]}, "properties": {"id": "PH-2473", "datetime_utc": "2008-08-30T12:04:47.740000Z", "year": 2008, "mag": 5.1, "mag_type": "Ms", "depth_km": 7.0, "ml": 4.7, "mb": 5.7, "ms": 5.1}}, {"type": "Feature", "geometry": {"type": "Point", "coordinates": [124.231, 13.013]}, "properties": {"id": "PH-2474", "datetime_utc": "2008-08-31T00:29:34.890000Z", "year": 2008, "mag": 5.0, "mag_type": "Ms", "depth_km": 1.0, "ml": 4.6, "mb": 5.6, "ms": 5.0}}, {"type": "Feature", "geometry": {"type": "Point", "coordinates": [126.027, 4.534]}, "properties": {"id": "PH-2475", "datetime_utc": "2008-09-01T17:19:13.480000Z", "year": 2008, "mag": 5.6, "mag_type": "Ms", "depth_km": 102.0, "ml": 5.1, "mb": 6.0, "ms": 5.6}}, {"type": "Feature", "geometry": {"type": "Point", "coordinates": [120.317, 13.333]}, "properties": {"id": "PH-2476", "datetime_utc": "2008-09-27T03:04:54.980000Z", "year": 2008, "mag": 5.3, "mag_type": "Ms", "depth_km": 73.0, "ms": 5.3}}, {"type": "Feature", "geometry": {"type": "Point", "coordinates": [120.08, 13.315]}, "properties": {"id": "PH-2477", "datetime_utc": "2008-09-27T03:09:08.280000Z", "year": 2008, "mag": 6.5, "mag_type": "Ms", "depth_km": 86.0, "ml": 5.5, "mb": 6.4, "ms": 6.5}}, {"type": "Feature", "geometry": {"type": "Point", "coordinates": [120.208, 13.299]}, "properties": {"id": "PH-2478", "datetime_utc": "2008-10-01T18:04:27.830000Z", "year": 2008, "mag": 5.3, "mag_type": "Ms", "depth_km": 54.0, "ms": 5.3}}, {"type": "Feature", "geometry": {"type": "Point", "coordinates": [127.408, 4.155]}, "properties": {"id": "PH-2479", "datetime_utc": "2008-10-04T18:52:35.400000Z", "year": 2008, "mag": 5.0, "mag_type": "Ms", "depth_km": 3.0, "ml": 4.6, "mb": 5.6, "ms": 5.0}}, {"type": "Feature", "geometry": {"type": "Point", "coordinates": [125.392, 11.399]}, "properties": {"id": "PH-2480", "datetime_utc": "2008-10-07T03:34:37.930000Z", "year": 2008, "mag": 5.2, "mag_type": "Ms", "depth_km": 38.0, "ml": 4.7, "mb": 5.7, "ms": 5.2}}, {"type": "Feature", "geometry": {"type": "Point", "coordinates": [124.378, 13.068]}, "properties": {"id": "PH-2481", "datetime_utc": "2008-10-08T19:09:25.570000Z", "year": 2008, "mag": 5.5, "mag_type": "Ms", "depth_km": 18.0, "ml": 5.0, "mb": 5.9, "ms": 5.5}}, {"type": "Feature", "geometry": {"type": "Point", "coordinates": [126.858, 2.186]}, "properties": {"id": "PH-2482", "datetime_utc": "2008-10-10T18:21:40.560000Z", "year": 2008, "mag": 5.0, "mag_type": "Ms", "depth_km": 3.0, "ml": 4.6, "mb": 5.6, "ms": 5.0}}, {"type": "Feature", "geometry": {"type": "Point", "coordinates": [123.749, 5.327]}, "properties": {"id": "PH-2483", "datetime_utc": "2008-10-14T01:04:23.280000Z", "year": 2008, "mag": 5.2, "mag_type": "Ms", "depth_km": 498.0, "ml": 4.7, "mb": 5.7, "ms": 5.2}}, {"type": "Feature", "geometry": {"type": "Point", "coordinates": [125.921, 5.695]}, "properties": {"id": "PH-2484", "datetime_utc": "2008-10-23T09:21:12.750000Z", "year": 2008, "mag": 5.3, "mag_type": "Ms", "depth_km": 107.0, "ml": 4.8, "mb": 5.8, "ms": 5.3}}, {"type": "Feature", "geometry": {"type": "Point", "coordinates": [121.197, 18.965]}, "properties": {"id": "PH-2485", "datetime_utc": "2008-10-27T20:25:30.410000Z", "year": 2008, "mag": 5.0, "mag_type": "Ms", "depth_km": 1.0, "ml": 4.6, "mb": 5.6, "ms": 5.0}}, {"type": "Feature", "geometry": {"type": "Point", "coordinates": [119.87, 12.612]}, "properties": {"id": "PH-2486", "datetime_utc": "2008-10-28T04:16:00.930000Z", "year": 2008, "mag": 5.0, "mag_type": "Ms", "depth_km": 31.0, "ml": 4.6, "mb": 5.6, "ms": 5.0}}, {"type": "Feature", "geometry": {"type": "Point", "coordinates": [125.221, 3.387]}, "properties": {"id": "PH-2487", "datetime_utc": "2008-10-31T17:56:10.050000Z", "year": 2008, "mag": 5.1, "mag_type": "Ms", "depth_km": 60.0, "ml": 4.7, "mb": 5.6, "ms": 5.1}}, {"type": "Feature", "geometry": {"type": "Point", "coordinates": [124.374, 13.115]}, "properties": {"id": "PH-2488", "datetime_utc": "2008-11-06T01:04:30.820000Z", "year": 2008, "mag": 5.0, "mag_type": "Ms", "depth_km": 15.0, "ml": 4.6, "mb": 5.6, "ms": 5.0}}, {"type": "Feature", "geometry": {"type": "Point", "coordinates": [124.322, 13.019]}, "properties": {"id": "PH-2489", "datetime_utc": "2008-11-06T07:45:57.230000Z", "year": 2008, "mag": 5.1, "mag_type": "Ms", "depth_km": 9.0, "ml": 4.7, "mb": 5.7, "ms": 5.1}}, {"type": "Feature", "geometry": {"type": "Point", "coordinates": [126.22, 6.959]}, "properties": {"id": "PH-2490", "datetime_utc": "2008-11-12T02:04:51.970000Z", "year": 2008, "mag": 5.0, "mag_type": "Ms", "depth_km": 34.0, "ml": 4.6, "mb": 5.6, "ms": 5.0}}, {"type": "Feature", "geometry": {"type": "Point", "coordinates": [122.517, 3.947]}, "properties": {"id": "PH-2491", "datetime_utc": "2008-12-04T23:13:36.280000Z", "year": 2008, "mag": 5.0, "mag_type": "Ms", "depth_km": 579.0, "ml": 4.6, "mb": 5.6, "ms": 5.0}}, {"type": "Feature", "geometry": {"type": "Point", "coordinates": [126.931, 8.937]}, "properties": {"id": "PH-2492", "datetime_utc": "2008-12-20T15:43:03.460000Z", "year": 2008, "mag": 5.3, "mag_type": "Ms", "depth_km": 83.0, "ml": 4.8, "mb": 5.8, "ms": 5.3}}, {"type": "Feature", "geometry": {"type": "Point", "coordinates": [125.627, 5.724]}, "properties": {"id": "PH-2493", "datetime_utc": "2008-12-25T03:20:29.890000Z", "year": 2008, "mag": 6.3, "mag_type": "Ms", "depth_km": 196.0, "ml": 5.5, "mb": 6.4, "ms": 6.3}}, {"type": "Feature", "geometry": {"type": "Point", "coordinates": [124.406, 5.23]}, "properties": {"id": "PH-2494", "datetime_utc": "2008-12-25T18:12:05.420000Z", "year": 2008, "mag": 5.4, "mag_type": "Ms", "depth_km": 433.0, "ml": 4.9, "mb": 5.9, "ms": 5.4}}, {"type": "Feature", "geometry": {"type": "Point", "coordinates": [125.666, 5.329]}, "properties": {"id": "PH-2495", "datetime_utc": "2008-12-30T03:20:54.600000Z", "year": 2008, "mag": 5.0, "mag_type": "Ms", "depth_km": 112.0, "ml": 4.7, "mb": 5.6, "ms": 5.0}}, {"type": "Feature", "geometry": {"type": "Point", "coordinates": [127.332, 4.763]}, "properties": {"id": "PH-2496", "datetime_utc": "2008-12-31T11:39:52.960000Z", "year": 2008, "mag": 5.3, "mag_type": "Ms", "depth_km": 16.0, "ml": 4.8, "mb": 5.8, "ms": 5.3}}, {"type": "Feature", "geometry": {"type": "Point", "coordinates": [119.546, 16.204]}, "properties": {"id": "PH-2497", "datetime_utc": "2009-01-09T07:28:42.020000Z", "year": 2009, "mag": 5.1, "mag_type": "Ms", "depth_km": 6.0, "ml": 4.6, "mb": 5.6, "ms": 5.1}}, {"type": "Feature", "geometry": {"type": "Point", "coordinates": [127.188, 7.714]}, "properties": {"id": "PH-2498", "datetime_utc": "2009-01-19T17:28:58.430000Z", "year": 2009, "mag": 5.1, "mag_type": "Ms", "depth_km": 93.0, "ml": 4.7, "mb": 5.7, "ms": 5.1}}, {"type": "Feature", "geometry": {"type": "Point", "coordinates": [124.753, 10.956]}, "properties": {"id": "PH-2499", "datetime_utc": "2009-01-29T22:43:45.220000Z", "year": 2009, "mag": 5.1, "mag_type": "Ms", "depth_km": 4.0, "ml": 4.7, "mb": 5.7, "ms": 5.1}}, {"type": "Feature", "geometry": {"type": "Point", "coordinates": [126.79, 3.69]}, "properties": {"id": "PH-2500", "datetime_utc": "2009-02-11T17:34:53Z", "year": 2009, "mag": 7.5, "mag_type": "Ms", "depth_km": 33.0, "ms": 7.5}}, {"type": "Feature", "geometry": {"type": "Point", "coordinates": [126.5, 3.51]}, "properties": {"id": "PH-2501", "datetime_utc": "2009-02-12T03:49:00Z", "year": 2009, "mag": 5.8, "mag_type": "Ms", "depth_km": 8.0, "ms": 5.8}}, {"type": "Feature", "geometry": {"type": "Point", "coordinates": [127.842, 5.405]}, "properties": {"id": "PH-2502", "datetime_utc": "2009-03-20T06:16:49.440000Z", "year": 2009, "mag": 5.0, "mag_type": "Ms", "depth_km": 116.0, "ml": 4.6, "mb": 5.6, "ms": 5.0}}, {"type": "Feature", "geometry": {"type": "Point", "coordinates": [123.653, 14.802]}, "properties": {"id": "PH-2503", "datetime_utc": "2009-03-31T13:26:20.240000Z", "year": 2009, "mag": 5.2, "mag_type": "Ms", "depth_km": 62.0, "ml": 4.7, "mb": 5.7, "ms": 5.2}}, {"type": "Feature", "geometry": {"type": "Point", "coordinates": [127.331, 4.794]}, "properties": {"id": "PH-2504", "datetime_utc": "2009-04-04T05:31:53.880000Z", "year": 2009, "mag": 6.3, "mag_type": "Ms", "depth_km": 107.0, "ml": 5.5, "mb": 6.4, "ms": 6.3}}, {"type": "Feature", "geometry": {"type": "Point", "coordinates": [125.667, 3.966]}, "properties": {"id": "PH-2505", "datetime_utc": "2009-04-11T21:45:16.940000Z", "year": 2009, "mag": 5.0, "mag_type": "Ms", "depth_km": 121.0, "ml": 4.6, "mb": 5.6, "ms": 5.0}}, {"type": "Feature", "geometry": {"type": "Point", "coordinates": [119.726, 15.266]}, "properties": {"id": "PH-2506", "datetime_utc": "2009-04-20T19:12:34.520000Z", "year": 2009, "mag": 5.3, "mag_type": "Ms", "depth_km": 14.0, "ml": 4.8, "mb": 5.8, "ms": 5.3}}, {"type": "Feature", "geometry": {"type": "Point", "coordinates": [126.133, 12.364]}, "properties": {"id": "PH-2507", "datetime_utc": "2009-04-21T18:47:37.740000Z", "year": 2009, "mag": 5.0, "mag_type": "Ms", "depth_km": 56.0, "ml": 4.6, "mb": 5.6, "ms": 5.0}}, {"type": "Feature", "geometry": {"type": "Point", "coordinates": [126.674, 4.5]}, "properties": {"id": "PH-2508", "datetime_utc": "2009-04-23T12:16:23.420000Z", "year": 2009, "mag": 5.4, "mag_type": "Ms", "depth_km": 31.0, "ml": 4.9, "mb": 5.8, "ms": 5.4}}, {"type": "Feature", "geometry": {"type": "Point", "coordinates": [126.613, 4.117]}, "properties": {"id": "PH-2509", "datetime_utc": "2009-05-13T08:54:55.790000Z", "year": 2009, "mag": 5.7, "mag_type": "Ms", "depth_km": 14.0, "ml": 5.1, "mb": 6.1, "ms": 5.7}}, {"type": "Feature", "geometry": {"type": "Point", "coordinates": [127.333, 7.74]}, "properties": {"id": "PH-2510", "datetime_utc": "2009-05-21T05:53:53.230000Z", "year": 2009, "mag": 5.8, "mag_type": "Ms", "depth_km": 25.0, "ml": 5.2, "mb": 6.2, "ms": 5.8}}, {"type": "Feature", "geometry": {"type": "Point", "coordinates": [127.194, 7.812]}, "properties": {"id": "PH-2511", "datetime_utc": "2009-05-21T07:35:26.670000Z", "year": 2009, "mag": 5.1, "mag_type": "Ms", "depth_km": 52.0, "ml": 4.7, "mb": 5.6, "ms": 5.1}}, {"type": "Feature", "geometry": {"type": "Point", "coordinates": [119.77, 15.127]}, "properties": {"id": "PH-2512", "datetime_utc": "2009-05-24T01:06:24.860000Z", "year": 2009, "mag": 5.2, "mag_type": "Ms", "depth_km": 1.0, "ml": 4.8, "mb": 5.7, "ms": 5.2}}, {"type": "Feature", "geometry": {"type": "Point", "coordinates": [125.901, 5.855]}, "properties": {"id": "PH-2513", "datetime_utc": "2009-05-29T19:51:17.120000Z", "year": 2009, "mag": 5.8, "mag_type": "Ms", "depth_km": 170.0, "ml": 5.2, "mb": 6.1, "ms": 5.8}}, {"type": "Feature", "geometry": {"type": "Point", "coordinates": [126.707, 4.675]}, "properties": {"id": "PH-2514", "datetime_utc": "2009-06-14T05:17:39.680000Z", "year": 2009, "mag": 6.3, "mag_type": "Ms", "depth_km": 33.0, "ml": 5.6, "mb": 6.5, "ms": 6.3}}, {"type": "Feature", "geometry": {"type": "Point", "coordinates": [126.977, 4.939]}, "properties": {"id": "PH-2515", "datetime_utc": "2009-06-14T08:15:45.220000Z", "year": 2009, "mag": 5.1, "mag_type": "Ms", "depth_km": 15.0, "ml": 4.7, "mb": 5.7, "ms": 5.1}}, {"type": "Feature", "geometry": {"type": "Point", "coordinates": [126.37, 5.174]}, "properties": {"id": "PH-2516", "datetime_utc": "2009-06-14T21:08:24.520000Z", "year": 2009, "mag": 5.2, "mag_type": "Ms", "depth_km": 43.0, "ml": 4.7, "mb": 5.7, "ms": 5.2}}, {"type": "Feature", "geometry": {"type": "Point", "coordinates": [120.94, 19.028]}, "properties": {"id": "PH-2517", "datetime_utc": "2009-06-27T06:33:52.120000Z", "year": 2009, "mag": 5.0, "mag_type": "Ms", "depth_km": 10.0, "ml": 4.6, "mb": 5.6, "ms": 5.0}}, {"type": "Feature", "geometry": {"type": "Point", "coordinates": [124.421, 4.918]}, "properties": {"id": "PH-2518", "datetime_utc": "2009-07-02T11:29:41.700000Z", "year": 2009, "mag": 5.1, "mag_type": "Ms", "depth_km": 13.0, "ml": 4.7, "mb": 5.7, "ms": 5.1}}, {"type": "Feature", "geometry": {"type": "Point", "coordinates": [120.518, 13.79]}, "properties": {"id": "PH-2519", "datetime_utc": "2009-07-04T00:41:49.280000Z", "year": 2009, "mag": 5.1, "mag_type": "Ms", "depth_km": 94.0, "ml": 4.7, "mb": 5.7, "ms": 5.1}}, {"type": "Feature", "geometry": {"type": "Point", "coordinates": [126.559, 4.448]}, "properties": {"id": "PH-2520", "datetime_utc": "2009-07-10T20:52:40.550000Z", "year": 2009, "mag": 5.1, "mag_type": "Ms", "depth_km": 17.0, "ml": 4.7, "mb": 5.7, "ms": 5.1}}, {"type": "Feature", "geometry": {"type": "Point", "coordinates": [125.926, 6.012]}, "properties": {"id": "PH-2521", "datetime_utc": "2009-07-21T07:13:28.930000Z", "year": 2009, "mag": 5.0, "mag_type": "Ms", "depth_km": 89.0, "ml": 4.6, "mb": 5.5, "ms": 5.0}}, {"type": "Feature", "geometry": {"type": "Point", "coordinates": [126.526, 5.865]}, "properties": {"id": "PH-2522", "datetime_utc": "2009-08-12T20:04:23.330000Z", "year": 2009, "mag": 5.5, "mag_type": "Ms", "depth_km": 91.0, "ml": 4.8, "mb": 5.8, "ms": 5.5}}, {"type": "Feature", "geometry": {"type": "Point", "coordinates": [125.303, 13.435]}, "properties": {"id": "PH-2523", "datetime_utc": "2009-08-14T20:56:31.040000Z", "year": 2009, "mag": 5.1, "mag_type": "Ms", "depth_km": 64.0, "ml": 4.7, "mb": 5.7, "ms": 5.1}}, {"type": "Feature", "geometry": {"type": "Point", "coordinates": [127.246, 5.035]}, "properties": {"id": "PH-2524", "datetime_utc": "2009-08-16T17:29:41.770000Z", "year": 2009, "mag": 5.3, "mag_type": "Ms", "depth_km": 137.0, "ml": 4.8, "mb": 5.8, "ms": 5.3}}, {"type": "Feature", "geometry": {"type": "Point", "coordinates": [126.632, 3.29]}, "properties": {"id": "PH-2525", "datetime_utc": "2009-08-20T12:12:40.680000Z", "year": 2009, "mag": 5.3, "mag_type": "Ms", "depth_km": 29.0, "ml": 4.8, "mb": 5.8, "ms": 5.3}}, {"type": "Feature", "geometry": {"type": "Point", "coordinates": [121.228, 20.298]}, "properties": {"id": "PH-2526", "datetime_utc": "2009-08-23T08:25:23.440000Z", "year": 2009, "mag": 5.1, "mag_type": "Ms", "depth_km": 33.0, "ml": 4.7, "mb": 5.6, "ms": 5.1}}, {"type": "Feature", "geometry": {"type": "Point", "coordinates": [123.863, 9.528]}, "properties": {"id": "PH-2527", "datetime_utc": "2009-08-26T22:20:52.440000Z", "year": 2009, "mag": 5.3, "mag_type": "Ms", "depth_km": 572.0, "ml": 4.9, "mb": 5.8, "ms": 5.3}}, {"type": "Feature", "geometry": {"type": "Point", "coordinates": [126.496, 4.716]}, "properties": {"id": "PH-2528", "datetime_utc": "2009-09-18T00:52:59.030000Z", "year": 2009, "mag": 5.0, "mag_type": "Ms", "depth_km": 107.0, "ml": 4.6, "mb": 5.6, "ms": 5.0}}, {"type": "Feature", "geometry": {"type": "Point", "coordinates": [120.327, 12.469]}, "properties": {"id": "PH-2529", "datetime_utc": "2009-09-18T06:23:53.150000Z", "year": 2009, "mag": 6.0, "mag_type": "Ms", "depth_km": 21.0, "ml": 5.3, "mb": 6.2, "ms": 6.0}}, {"type": "Feature", "geometry": {"type": "Point", "coordinates": [124.7, 6.496]}, "properties": {"id": "PH-2530", "datetime_utc": "2009-09-18T11:53:49.010000Z", "year": 2009, "mag": 5.7, "mag_type": "Ms", "depth_km": 74.0, "ml": 5.1, "mb": 6.1, "ms": 5.7}}, {"type": "Feature", "geometry": {"type": "Point", "coordinates": [124.728, 6.449]}, "properties": {"id": "PH-2531", "datetime_utc": "2009-09-19T01:41:27.480000Z", "year": 2009, "mag": 5.3, "mag_type": "Ms", "depth_km": 16.0, "ml": 4.9, "mb": 5.8, "ms": 5.3}}, {"type": "Feature", "geometry": {"type": "Point", "coordinates": [123.658, 6.793]}, "properties": {"id": "PH-2532", "datetime_utc": "2009-10-04T10:57:59.750000Z", "year": 2009, "mag": 6.6, "mag_type": "Ms", "depth_km": 627.0, "ml": 5.9, "mb": 6.8, "ms": 6.6}}, {"type": "Feature", "geometry": {"type": "Point", "coordinates": [122.746, 3.913]}, "properties": {"id": "PH-2533", "datetime_utc": "2009-10-07T21:41:12.910000Z", "year": 2009, "mag": 6.7, "mag_type": "Ms", "depth_km": 606.0, "ml": 5.8, "mb": 6.7, "ms": 6.7}}, {"type": "Feature", "geometry": {"type": "Point", "coordinates": [122.454, 3.789]}, "properties": {"id": "PH-2534", "datetime_utc": "2009-10-10T09:00:59.170000Z", "year": 2009, "mag": 5.0, "mag_type": "Ms", "depth_km": 610.0, "ml": 4.6, "mb": 5.6, "ms": 5.0}}, {"type": "Feature", "geometry": {"type": "Point", "coordinates": [120.493, 13.768]}, "properties": {"id": "PH-2535", "datetime_utc": "2009-10-18T23:50:08.350000Z", "year": 2009, "mag": 5.8, "mag_type": "Ms", "depth_km": 135.0, "ml": 5.2, "mb": 6.1, "ms": 5.8}}, {"type": "Feature", "geometry": {"type": "Point", "coordinates": [124.637, 6.388]}, "properties": {"id": "PH-2536", "datetime_utc": "2009-10-27T00:05:51.900000Z", "year": 2009, "mag": 5.3, "mag_type": "Ms", "depth_km": 23.0, "ms": 5.3}}, {"type": "Feature", "geometry": {"type": "Point", "coordinates": [119.934, 15.32]}, "properties": {"id": "PH-2537", "datetime_utc": "2009-10-31T00:07:41.600000Z", "year": 2009, "mag": 5.0, "mag_type": "Ms", "depth_km": 8.0, "ml": 4.6, "mb": 5.6, "ms": 5.0}}, {"type": "Feature", "geometry": {"type": "Point", "coordinates": [126.51, 7.194]}, "properties": {"id": "PH-2538", "datetime_utc": "2009-11-04T06:21:46.370000Z", "year": 2009, "mag": 5.5, "mag_type": "Ms", "depth_km": 49.0, "ml": 4.9, "mb": 5.9, "ms": 5.5}}, {"type": "Feature", "geometry": {"type": "Point", "coordinates": [125.584, 9.367]}, "properties": {"id": "PH-2539", "datetime_utc": "2009-11-11T13:48:17.980000Z", "year": 2009, "mag": 5.8, "mag_type": "Ms", "depth_km": 16.0, "ml": 5.2, "mb": 6.1, "ms": 5.8}}, {"type": "Feature", "geometry": {"type": "Point", "coordinates": [126.321, 6.546]}, "properties": {"id": "PH-2540", "datetime_utc": "2009-11-16T19:58:57.050000Z", "year": 2009, "mag": 5.1, "mag_type": "Ms", "depth_km": 38.0, "ml": 4.7, "mb": 5.7, "ms": 5.1}}, {"type": "Feature", "geometry": {"type": "Point", "coordinates": [126.974, 5.822]}, "properties": {"id": "PH-2541", "datetime_utc": "2009-11-17T00:39:09.080000Z", "year": 2009, "mag": 5.2, "mag_type": "Ms", "depth_km": 119.0, "ml": 4.8, "mb": 5.8, "ms": 5.2}}, {"type": "Feature", "geometry": {"type": "Point", "coordinates": [126.468, 5.084]}, "properties": {"id": "PH-2542", "datetime_utc": "2009-11-28T18:10:18.980000Z", "year": 2009, "mag": 6.0, "mag_type": "Ms", "depth_km": 38.0, "ml": 5.3, "mb": 6.2, "ms": 6.0}}, {"type": "Feature", "geometry": {"type": "Point", "coordinates": [126.473, 5.111]}, "properties": {"id": "PH-2543", "datetime_utc": "2009-11-29T02:28:01.040000Z", "year": 2009, "mag": 5.2, "mag_type": "Ms", "depth_km": 64.0, "ml": 4.7, "mb": 5.7, "ms": 5.2}}, {"type": "Feature", "geometry": {"type": "Point", "coordinates": [126.367, 5.173]}, "properties": {"id": "PH-2544", "datetime_utc": "2009-11-29T20:09:09.110000Z", "year": 2009, "mag": 5.6, "mag_type": "Ms", "depth_km": 74.0, "ml": 5.0, "mb": 6.0, "ms": 5.6}}, {"type": "Feature", "geometry": {"type": "Point", "coordinates": [127.322, 5.285]}, "properties": {"id": "PH-2545", "datetime_utc": "2009-12-01T16:11:13.110000Z", "year": 2009, "mag": 5.3, "mag_type": "Ms", "depth_km": 109.0, "ml": 4.8, "mb": 5.8, "ms": 5.3}}, {"type": "Feature", "geometry": {"type": "Point", "coordinates": [125.722, 12.347]}, "properties": {"id": "PH-2546", "datetime_utc": "2009-12-02T20:27:10.080000Z", "year": 2009, "mag": 5.4, "mag_type": "Ms", "depth_km": 1.0, "ml": 4.9, "mb": 5.8, "ms": 5.4}}, {"type": "Feature", "geometry": {"type": "Point", "coordinates": [126.34, 6.672]}, "properties": {"id": "PH-2547", "datetime_utc": "2009-12-10T15:06:43.980000Z", "year": 2009, "mag": 5.2, "mag_type": "Ms", "depth_km": 46.0, "ml": 4.8, "mb": 5.7, "ms": 5.2}}, {"type": "Feature", "geometry": {"type": "Point", "coordinates": [121.425, 17.509]}, "properties": {"id": "PH-2548", "datetime_utc": "2009-12-21T19:59:24.730000Z", "year": 2009, "mag": 5.1, "mag_type": "Ms", "depth_km": 16.0, "ml": 4.6, "mb": 5.6, "ms": 5.1}}, {"type": "Feature", "geometry": {"type": "Point", "coordinates": [126.251, 6.426]}, "properties": {"id": "PH-2549", "datetime_utc": "2009-12-26T05:09:26.060000Z", "year": 2009, "mag": 5.0, "mag_type": "Ms", "depth_km": 13.0, "ml": 4.6, "mb": 5.6, "ms": 5.0}}, {"type": "Feature", "geometry": {"type": "Point", "coordinates": [126.478, 3.862]}, "properties": {"id": "PH-2550", "datetime_utc": "2009-12-28T10:18:11.070000Z", "year": 2009, "mag": 5.4, "mag_type": "Ms", "depth_km": 30.0, "ml": 4.9, "mb": 5.8, "ms": 5.4}}, {"type": "Feature", "geometry": {"type": "Point", "coordinates": [126.717, 10.124]}, "properties": {"id": "PH-2551", "datetime_utc": "2009-12-29T22:14:28.650000Z", "year": 2009, "mag": 5.1, "mag_type": "Ms", "depth_km": 84.0, "ml": 4.7, "mb": 5.7, "ms": 5.1}}, {"type": "Feature", "geometry": {"type": "Point", "coordinates": [125.288, 10.641]}, "properties": {"id": "PH-2552", "datetime_utc": "2009-12-30T07:48:54.960000Z", "year": 2009, "mag": 5.5, "mag_type": "Ms", "depth_km": 119.0, "ml": 5.0, "mb": 5.9, "ms": 5.5}}, {"type": "Feature", "geometry": {"type": "Point", "coordinates": [126.537, 6.353]}, "properties": {"id": "PH-2553", "datetime_utc": "2009-12-30T11:17:47.590000Z", "year": 2009, "mag": 5.5, "mag_type": "Ms", "depth_km": 31.0, "ml": 4.4, "mb": 5.4, "ms": 5.5}}, {"type": "Feature", "geometry": {"type": "Point", "coordinates": [122.756, 19.417]}, "properties": {"id": "PH-2554", "datetime_utc": "2009-12-31T12:22:27.950000Z", "year": 2009, "mag": 5.0, "mag_type": "Ms", "depth_km": 35.0, "ml": 4.6, "mb": 5.6, "ms": 5.0}}, {"type": "Feature", "geometry": {"type": "Point", "coordinates": [126.233, 6.51]}, "properties": {"id": "PH-2555", "datetime_utc": "2010-01-03T21:38:40.050000Z", "year": 2010, "mag": 5.3, "mag_type": "Ms", "depth_km": 20.0, "ml": 4.8, "mb": 5.8, "ms": 5.3}}, {"type": "Feature", "geometry": {"type": "Point", "coordinates": [126.733, 6.322]}, "properties": {"id": "PH-2556", "datetime_utc": "2010-01-08T12:15:02.060000Z", "year": 2010, "mag": 5.2, "mag_type": "Ms", "depth_km": 76.0, "ml": 4.7, "mb": 5.7, "ms": 5.2}}, {"type": "Feature", "geometry": {"type": "Point", "coordinates": [124.307, 6.584]}, "properties": {"id": "PH-2557", "datetime_utc": "2010-01-13T12:42:36.470000Z", "year": 2010, "mag": 5.1, "mag_type": "Ms", "depth_km": 7.0, "ml": 4.7, "mb": 5.7, "ms": 5.1}}, {"type": "Feature", "geometry": {"type": "Point", "coordinates": [125.983, 7.156]}, "properties": {"id": "PH-2558", "datetime_utc": "2010-01-15T00:06:48.910000Z", "year": 2010, "mag": 5.3, "mag_type": "Ms", "depth_km": 30.0, "ml": 4.9, "mb": 5.9, "ms": 5.3}}, {"type": "Feature", "geometry": {"type": "Point", "coordinates": [120.523, 13.573]}, "properties": {"id": "PH-2559", "datetime_utc": "2010-01-16T19:53:18.780000Z", "year": 2010, "mag": 5.0, "mag_type": "Ms", "depth_km": 60.0, "ml": 4.6, "mb": 5.6, "ms": 5.0}}, {"type": "Feature", "geometry": {"type": "Point", "coordinates": [125.489, 13.808]}, "properties": {"id": "PH-2560", "datetime_utc": "2010-01-21T02:02:03.770000Z", "year": 2010, "mag": 5.4, "mag_type": "Ms", "depth_km": 42.0, "ml": 4.9, "mb": 5.8, "ms": 5.4}}, {"type": "Feature", "geometry": {"type": "Point", "coordinates": [125.464, 13.736]}, "properties": {"id": "PH-2561", "datetime_utc": "2010-01-27T18:49:32.270000Z", "year": 2010, "mag": 6.0, "mag_type": "Ms", "depth_km": 71.0, "ml": 5.3, "mb": 6.2, "ms": 6.0}}, {"type": "Feature", "geometry": {"type": "Point", "coordinates": [126.377, 3.324]}, "properties": {"id": "PH-2562", "datetime_utc": "2010-01-28T09:55:27.430000Z", "year": 2010, "mag": 5.1, "mag_type": "Ms", "depth_km": 67.0, "ml": 4.7, "mb": 5.7, "ms": 5.1}}, {"type": "Feature", "geometry": {"type": "Point", "coordinates": [120.511, 13.785]}, "properties": {"id": "PH-2563", "datetime_utc": "2010-02-01T04:56:36.440000Z", "year": 2010, "mag": 5.1, "mag_type": "Ms", "depth_km": 111.0, "ml": 4.7, "mb": 5.7, "ms": 5.1}}, {"type": "Feature", "geometry": {"type": "Point", "coordinates": [126.0, 5.602]}, "properties": {"id": "PH-2564", "datetime_utc": "2010-02-14T20:21:43.520000Z", "year": 2010, "mag": 5.0, "mag_type": "Ms", "depth_km": 135.0, "ml": 4.6, "mb": 5.6, "ms": 5.0}}, {"type": "Feature", "geometry": {"type": "Point", "coordinates": [126.878, 6.091]}, "properties": {"id": "PH-2565", "datetime_utc": "2010-02-15T10:15:43.190000Z", "year": 2010, "mag": 5.4, "mag_type": "Ms", "depth_km": 72.0, "ml": 4.9, "mb": 5.8, "ms": 5.4}}, {"type": "Feature", "geometry": {"type": "Point", "coordinates": [121.065, 19.006]}, "properties": {"id": "PH-2566", "datetime_utc": "2010-02-16T06:48:56.310000Z", "year": 2010, "mag": 5.0, "mag_type": "Ms", "depth_km": 3.0, "ml": 4.7, "mb": 5.6, "ms": 5.0}}, {"type": "Feature", "geometry": {"type": "Point", "coordinates": [126.565, 6.65]}, "properties": {"id": "PH-2567", "datetime_utc": "2010-02-26T08:37:07.160000Z", "year": 2010, "mag": 5.6, "mag_type": "Ms", "depth_km": 50.0, "ml": 5.0, "mb": 6.0, "ms": 5.6}}, {"type": "Feature", "geometry": {"type": "Point", "coordinates": [125.78, 5.754]}, "properties": {"id": "PH-2568", "datetime_utc": "2010-02-26T16:18:53.860000Z", "year": 2010, "mag": 5.1, "mag_type": "Ms", "depth_km": 14.0, "ml": 4.7, "mb": 5.7, "ms": 5.1}}, {"type": "Feature", "geometry": {"type": "Point", "coordinates": [121.401, 19.543]}, "properties": {"id": "PH-2569", "datetime_utc": "2010-02-28T16:05:28.290000Z", "year": 2010, "mag": 5.1, "mag_type": "Ms", "depth_km": 15.0, "ml": 4.8, "mb": 5.7, "ms": 5.1}}, {"type": "Feature", "geometry": {"type": "Point", "coordinates": [126.262, 6.934]}, "properties": {"id": "PH-2570", "datetime_utc": "2010-03-01T03:15:53.320000Z", "year": 2010, "mag": 5.0, "mag_type": "Ms", "depth_km": 21.0, "ml": 4.8, "mb": 5.6, "ms": 5.0}}, {"type": "Feature", "geometry": {"type": "Point", "coordinates": [122.565, 18.404]}, "properties": {"id": "PH-2571", "datetime_utc": "2010-03-02T02:51:19.900000Z", "year": 2010, "mag": 6.1, "mag_type": "Ms", "depth_km": 19.0, "ms": 6.1}}, {"type": "Feature", "geometry": {"type": "Point", "coordinates": [126.544, 3.656]}, "properties": {"id": "PH-2572", "datetime_utc": "2010-03-02T22:18:44.600000Z", "year": 2010, "mag": 5.1, "mag_type": "Ms", "depth_km": 82.0, "ml": 4.7, "mb": 5.7, "ms": 5.1}}, {"type": "Feature", "geometry": {"type": "Point", "coordinates": [122.02, 20.13]}, "properties": {"id": "PH-2573", "datetime_utc": "2010-03-08T17:22:03.980000Z", "year": 2010, "mag": 5.1, "mag_type": "Ms", "depth_km": 11.0, "ml": 4.7, "mb": 5.7, "ms": 5.1}}, {"type": "Feature", "geometry": {"type": "Point", "coordinates": [125.517, 11.323]}, "properties": {"id": "PH-2574", "datetime_utc": "2010-03-09T06:00:42.470000Z", "year": 2010, "mag": 5.1, "mag_type": "Ms", "depth_km": 70.0, "ml": 4.7, "mb": 5.7, "ms": 5.1}}, {"type": "Feature", "geometry": {"type": "Point", "coordinates": [126.595, 8.712]}, "properties": {"id": "PH-2575", "datetime_utc": "2010-03-14T09:54:12.310000Z", "year": 2010, "mag": 5.0, "mag_type": "Ms", "depth_km": 10.0, "ml": 4.6, "mb": 5.6, "ms": 5.0}}, {"type": "Feature", "geometry": {"type": "Point", "coordinates": [127.422, 5.335]}, "properties": {"id": "PH-2576", "datetime_utc": "2010-03-14T18:23:04.760000Z", "year": 2010, "mag": 5.0, "mag_type": "Ms", "depth_km": 3.0, "ml": 4.6, "mb": 5.6, "ms": 5.0}}, {"type": "Feature", "geometry": {"type": "Point", "coordinates": [120.751, 18.429]}, "properties": {"id": "PH-2577", "datetime_utc": "2010-03-22T19:58:15.780000Z", "year": 2010, "mag": 5.7, "mag_type": "Ms", "depth_km": 17.0, "ml": 5.1, "mb": 6.0, "ms": 5.7}}, {"type": "Feature", "geometry": {"type": "Point", "coordinates": [119.727, 13.738]}, "properties": {"id": "PH-2578", "datetime_utc": "2010-03-25T05:29:24.120000Z", "year": 2010, "mag": 6.0, "mag_type": "Ms", "depth_km": 11.0, "ml": 5.4, "mb": 6.3, "ms": 6.0}}, {"type": "Feature", "geometry": {"type": "Point", "coordinates": [125.243, 13.492]}, "properties": {"id": "PH-2579", "datetime_utc": "2010-03-26T18:17:12.740000Z", "year": 2010, "mag": 5.1, "mag_type": "Ms", "depth_km": 57.0, "ml": 4.7, "mb": 5.6, "ms": 5.1}}, {"type": "Feature", "geometry": {"type": "Point", "coordinates": [126.85, 3.53]}, "properties": {"id": "PH-2580", "datetime_utc": "2010-04-17T07:22:57.770000Z", "year": 2010, "mag": 5.3, "mag_type": "Ms", "depth_km": 70.0, "ml": 4.8, "mb": 5.8, "ms": 5.3}}, {"type": "Feature", "geometry": {"type": "Point", "coordinates": [123.884, 6.929]}, "properties": {"id": "PH-2581", "datetime_utc": "2010-05-31T10:15:59.830000Z", "year": 2010, "mag": 5.8, "mag_type": "Ms", "depth_km": 6.0, "ml": 5.2, "mb": 6.1, "ms": 5.8}}, {"type": "Feature", "geometry": {"type": "Point", "coordinates": [127.132, 6.993]}, "properties": {"id": "PH-2582", "datetime_utc": "2010-06-10T02:13:17.840000Z", "year": 2010, "mag": 5.2, "mag_type": "Ms", "depth_km": 19.0, "ms": 5.2}}, {"type": "Feature", "geometry": {"type": "Point", "coordinates": [127.215, 4.548]}, "properties": {"id": "PH-2583", "datetime_utc": "2010-06-27T23:47:23.680000Z", "year": 2010, "mag": 5.4, "mag_type": "Ms", "depth_km": 51.0, "ml": 4.9, "mb": 5.9, "ms": 5.4}}, {"type": "Feature", "geometry": {"type": "Point", "coordinates": [123.543, 6.837]}, "properties": {"id": "PH-2584", "datetime_utc": "2010-07-23T22:08:12.030000Z", "year": 2010, "mag": 6.9, "mag_type": "Ms", "depth_km": 598.0, "ml": 5.9, "mb": 6.8, "ms": 6.9}}, {"type": "Feature", "geometry": {"type": "Point", "coordinates": [123.597, 6.749]}, "properties": {"id": "PH-2585", "datetime_utc": "2010-07-23T22:19:35.300000Z", "year": 2010, "mag": 5.5, "mag_type": "Ms", "depth_km": 595.0, "ml": 4.9, "mb": 5.9, "ms": 5.5}}, {"type": "Feature", "geometry": {"type": "Point", "coordinates": [123.584, 6.684]}, "properties": {"id": "PH-2586", "datetime_utc": "2010-07-23T22:51:13.770000Z", "year": 2010, "mag": 7.1, "mag_type": "Ms", "depth_km": 568.0, "ms": 7.1}}, {"type": "Feature", "geometry": {"type": "Point", "coordinates": [123.34, 6.574]}, "properties": {"id": "PH-2587", "datetime_utc": "2010-07-23T23:15:07.550000Z", "year": 2010, "mag": 7.1, "mag_type": "Ms", "depth_km": 638.0, "ms": 7.1}}, {"type": "Feature", "geometry": {"type": "Point", "coordinates": [123.672, 6.214]}, "properties": {"id": "PH-2588", "datetime_utc": "2010-07-24T05:35:01.020000Z", "year": 2010, "mag": 6.0, "mag_type": "Ms", "depth_km": 563.0, "ml": 5.2, "mb": 6.1, "ms": 6.0}}, {"type": "Feature", "geometry": {"type": "Point", "coordinates": [123.669, 6.859]}, "properties": {"id": "PH-2589", "datetime_utc": "2010-07-26T16:37:02.670000Z", "year": 2010, "mag": 5.0, "mag_type": "Ms", "depth_km": 595.0, "ml": 4.2, "mb": 5.2, "ms": 5.0}}, {"type": "Feature", "geometry": {"type": "Point", "coordinates": [123.137, 6.696]}, "properties": {"id": "PH-2590", "datetime_utc": "2010-07-26T23:06:48.420000Z", "year": 2010, "mag": 5.4, "mag_type": "Ms", "depth_km": 648.0, "ml": 4.6, "mb": 5.6, "ms": 5.4}}, {"type": "Feature", "geometry": {"type": "Point", "coordinates": [123.4, 6.396]}, "properties": {"id": "PH-2591", "datetime_utc": "2010-07-29T07:31:55.330000Z", "year": 2010, "mag": 6.6, "mag_type": "Ms", "depth_km": 616.0, "ms": 6.6}}, {"type": "Feature", "geometry": {"type": "Point", "coordinates": [123.379, 6.584]}, "properties": {"id": "PH-2592", "datetime_utc": "2010-07-29T08:55:27.460000Z", "year": 2010, "mag": 5.5, "mag_type": "Ms", "depth_km": 601.0, "ml": 3.9, "mb": 4.9, "ms": 5.5}}, {"type": "Feature", "geometry": {"type": "Point", "coordinates": [127.131, 6.715]}, "properties": {"id": "PH-2593", "datetime_utc": "2010-08-04T00:43:01.440000Z", "year": 2010, "mag": 5.0, "mag_type": "Ms", "depth_km": 21.0, "ml": 4.6, "mb": 5.6, "ms": 5.0}}, {"type": "Feature", "geometry": {"type": "Point", "coordinates": [123.588, 6.638]}, "properties": {"id": "PH-2594", "datetime_utc": "2010-08-24T20:48:03.530000Z", "year": 2010, "mag": 5.0, "mag_type": "Ms", "depth_km": 629.0, "ml": 4.6, "mb": 5.6, "ms": 5.0}}, {"type": "Feature", "geometry": {"type": "Point", "coordinates": [126.094, 6.04]}, "properties": {"id": "PH-2595", "datetime_utc": "2010-09-06T03:08:53.110000Z", "year": 2010, "mag": 5.1, "mag_type": "Ms", "depth_km": 42.0, "ml": 4.7, "mb": 5.7, "ms": 5.1}}, {"type": "Feature", "geometry": {"type": "Point", "coordinates": [124.348, 5.184]}, "properties": {"id": "PH-2596", "datetime_utc": "2010-09-12T16:35:49.850000Z", "year": 2010, "mag": 5.0, "mag_type": "Ms", "depth_km": 33.0, "ml": 4.6, "mb": 5.6, "ms": 5.0}}, {"type": "Feature", "geometry": {"type": "Point", "coordinates": [124.46, 5.324]}, "properties": {"id": "PH-2597", "datetime_utc": "2010-09-14T07:33:22.670000Z", "year": 2010, "mag": 5.2, "mag_type": "Ms", "depth_km": 32.0, "ml": 4.8, "mb": 5.8, "ms": 5.2}}, {"type": "Feature", "geometry": {"type": "Point", "coordinates": [124.46, 5.497]}, "properties": {"id": "PH-2598", "datetime_utc": "2010-09-14T13:08:54.390000Z", "year": 2010, "mag": 5.1, "mag_type": "Ms", "depth_km": 25.0, "ml": 4.7, "mb": 5.7, "ms": 5.1}}, {"type": "Feature", "geometry": {"type": "Point", "coordinates": [126.542, 3.829]}, "properties": {"id": "PH-2599", "datetime_utc": "2010-09-17T19:34:10.110000Z", "year": 2010, "mag": 5.1, "mag_type": "Ms", "depth_km": 30.0, "ml": 4.7, "mb": 5.7, "ms": 5.1}}, {"type": "Feature", "geometry": {"type": "Point", "coordinates": [121.389, 19.82]}, "properties": {"id": "PH-2600", "datetime_utc": "2010-09-30T09:00:24.150000Z", "year": 2010, "mag": 5.6, "mag_type": "Ms", "depth_km": 26.0, "ms": 5.6}}, {"type": "Feature", "geometry": {"type": "Point", "coordinates": [122.023, 19.222]}, "properties": {"id": "PH-2601", "datetime_utc": "2010-10-04T01:38:28.860000Z", "year": 2010, "mag": 5.8, "mag_type": "Ms", "depth_km": 14.0, "ms": 5.8}}, {"type": "Feature", "geometry": {"type": "Point", "coordinates": [123.762, 6.757]}, "properties": {"id": "PH-2602", "datetime_utc": "2010-10-05T08:26:26.850000Z", "year": 2010, "mag": 5.0, "mag_type": "Ms", "depth_km": 602.0, "ms": 5.0}}, {"type": "Feature", "geometry": {"type": "Point", "coordinates": [124.8, 6.671]}, "properties": {"id": "PH-2603", "datetime_utc": "2010-10-06T21:57:36.920000Z", "year": 2010, "mag": 5.2, "mag_type": "Ms", "depth_km": 8.0, "ml": 4.8, "mb": 5.7, "ms": 5.2}}, {"type": "Feature", "geometry": {"type": "Point", "coordinates": [120.522, 18.301]}, "properties": {"id": "PH-2604", "datetime_utc": "2010-10-15T18:57:21.670000Z", "year": 2010, "mag": 5.2, "mag_type": "Ms", "depth_km": 31.0, "ml": 4.7, "mb": 5.7, "ms": 5.2}}, {"type": "Feature", "geometry": {"type": "Point", "coordinates": [124.612, 12.877]}, "properties": {"id": "PH-2605", "datetime_utc": "2010-10-20T07:12:30.780000Z", "year": 2010, "mag": 5.0, "mag_type": "Ms", "depth_km": 18.0, "ml": 4.6, "mb": 5.6, "ms": 5.0}}, {"type": "Feature", "geometry": {"type": "Point", "coordinates": [122.946, 12.788]}, "properties": {"id": "PH-2606", "datetime_utc": "2010-11-03T22:24:46.510000Z", "year": 2010, "mag": 5.2, "mag_type": "Ms", "depth_km": 23.0, "ml": 4.8, "mb": 5.7, "ms": 5.2}}, {"type": "Feature", "geometry": {"type": "Point", "coordinates": [122.897, 12.825]}, "properties": {"id": "PH-2607", "datetime_utc": "2010-11-05T16:40:37.840000Z", "year": 2010, "mag": 5.8, "mag_type": "Ms", "depth_km": 19.0, "ms": 5.8}}, {"type": "Feature", "geometry": {"type": "Point", "coordinates": [119.726, 15.115]}, "properties": {"id": "PH-2608", "datetime_utc": "2010-11-10T10:30:16.910000Z", "year": 2010, "mag": 5.2, "mag_type": "Ms", "depth_km": 16.0, "ml": 4.8, "mb": 5.7, "ms": 5.2}}, {"type": "Feature", "geometry": {"type": "Point", "coordinates": [121.215, 20.366]}, "properties": {"id": "PH-2609", "datetime_utc": "2010-11-26T01:22:24.030000Z", "year": 2010, "mag": 5.0, "mag_type": "Ms", "depth_km": 36.0, "ml": 4.7, "mb": 5.7, "ms": 5.0}}, {"type": "Feature", "geometry": {"type": "Point", "coordinates": [126.567, 7.4]}, "properties": {"id": "PH-2610", "datetime_utc": "2010-12-08T06:47:17.270000Z", "year": 2010, "mag": 5.8, "mag_type": "Ms", "depth_km": 14.0, "ml": 5.1, "mb": 6.1, "ms": 5.8}}, {"type": "Feature", "geometry": {"type": "Point", "coordinates": [121.14, 16.44]}, "properties": {"id": "PH-2611", "datetime_utc": "2010-12-13T00:24:36.790000Z", "year": 2010, "mag": 5.1, "mag_type": "Ms", "depth_km": 31.0, "ml": 4.7, "mb": 5.7, "ms": 5.1}}, {"type": "Feature", "geometry": {"type": "Point", "coordinates": [126.401, 10.498]}, "properties": {"id": "PH-2612", "datetime_utc": "2010-12-16T20:03:22.140000Z", "year": 2010, "mag": 5.0, "mag_type": "Ms", "depth_km": 35.0, "ml": 4.6, "mb": 5.6, "ms": 5.0}}, {"type": "Feature", "geometry": {"type": "Point", "coordinates": [126.289, 10.368]}, "properties": {"id": "PH-2613", "datetime_utc": "2010-12-18T05:06:24.540000Z", "year": 2010, "mag": 5.6, "mag_type": "Ms", "depth_km": 14.0, "ml": 5.1, "mb": 6.0, "ms": 5.6}}, {"type": "Feature", "geometry": {"type": "Point", "coordinates": [126.288, 10.37]}, "properties": {"id": "PH-2614", "datetime_utc": "2010-12-18T06:11:50.250000Z", "year": 2010, "mag": 5.0, "mag_type": "Ms", "depth_km": 11.0, "ml": 4.6, "mb": 5.6, "ms": 5.0}}, {"type": "Feature", "geometry": {"type": "Point", "coordinates": [126.354, 9.986]}, "properties": {"id": "PH-2615", "datetime_utc": "2010-12-30T16:56:10.620000Z", "year": 2010, "mag": 5.1, "mag_type": "Ms", "depth_km": 4.0, "ml": 4.7, "mb": 5.7, "ms": 5.1}}, {"type": "Feature", "geometry": {"type": "Point", "coordinates": [123.595, 6.346]}, "properties": {"id": "PH-2616", "datetime_utc": "2011-01-24T06:28:05.100000Z", "year": 2011, "mag": 5.0, "mag_type": "Ms", "depth_km": 596.0, "ml": 4.7, "mb": 5.7, "ms": 5.0}}, {"type": "Feature", "geometry": {"type": "Point", "coordinates": [120.822, 18.063]}, "properties": {"id": "PH-2617", "datetime_utc": "2011-02-08T21:01:10.630000Z", "year": 2011, "mag": 5.3, "mag_type": "Ms", "depth_km": 57.0, "ml": 4.7, "mb": 5.7, "ms": 5.3}}, {"type": "Feature", "geometry": {"type": "Point", "coordinates": [123.154, 4.056]}, "properties": {"id": "PH-2618", "datetime_utc": "2011-02-10T14:39:26.870000Z", "year": 2011, "mag": 6.7, "mag_type": "Ms", "depth_km": 540.0, "ml": 5.8, "mb": 6.7, "ms": 6.7}}, {"type": "Feature", "geometry": {"type": "Point", "coordinates": [123.281, 4.102]}, "properties": {"id": "PH-2619", "datetime_utc": "2011-02-10T14:41:59.460000Z", "year": 2011, "mag": 6.5, "mag_type": "Ms", "depth_km": 552.0, "ml": 5.6, "mb": 6.5, "ms": 6.5}}, {"type": "Feature", "geometry": {"type": "Point", "coordinates": [121.186, 21.135]}, "properties": {"id": "PH-2620", "datetime_utc": "2011-02-15T07:18:17.620000Z", "year": 2011, "mag": 5.7, "mag_type": "Ms", "depth_km": 52.0, "ml": 5.1, "mb": 6.1, "ms": 5.7}}, {"type": "Feature", "geometry": {"type": "Point", "coordinates": [120.48, 16.452]}, "properties": {"id": "PH-2621", "datetime_utc": "2011-02-17T22:20:46.870000Z", "year": 2011, "mag": 5.0, "mag_type": "Ms", "depth_km": 14.0, "ml": 4.5, "mb": 5.5, "ms": 5.0}}, {"type": "Feature", "geometry": {"type": "Point", "coordinates": [126.69, 4.57]}, "properties": {"id": "PH-2622", "datetime_utc": "2011-03-03T12:52:07.960000Z", "year": 2011, "mag": 5.6, "mag_type": "Ms", "depth_km": 60.0, "ml": 5.1, "mb": 6.0, "ms": 5.6}}, {"type": "Feature", "geometry": {"type": "Point", "coordinates": [125.9, 9.51]}, "properties": {"id": "PH-2623", "datetime_utc": "2011-03-03T15:11:59.130000Z", "year": 2011, "mag": 5.7, "mag_type": "Ms", "depth_km": 3.0, "ml": 5.1, "mb": 6.0, "ms": 5.7}}, {"type": "Feature", "geometry": {"type": "Point", "coordinates": [126.46, 4.769]}, "properties": {"id": "PH-2624", "datetime_utc": "2011-03-09T14:52:07.980000Z", "year": 2011, "mag": 5.5, "mag_type": "Ms", "depth_km": 47.0, "ml": 5.0, "mb": 5.9, "ms": 5.5}}, {"type": "Feature", "geometry": {"type": "Point", "coordinates": [121.16, 19.921]}, "properties": {"id": "PH-2625", "datetime_utc": "2011-03-09T17:57:26.270000Z", "year": 2011, "mag": 5.2, "mag_type": "Ms", "depth_km": 35.0, "ml": 4.6, "mb": 5.6, "ms": 5.2}}, {"type": "Feature", "geometry": {"type": "Point", "coordinates": [120.36, 13.65]}, "properties": {"id": "PH-2626", "datetime_utc": "2011-03-10T19:06:09Z", "year": 2011, "mag": 5.1, "mag_type": "Ms", "depth_km": 78.0, "ml": 4.5, "mb": 5.5, "ms": 5.1}}, {"type": "Feature", "geometry": {"type": "Point", "coordinates": [121.28, 19.06]}, "properties": {"id": "PH-2627", "datetime_utc": "2011-03-20T08:26:12.410000Z", "year": 2011, "mag": 6.1, "mag_type": "Ms", "depth_km": 39.0, "ml": 5.1, "mb": 6.0, "ms": 6.1}}, {"type": "Feature", "geometry": {"type": "Point", "coordinates": [120.23, 13.855]}, "properties": {"id": "PH-2628", "datetime_utc": "2011-03-21T10:36:47.860000Z", "year": 2011, "mag": 5.7, "mag_type": "Ms", "depth_km": 75.0, "ml": 5.1, "mb": 6.0, "ms": 5.7}}, {"type": "Feature", "geometry": {"type": "Point", "coordinates": [119.79, 13.84]}, "properties": {"id": "PH-2629", "datetime_utc": "2011-04-08T18:29:16.670000Z", "year": 2011, "mag": 5.4, "mag_type": "Ms", "depth_km": 33.0, "ml": 4.9, "mb": 5.9, "ms": 5.4}}, {"type": "Feature", "geometry": {"type": "Point", "coordinates": [126.287, 5.81]}, "properties": {"id": "PH-2630", "datetime_utc": "2011-04-14T16:11:53.900000Z", "year": 2011, "mag": 5.2, "mag_type": "Ms", "depth_km": 151.0, "ml": 4.7, "mb": 5.7, "ms": 5.2}}, {"type": "Feature", "geometry": {"type": "Point", "coordinates": [121.062, 19.409]}, "properties": {"id": "PH-2631", "datetime_utc": "2011-04-19T05:30:32.640000Z", "year": 2011, "mag": 5.3, "mag_type": "Ms", "depth_km": 19.0, "ml": 4.9, "mb": 5.8, "ms": 5.3}}, {"type": "Feature", "geometry": {"type": "Point", "coordinates": [121.888, 20.91]}, "properties": {"id": "PH-2632", "datetime_utc": "2011-04-29T13:12:50.200000Z", "year": 2011, "mag": 5.1, "mag_type": "Ms", "depth_km": 183.0, "ml": 4.7, "mb": 5.7, "ms": 5.1}}, {"type": "Feature", "geometry": {"type": "Point", "coordinates": [126.734, 4.726]}, "properties": {"id": "PH-2633", "datetime_utc": "2011-05-09T19:13:18.220000Z", "year": 2011, "mag": 5.5, "mag_type": "Ms", "depth_km": 59.0, "ml": 5.0, "mb": 5.9, "ms": 5.5}}, {"type": "Feature", "geometry": {"type": "Point", "coordinates": [125.83, 5.848]}, "properties": {"id": "PH-2634", "datetime_utc": "2011-05-21T07:07:43.750000Z", "year": 2011, "mag": 5.3, "mag_type": "Ms", "depth_km": 158.0, "ml": 4.8, "mb": 5.8, "ms": 5.3}}, {"type": "Feature", "geometry": {"type": "Point", "coordinates": [121.891, 17.186]}, "properties": {"id": "PH-2635", "datetime_utc": "2011-05-21T13:08:01.940000Z", "year": 2011, "mag": 5.5, "mag_type": "Ms", "depth_km": 13.0, "ml": 5.0, "mb": 5.9, "ms": 5.5}}, {"type": "Feature", "geometry": {"type": "Point", "coordinates": [120.712, 13.653]}, "properties": {"id": "PH-2636", "datetime_utc": "2011-05-22T16:42:23.800000Z", "year": 2011, "mag": 5.7, "mag_type": "Ms", "depth_km": 103.0, "ml": 5.1, "mb": 6.0, "ms": 5.7}}, {"type": "Feature", "geometry": {"type": "Point", "coordinates": [126.301, 5.863]}, "properties": {"id": "PH-2637", "datetime_utc": "2011-05-27T14:19:21.440000Z", "year": 2011, "mag": 5.0, "mag_type": "Ms", "depth_km": 68.0, "ml": 4.6, "mb": 5.6, "ms": 5.0}}, {"type": "Feature", "geometry": {"type": "Point", "coordinates": [127.72, 4.857]}, "properties": {"id": "PH-2638", "datetime_utc": "2011-05-28T20:17:12.330000Z", "year": 2011, "mag": 5.5, "mag_type": "Ms", "depth_km": 71.0, "ml": 4.9, "mb": 5.9, "ms": 5.5}}, {"type": "Feature", "geometry": {"type": "Point", "coordinates": [122.099, 10.599]}, "properties": {"id": "PH-2639", "datetime_utc": "2011-05-29T09:15:21.350000Z", "year": 2011, "mag": 5.0, "mag_type": "Ms", "depth_km": 21.0, "ml": 4.6, "mb": 5.6, "ms": 5.0}}, {"type": "Feature", "geometry": {"type": "Point", "coordinates": [123.745, 6.743]}, "properties": {"id": "PH-2640", "datetime_utc": "2011-06-24T17:23:43.110000Z", "year": 2011, "mag": 5.0, "mag_type": "Ms", "depth_km": 593.0, "ml": 4.5, "mb": 5.5, "ms": 5.0}}, {"type": "Feature", "geometry": {"type": "Point", "coordinates": [125.398, 13.561]}, "properties": {"id": "PH-2641", "datetime_utc": "2011-06-29T20:51:54.590000Z", "year": 2011, "mag": 5.2, "mag_type": "Ms", "depth_km": 35.0, "ml": 4.8, "mb": 5.8, "ms": 5.2}}, {"type": "Feature", "geometry": {"type": "Point", "coordinates": [124.245, 6.228]}, "properties": {"id": "PH-2642", "datetime_utc": "2011-07-07T07:10:18.650000Z", "year": 2011, "mag": 5.2, "mag_type": "Ms", "depth_km": 576.0, "ml": 4.8, "mb": 5.8, "ms": 5.2}}, {"type": "Feature", "geometry": {"type": "Point", "coordinates": [122.136, 9.49]}, "properties": {"id": "PH-2643", "datetime_utc": "2011-07-10T16:42:58.850000Z", "year": 2011, "mag": 5.2, "mag_type": "Ms", "depth_km": 31.0, "ml": 4.8, "mb": 5.7, "ms": 5.2}}, {"type": "Feature", "geometry": {"type": "Point", "coordinates": [122.023, 9.506]}, "properties": {"id": "PH-2644", "datetime_utc": "2011-07-11T20:47:03.270000Z", "year": 2011, "mag": 6.2, "mag_type": "Ms", "depth_km": 4.0, "ml": 5.5, "mb": 6.4, "ms": 6.2}}, {"type": "Feature", "geometry": {"type": "Point", "coordinates": [122.566, 9.693]}, "properties": {"id": "PH-2645", "datetime_utc": "2011-07-11T21:03:22.870000Z", "year": 2011, "mag": 5.7, "mag_type": "Ms", "depth_km": 101.0, "ml": 5.1, "mb": 6.0, "ms": 5.7}}, {"type": "Feature", "geometry": {"type": "Point", "coordinates": [119.86, 15.07]}, "properties": {"id": "PH-2646", "datetime_utc": "2011-07-25T17:15:42.850000Z", "year": 2011, "mag": 5.9, "mag_type": "Ms", "depth_km": 37.0, "ml": 5.3, "mb": 6.2, "ms": 5.9}}, {"type": "Feature", "geometry": {"type": "Point", "coordinates": [126.172, 12.629]}, "properties": {"id": "PH-2647", "datetime_utc": "2011-08-02T09:00:18.260000Z", "year": 2011, "mag": 5.1, "mag_type": "Ms", "depth_km": 33.0, "ms": 5.1}}, {"type": "Feature", "geometry": {"type": "Point", "coordinates": [121.141, 18.997]}, "properties": {"id": "PH-2648", "datetime_utc": "2011-08-11T02:56:41.780000Z", "year": 2011, "mag": 5.2, "mag_type": "Ms", "depth_km": 16.0, "ml": 4.8, "mb": 5.7, "ms": 5.2}}, {"type": "Feature", "geometry": {"type": "Point", "coordinates": [120.886, 13.434]}, "properties": {"id": "PH-2649", "datetime_utc": "2011-08-12T02:29:28.020000Z", "year": 2011, "mag": 5.0, "mag_type": "Ms", "depth_km": 142.0, "ml": 4.6, "mb": 5.6, "ms": 5.0}}, {"type": "Feature", "geometry": {"type": "Point", "coordinates": [125.963, 10.057]}, "properties": {"id": "PH-2650", "datetime_utc": "2011-09-07T06:07:33.970000Z", "year": 2011, "mag": 5.4, "mag_type": "Ms", "depth_km": 138.0, "ml": 4.9, "mb": 5.9, "ms": 5.4}}, {"type": "Feature", "geometry": {"type": "Point", "coordinates": [127.764, 5.765]}, "properties": {"id": "PH-2651", "datetime_utc": "2011-09-12T07:30:35.900000Z", "year": 2011, "mag": 5.0, "mag_type": "Ms", "depth_km": 142.0, "ml": 4.6, "mb": 5.6, "ms": 5.0}}, {"type": "Feature", "geometry": {"type": "Point", "coordinates": [126.993, 8.312]}, "properties": {"id": "PH-2652", "datetime_utc": "2011-09-29T05:16:29.030000Z", "year": 2011, "mag": 5.0, "mag_type": "Ms", "depth_km": 1.0, "ml": 4.6, "mb": 5.6, "ms": 5.0}}, {"type": "Feature", "geometry": {"type": "Point", "coordinates": [123.926, 7.446]}, "properties": {"id": "PH-2653", "datetime_utc": "2011-10-01T04:21:50.210000Z", "year": 2011, "mag": 5.2, "mag_type": "Ms", "depth_km": 621.0, "ml": 4.8, "mb": 5.8, "ms": 5.2}}, {"type": "Feature", "geometry": {"type": "Point", "coordinates": [123.87, 6.706]}, "properties": {"id": "PH-2654", "datetime_utc": "2011-11-05T23:28:00.350000Z", "year": 2011, "mag": 5.0, "mag_type": "Ms", "depth_km": 573.0, "ml": 4.6, "mb": 5.6, "ms": 5.0}}, {"type": "Feature", "geometry": {"type": "Point", "coordinates": [125.013, 7.993]}, "properties": {"id": "PH-2655", "datetime_utc": "2011-11-07T09:43:08.670000Z", "year": 2011, "mag": 5.2, "mag_type": "Ms", "depth_km": 1.0, "ml": 4.7, "mb": 5.7, "ms": 5.2}}, {"type": "Feature", "geometry": {"type": "Point", "coordinates": [119.214, 14.07]}, "properties": {"id": "PH-2656", "datetime_utc": "2011-11-29T08:29:27.350000Z", "year": 2011, "mag": 5.0, "mag_type": "Ms", "depth_km": 62.0, "ml": 4.6, "mb": 5.6, "ms": 5.0}}, {"type": "Feature", "geometry": {"type": "Point", "coordinates": [119.019, 15.465]}, "properties": {"id": "PH-2657", "datetime_utc": "2011-11-30T00:27:07.410000Z", "year": 2011, "mag": 6.0, "mag_type": "Ms", "depth_km": 16.0, "ml": 5.3, "mb": 6.2, "ms": 6.0}}, {"type": "Feature", "geometry": {"type": "Point", "coordinates": [120.313, 13.074]}, "properties": {"id": "PH-2658", "datetime_utc": "2011-12-23T04:27:09.760000Z", "year": 2011, "mag": 5.3, "mag_type": "Ms", "depth_km": 22.0, "ml": 4.8, "mb": 5.8, "ms": 5.3}}, {"type": "Feature", "geometry": {"type": "Point", "coordinates": [126.489, 9.355]}, "properties": {"id": "PH-2659", "datetime_utc": "2011-12-26T20:34:38.010000Z", "year": 2011, "mag": 5.1, "mag_type": "Ms", "depth_km": 6.0, "ml": 4.7, "mb": 5.7, "ms": 5.1}}, {"type": "Feature", "geometry": {"type": "Point", "coordinates": [121.254, 19.286]}, "properties": {"id": "PH-2660", "datetime_utc": "2012-01-07T18:01:00.560000Z", "year": 2012, "mag": 5.0, "mag_type": "Ms", "depth_km": 13.0, "ml": 4.6, "mb": 5.6, "ms": 5.0}}, {"type": "Feature", "geometry": {"type": "Point", "coordinates": [125.867, 8.394]}, "properties": {"id": "PH-2661", "datetime_utc": "2012-01-12T00:19:02.290000Z", "year": 2012, "mag": 5.0, "mag_type": "Ms", "depth_km": 1.0, "ml": 4.6, "mb": 5.6, "ms": 5.0}}, {"type": "Feature", "geometry": {"type": "Point", "coordinates": [121.143, 19.167]}, "properties": {"id": "PH-2662", "datetime_utc": "2012-01-14T16:36:24.780000Z", "year": 2012, "mag": 5.5, "mag_type": "Ms", "depth_km": 28.0, "ml": 4.9, "mb": 5.9, "ms": 5.5}}, {"type": "Feature", "geometry": {"type": "Point", "coordinates": [125.877, 6.518]}, "properties": {"id": "PH-2663", "datetime_utc": "2012-01-17T10:00:20.900000Z", "year": 2012, "mag": 5.1, "mag_type": "Ms", "depth_km": 90.0, "ml": 4.7, "mb": 5.7, "ms": 5.1}}, {"type": "Feature", "geometry": {"type": "Point", "coordinates": [126.127, 11.302]}, "properties": {"id": "PH-2664", "datetime_utc": "2012-01-17T12:55:33.370000Z", "year": 2012, "mag": 5.9, "mag_type": "Ms", "depth_km": 16.0, "ml": 5.3, "mb": 6.2, "ms": 5.9}}, {"type": "Feature", "geometry": {"type": "Point", "coordinates": [125.012, 4.83]}, "properties": {"id": "PH-2665", "datetime_utc": "2012-01-20T22:50:52.670000Z", "year": 2012, "mag": 5.0, "mag_type": "Ms", "depth_km": 51.0, "ml": 4.6, "mb": 5.6, "ms": 5.0}}, {"type": "Feature", "geometry": {"type": "Point", "coordinates": [126.124, 8.544]}, "properties": {"id": "PH-2666", "datetime_utc": "2012-01-24T10:34:17.990000Z", "year": 2012, "mag": 5.3, "mag_type": "Ms", "depth_km": 191.0, "ml": 4.8, "mb": 5.8, "ms": 5.3}}, {"type": "Feature", "geometry": {"type": "Point", "coordinates": [124.737, 13.554]}, "properties": {"id": "PH-2667", "datetime_utc": "2012-01-28T00:17:09.100000Z", "year": 2012, "mag": 5.5, "mag_type": "Ms", "depth_km": 22.0, "ml": 5.0, "mb": 5.9, "ms": 5.5}}, {"type": "Feature", "geometry": {"type": "Point", "coordinates": [120.981, 19.388]}, "properties": {"id": "PH-2668", "datetime_utc": "2012-01-28T04:46:24.040000Z", "year": 2012, "mag": 5.0, "mag_type": "Ms", "depth_km": 26.0, "ml": 4.4, "mb": 5.4, "ms": 5.0}}, {"type": "Feature", "geometry": {"type": "Point", "coordinates": [124.898, 5.806]}, "properties": {"id": "PH-2669", "datetime_utc": "2012-01-29T00:06:51.720000Z", "year": 2012, "mag": 5.2, "mag_type": "Ms", "depth_km": 372.0, "ml": 4.7, "mb": 5.7, "ms": 5.2}}, {"type": "Feature", "geometry": {"type": "Point", "coordinates": [125.739, 11.733]}, "properties": {"id": "PH-2670", "datetime_utc": "2012-02-01T04:30:49.360000Z", "year": 2012, "mag": 5.0, "mag_type": "Ms", "depth_km": 21.0, "ml": 4.4, "mb": 5.4, "ms": 5.0}}, {"type": "Feature", "geometry": {"type": "Point", "coordinates": [126.16, 12.101]}, "properties": {"id": "PH-2671", "datetime_utc": "2012-02-04T13:09:20.960000Z", "year": 2012, "mag": 5.9, "mag_type": "Ms", "depth_km": 19.0, "ms": 5.9}}, {"type": "Feature", "geometry": {"type": "Point", "coordinates": [126.107, 12.178]}, "properties": {"id": "PH-2672", "datetime_utc": "2012-02-04T13:19:37.810000Z", "year": 2012, "mag": 5.4, "mag_type": "Ms", "depth_km": 48.0, "ml": 4.9, "mb": 5.9, "ms": 5.4}}, {"type": "Feature", "geometry": {"type": "Point", "coordinates": [126.122, 12.147]}, "properties": {"id": "PH-2673", "datetime_utc": "2012-02-04T19:29:11.800000Z", "year": 2012, "mag": 5.4, "mag_type": "Ms", "depth_km": 2.0, "ml": 4.9, "mb": 5.9, "ms": 5.4}}, {"type": "Feature", "geometry": {"type": "Point", "coordinates": [123.165, 9.968]}, "properties": {"id": "PH-2674", "datetime_utc": "2012-02-06T03:49:11.420000Z", "year": 2012, "mag": 6.9, "mag_type": "Ms", "depth_km": 5.0, "ml": 6.0, "mb": 6.9, "ms": 6.9}}, {"type": "Feature", "geometry": {"type": "Point", "coordinates": [123.15, 10.069]}, "properties": {"id": "PH-2675", "datetime_utc": "2012-02-06T04:20:00.590000Z", "year": 2012, "mag": 5.3, "mag_type": "Ms", "depth_km": 13.0, "ml": 4.9, "mb": 5.9, "ms": 5.3}}, {"type": "Feature", "geometry": {"type": "Point", "coordinates": [123.172, 9.915]}, "properties": {"id": "PH-2676", "datetime_utc": "2012-02-06T10:10:17.500000Z", "year": 2012, "mag": 6.3, "mag_type": "Ms", "depth_km": 1.0, "ml": 5.6, "mb": 6.5, "ms": 6.3}}, {"type": "Feature", "geometry": {"type": "Point", "coordinates": [123.111, 9.917]}, "properties": {"id": "PH-2677", "datetime_utc": "2012-02-06T11:33:36.180000Z", "year": 2012, "mag": 5.5, "mag_type": "Ms", "depth_km": 6.0, "ml": 5.0, "mb": 6.0, "ms": 5.5}}, {"type": "Feature", "geometry": {"type": "Point", "coordinates": [123.075, 9.929]}, "properties": {"id": "PH-2678", "datetime_utc": "2012-02-06T11:40:15.370000Z", "year": 2012, "mag": 5.2, "mag_type": "Ms", "depth_km": 8.0, "ml": 4.8, "mb": 5.8, "ms": 5.2}}, {"type": "Feature", "geometry": {"type": "Point", "coordinates": [124.049, 5.805]}, "properties": {"id": "PH-2679", "datetime_utc": "2012-02-06T16:46:43.870000Z", "year": 2012, "mag": 5.0, "mag_type": "Ms", "depth_km": 497.0, "ml": 4.6, "mb": 5.6, "ms": 5.0}}, {"type": "Feature", "geometry": {"type": "Point", "coordinates": [123.257, 10.151]}, "properties": {"id": "PH-2680", "datetime_utc": "2012-02-07T20:37:44.750000Z", "year": 2012, "mag": 5.1, "mag_type": "Ms", "depth_km": 10.0, "ml": 4.7, "mb": 5.7, "ms": 5.1}}, {"type": "Feature", "geometry": {"type": "Point", "coordinates": [123.245, 10.063]}, "properties": {"id": "PH-2681", "datetime_utc": "2012-02-07T21:59:12.190000Z", "year": 2012, "mag": 5.2, "mag_type": "Ms", "depth_km": 7.0, "ml": 4.8, "mb": 5.8, "ms": 5.2}}, {"type": "Feature", "geometry": {"type": "Point", "coordinates": [126.179, 9.99]}, "properties": {"id": "PH-2682", "datetime_utc": "2012-02-24T05:42:24.380000Z", "year": 2012, "mag": 5.0, "mag_type": "Ms", "depth_km": 18.0, "ml": 4.6, "mb": 5.6, "ms": 5.0}}, {"type": "Feature", "geometry": {"type": "Point", "coordinates": [123.637, 12.401]}, "properties": {"id": "PH-2683", "datetime_utc": "2012-03-05T23:06:26.230000Z", "year": 2012, "mag": 5.2, "mag_type": "Ms", "depth_km": 7.0, "ml": 4.8, "mb": 5.8, "ms": 5.2}}, {"type": "Feature", "geometry": {"type": "Point", "coordinates": [120.32, 13.547]}, "properties": {"id": "PH-2684", "datetime_utc": "2012-03-08T15:30:21.970000Z", "year": 2012, "mag": 5.1, "mag_type": "Ms", "depth_km": 4.0, "ml": 4.8, "mb": 5.7, "ms": 5.1}}, {"type": "Feature", "geometry": {"type": "Point", "coordinates": [120.203, 13.507]}, "properties": {"id": "PH-2685", "datetime_utc": "2012-03-08T20:03:11.950000Z", "year": 2012, "mag": 5.3, "mag_type": "Ms", "depth_km": 5.0, "ml": 4.9, "mb": 5.9, "ms": 5.3}}, {"type": "Feature", "geometry": {"type": "Point", "coordinates": [125.599, 9.977]}, "properties": {"id": "PH-2686", "datetime_utc": "2012-03-16T07:58:03.930000Z", "year": 2012, "mag": 5.9, "mag_type": "Ms", "depth_km": 17.0, "ml": 5.3, "mb": 6.2, "ms": 5.9}}, {"type": "Feature", "geometry": {"type": "Point", "coordinates": [126.603, 5.818]}, "properties": {"id": "PH-2687", "datetime_utc": "2012-05-05T18:43:19.170000Z", "year": 2012, "mag": 5.0, "mag_type": "Ms", "depth_km": 70.0, "ml": 4.7, "mb": 5.6, "ms": 5.0}}, {"type": "Feature", "geometry": {"type": "Point", "coordinates": [127.577, 6.466]}, "properties": {"id": "PH-2688", "datetime_utc": "2012-05-09T04:35:00Z", "year": 2012, "mag": 5.1, "mag_type": "Ms", "depth_km": 40.0, "ml": 4.8, "mb": 5.7, "ms": 5.1}}, {"type": "Feature", "geometry": {"type": "Point", "coordinates": [124.02, 6.575]}, "properties": {"id": "PH-2689", "datetime_utc": "2012-06-03T13:51:42.220000Z", "year": 2012, "mag": 5.3, "mag_type": "Ms", "depth_km": 631.0, "ml": 4.9, "mb": 5.9, "ms": 5.3}}, {"type": "Feature", "geometry": {"type": "Point", "coordinates": [123.853, 6.65]}, "properties": {"id": "PH-2690", "datetime_utc": "2012-06-11T13:31:45.450000Z", "year": 2012, "mag": 5.1, "mag_type": "Ms", "depth_km": 604.0, "ml": 4.7, "mb": 5.7, "ms": 5.1}}, {"type": "Feature", "geometry": {"type": "Point", "coordinates": [126.421, 5.566]}, "properties": {"id": "PH-2691", "datetime_utc": "2012-06-15T01:14:07.060000Z", "year": 2012, "mag": 6.0, "mag_type": "Ms", "depth_km": 11.0, "ml": 5.4, "mb": 6.3, "ms": 6.0}}, {"type": "Feature", "geometry": {"type": "Point", "coordinates": [119.323, 15.618]}, "properties": {"id": "PH-2692", "datetime_utc": "2012-06-16T22:18:46.160000Z", "year": 2012, "mag": 6.0, "mag_type": "Ms", "depth_km": 23.0, "ml": 5.3, "mb": 6.3, "ms": 6.0}}, {"type": "Feature", "geometry": {"type": "Point", "coordinates": [126.562, 4.637]}, "properties": {"id": "PH-2693", "datetime_utc": "2012-07-05T08:14:14.380000Z", "year": 2012, "mag": 5.3, "mag_type": "Ms", "depth_km": 71.0, "ml": 4.9, "mb": 5.9, "ms": 5.3}}, {"type": "Feature", "geometry": {"type": "Point", "coordinates": [119.464, 14.931]}, "properties": {"id": "PH-2694", "datetime_utc": "2012-07-14T20:12:06.910000Z", "year": 2012, "mag": 5.1, "mag_type": "Ms", "depth_km": 1.0, "ml": 4.7, "mb": 5.7, "ms": 5.1}}, {"type": "Feature", "geometry": {"type": "Point", "coordinates": [126.472, 7.86]}, "properties": {"id": "PH-2695", "datetime_utc": "2012-07-29T03:04:38.740000Z", "year": 2012, "mag": 5.0, "mag_type": "Ms", "depth_km": 8.0, "ml": 4.6, "mb": 5.6, "ms": 5.0}}, {"type": "Feature", "geometry": {"type": "Point", "coordinates": [119.755, 13.808]}, "properties": {"id": "PH-2696", "datetime_utc": "2012-08-07T05:03:42.690000Z", "year": 2012, "mag": 5.0, "mag_type": "Ms", "depth_km": 32.0, "ml": 4.7, "mb": 5.7, "ms": 5.0}}, {"type": "Feature", "geometry": {"type": "Point", "coordinates": [127.053, 10.919]}, "properties": {"id": "PH-2697", "datetime_utc": "2012-08-31T12:47:31.400000Z", "year": 2012, "mag": 7.6, "mag_type": "Ms", "depth_km": 51.0, "ml": 6.5, "mb": 7.3, "ms": 7.6}}, {"type": "Feature", "geometry": {"type": "Point", "coordinates": [127.085, 10.719]}, "properties": {"id": "PH-2698", "datetime_utc": "2012-08-31T13:14:54.700000Z", "year": 2012, "mag": 6.6, "mag_type": "Ms", "depth_km": 33.0, "ml": 5.8, "mb": 6.7, "ms": 6.6}}, {"type": "Feature", "geometry": {"type": "Point", "coordinates": [127.179, 10.826]}, "properties": {"id": "PH-2699", "datetime_utc": "2012-08-31T13:27:21.660000Z", "year": 2012, "mag": 6.3, "mag_type": "Ms", "depth_km": 108.0, "ml": 5.6, "mb": 6.5, "ms": 6.3}}, {"type": "Feature", "geometry": {"type": "Point", "coordinates": [127.561, 10.686]}, "properties": {"id": "PH-2700", "datetime_utc": "2012-08-31T13:36:22.460000Z", "year": 2012, "mag": 5.7, "mag_type": "Ms", "depth_km": 34.0, "ml": 5.1, "mb": 6.1, "ms": 5.7}}, {"type": "Feature", "geometry": {"type": "Point", "coordinates": [126.883, 10.826]}, "properties": {"id": "PH-2701", "datetime_utc": "2012-08-31T15:59:24.250000Z", "year": 2012, "mag": 5.0, "mag_type": "Ms", "depth_km": 72.0, "ml": 4.6, "mb": 5.6, "ms": 5.0}}, {"type": "Feature", "geometry": {"type": "Point", "coordinates": [126.88, 10.523]}, "properties": {"id": "PH-2702", "datetime_utc": "2012-08-31T23:37:54.700000Z", "year": 2012, "mag": 5.8, "mag_type": "Ms", "depth_km": 32.0, "ml": 5.2, "mb": 6.2, "ms": 5.8}}, {"type": "Feature", "geometry": {"type": "Point", "coordinates": [126.619, 10.333]}, "properties": {"id": "PH-2703", "datetime_utc": "2012-09-01T00:24:58.140000Z", "year": 2012, "mag": 5.3, "mag_type": "Ms", "depth_km": 1.0, "ml": 4.9, "mb": 5.9, "ms": 5.3}}, {"type": "Feature", "geometry": {"type": "Point", "coordinates": [127.061, 10.606]}, "properties": {"id": "PH-2704", "datetime_utc": "2012-09-01T12:27:15.910000Z", "year": 2012, "mag": 5.2, "mag_type": "Ms", "depth_km": 42.0, "ml": 4.8, "mb": 5.8, "ms": 5.2}}, {"type": "Feature", "geometry": {"type": "Point", "coordinates": [126.704, 11.409]}, "properties": {"id": "PH-2705", "datetime_utc": "2012-09-02T14:42:13.120000Z", "year": 2012, "mag": 5.4, "mag_type": "Ms", "depth_km": 27.0, "ml": 4.9, "mb": 5.9, "ms": 5.4}}, {"type": "Feature", "geometry": {"type": "Point", "coordinates": [126.872, 10.998]}, "properties": {"id": "PH-2706", "datetime_utc": "2012-09-02T17:53:28.280000Z", "year": 2012, "mag": 5.0, "mag_type": "Ms", "depth_km": 26.0, "ml": 4.7, "mb": 5.6, "ms": 5.0}}, {"type": "Feature", "geometry": {"type": "Point", "coordinates": [127.058, 10.694]}, "properties": {"id": "PH-2707", "datetime_utc": "2012-09-02T18:30:09.160000Z", "year": 2012, "mag": 5.0, "mag_type": "Ms", "depth_km": 54.0, "ml": 4.7, "mb": 5.7, "ms": 5.0}}, {"type": "Feature", "geometry": {"type": "Point", "coordinates": [126.898, 10.432]}, "properties": {"id": "PH-2708", "datetime_utc": "2012-09-03T02:14:35.300000Z", "year": 2012, "mag": 5.3, "mag_type": "Ms", "depth_km": 7.0, "ml": 4.9, "mb": 5.8, "ms": 5.3}}, {"type": "Feature", "geometry": {"type": "Point", "coordinates": [123.58, 6.539]}, "properties": {"id": "PH-2709", "datetime_utc": "2012-09-03T06:49:46.650000Z", "year": 2012, "mag": 5.9, "mag_type": "Ms", "depth_km": 1.0, "ml": 5.3, "mb": 6.2, "ms": 5.9}}, {"type": "Feature", "geometry": {"type": "Point", "coordinates": [124.883, 7.914]}, "properties": {"id": "PH-2710", "datetime_utc": "2012-09-03T19:44:22.190000Z", "year": 2012, "mag": 5.7, "mag_type": "Ms", "depth_km": 5.0, "ml": 5.1, "mb": 6.1, "ms": 5.7}}, {"type": "Feature", "geometry": {"type": "Point", "coordinates": [127.1, 10.674]}, "properties": {"id": "PH-2711", "datetime_utc": "2012-09-04T00:50:47.560000Z", "year": 2012, "mag": 5.4, "mag_type": "Ms", "depth_km": 33.0, "ml": 5.0, "mb": 5.9, "ms": 5.4}}, {"type": "Feature", "geometry": {"type": "Point", "coordinates": [126.883, 10.784]}, "properties": {"id": "PH-2712", "datetime_utc": "2012-09-04T06:42:57.790000Z", "year": 2012, "mag": 5.5, "mag_type": "Ms", "depth_km": 91.0, "ml": 5.0, "mb": 6.0, "ms": 5.5}}, {"type": "Feature", "geometry": {"type": "Point", "coordinates": [126.77, 10.702]}, "properties": {"id": "PH-2713", "datetime_utc": "2012-09-04T06:58:00.150000Z", "year": 2012, "mag": 5.6, "mag_type": "Ms", "depth_km": 22.0, "ml": 5.1, "mb": 6.0, "ms": 5.6}}, {"type": "Feature", "geometry": {"type": "Point", "coordinates": [127.127, 10.55]}, "properties": {"id": "PH-2714", "datetime_utc": "2012-09-04T09:58:03.960000Z", "year": 2012, "mag": 5.3, "mag_type": "Ms", "depth_km": 101.0, "ml": 4.9, "mb": 5.8, "ms": 5.3}}, {"type": "Feature", "geometry": {"type": "Point", "coordinates": [127.285, 10.696]}, "properties": {"id": "PH-2715", "datetime_utc": "2012-09-04T14:43:12.800000Z", "year": 2012, "mag": 5.3, "mag_type": "Ms", "depth_km": 83.0, "ml": 4.8, "mb": 5.8, "ms": 5.3}}, {"type": "Feature", "geometry": {"type": "Point", "coordinates": [127.085, 10.798]}, "properties": {"id": "PH-2716", "datetime_utc": "2012-09-04T15:11:07.900000Z", "year": 2012, "mag": 5.4, "mag_type": "Ms", "depth_km": 28.0, "ml": 4.9, "mb": 5.9, "ms": 5.4}}, {"type": "Feature", "geometry": {"type": "Point", "coordinates": [126.88, 10.676]}, "properties": {"id": "PH-2717", "datetime_utc": "2012-09-04T23:12:37.200000Z", "year": 2012, "mag": 5.0, "mag_type": "Ms", "depth_km": 46.0, "ml": 4.6, "mb": 5.6, "ms": 5.0}}, {"type": "Feature", "geometry": {"type": "Point", "coordinates": [126.492, 11.636]}, "properties": {"id": "PH-2718", "datetime_utc": "2012-09-05T00:35:28.600000Z", "year": 2012, "mag": 5.3, "mag_type": "Ms", "depth_km": 4.0, "ml": 4.8, "mb": 5.8, "ms": 5.3}}, {"type": "Feature", "geometry": {"type": "Point", "coordinates": [127.159, 7.115]}, "properties": {"id": "PH-2719", "datetime_utc": "2012-09-07T10:43:07.800000Z", "year": 2012, "mag": 5.0, "mag_type": "Ms", "depth_km": 8.0, "ml": 4.6, "mb": 5.6, "ms": 5.0}}, {"type": "Feature", "geometry": {"type": "Point", "coordinates": [126.746, 3.369]}, "properties": {"id": "PH-2720", "datetime_utc": "2012-09-10T11:23:18.200000Z", "year": 2012, "mag": 5.2, "mag_type": "Ms", "depth_km": 47.0, "ml": 4.7, "mb": 5.7, "ms": 5.2}}, {"type": "Feature", "geometry": {"type": "Point", "coordinates": [127.116, 10.472]}, "properties": {"id": "PH-2721", "datetime_utc": "2012-09-13T05:54:47.700000Z", "year": 2012, "mag": 5.1, "mag_type": "Ms", "depth_km": 37.0, "ml": 4.7, "mb": 5.6, "ms": 5.1}}, {"type": "Feature", "geometry": {"type": "Point", "coordinates": [125.833, 12.721]}, "properties": {"id": "PH-2722", "datetime_utc": "2012-09-15T07:03:57.800000Z", "year": 2012, "mag": 5.3, "mag_type": "Ms", "depth_km": 24.0, "ml": 4.8, "mb": 5.8, "ms": 5.3}}, {"type": "Feature", "geometry": {"type": "Point", "coordinates": [125.793, 12.718]}, "properties": {"id": "PH-2723", "datetime_utc": "2012-09-15T10:26:21.300000Z", "year": 2012, "mag": 5.4, "mag_type": "Ms", "depth_km": 23.0, "ml": 4.9, "mb": 5.9, "ms": 5.4}}, {"type": "Feature", "geometry": {"type": "Point", "coordinates": [126.558, 5.844]}, "properties": {"id": "PH-2724", "datetime_utc": "2012-09-20T21:21:03.100000Z", "year": 2012, "mag": 5.5, "mag_type": "Ms", "depth_km": 79.0, "ml": 5.0, "mb": 5.9, "ms": 5.5}}, {"type": "Feature", "geometry": {"type": "Point", "coordinates": [126.89, 9.741]}, "properties": {"id": "PH-2725", "datetime_utc": "2012-09-21T15:24:59.300000Z", "year": 2012, "mag": 5.1, "mag_type": "Ms", "depth_km": 86.0, "ml": 4.7, "mb": 5.6, "ms": 5.1}}, {"type": "Feature", "geometry": {"type": "Point", "coordinates": [126.989, 9.766]}, "properties": {"id": "PH-2726", "datetime_utc": "2012-09-21T15:26:52.500000Z", "year": 2012, "mag": 5.2, "mag_type": "Ms", "depth_km": 28.0, "ml": 4.8, "mb": 5.7, "ms": 5.2}}, {"type": "Feature", "geometry": {"type": "Point", "coordinates": [124.986, 12.942]}, "properties": {"id": "PH-2727", "datetime_utc": "2012-09-23T06:30:28.300000Z", "year": 2012, "mag": 5.2, "mag_type": "Ms", "depth_km": 51.0, "ml": 4.8, "mb": 5.7, "ms": 5.2}}, {"type": "Feature", "geometry": {"type": "Point", "coordinates": [120.538, 13.846]}, "properties": {"id": "PH-2728", "datetime_utc": "2012-09-29T14:12:01.200000Z", "year": 2012, "mag": 5.2, "mag_type": "Ms", "depth_km": 126.0, "ml": 4.8, "mb": 5.8, "ms": 5.2}}, {"type": "Feature", "geometry": {"type": "Point", "coordinates": [123.081, 8.192]}, "properties": {"id": "PH-2729", "datetime_utc": "2012-10-02T06:25:28.860000Z", "year": 2012, "mag": 5.2, "mag_type": "Ms", "depth_km": 24.0, "ml": 4.8, "mb": 5.8, "ms": 5.2}}, {"type": "Feature", "geometry": {"type": "Point", "coordinates": [126.621, 6.543]}, "properties": {"id": "PH-2730", "datetime_utc": "2012-10-03T18:28:41.620000Z", "year": 2012, "mag": 5.3, "mag_type": "Ms", "depth_km": 162.0, "ml": 4.9, "mb": 5.8, "ms": 5.3}}, {"type": "Feature", "geometry": {"type": "Point", "coordinates": [120.327, 13.085]}, "properties": {"id": "PH-2731", "datetime_utc": "2012-10-04T01:55:15.980000Z", "year": 2012, "mag": 5.3, "mag_type": "Ms", "depth_km": 28.0, "ml": 4.9, "mb": 5.8, "ms": 5.3}}, {"type": "Feature", "geometry": {"type": "Point", "coordinates": [126.613, 9.863]}, "properties": {"id": "PH-2732", "datetime_utc": "2012-10-04T14:45:28.540000Z", "year": 2012, "mag": 5.2, "mag_type": "Ms", "depth_km": 19.0, "ml": 4.8, "mb": 5.8, "ms": 5.2}}, {"type": "Feature", "geometry": {"type": "Point", "coordinates": [126.203, 5.478]}, "properties": {"id": "PH-2733", "datetime_utc": "2012-10-04T17:03:11.330000Z", "year": 2012, "mag": 5.1, "mag_type": "Ms", "depth_km": 71.0, "ml": 4.8, "mb": 5.7, "ms": 5.1}}, {"type": "Feature", "geometry": {"type": "Point", "coordinates": [120.89, 18.692]}, "properties": {"id": "PH-2734", "datetime_utc": "2012-10-07T03:14:25.070000Z", "year": 2012, "mag": 5.6, "mag_type": "Ms", "depth_km": 29.0, "ml": 5.1, "mb": 6.0, "ms": 5.6}}, {"type": "Feature", "geometry": {"type": "Point", "coordinates": [124.526, 3.993]}, "properties": {"id": "PH-2735", "datetime_utc": "2012-10-17T04:42:30.040000Z", "year": 2012, "mag": 5.7, "mag_type": "Ms", "depth_km": 329.0, "ml": 5.2, "mb": 6.1, "ms": 5.7}}, {"type": "Feature", "geometry": {"type": "Point", "coordinates": [126.295, 11.327]}, "properties": {"id": "PH-2736", "datetime_utc": "2012-10-25T22:58:15.230000Z", "year": 2012, "mag": 5.0, "mag_type": "Ms", "depth_km": 28.0, "ml": 4.7, "mb": 5.7, "ms": 5.0}}, {"type": "Feature", "geometry": {"type": "Point", "coordinates": [126.969, 10.576]}, "properties": {"id": "PH-2737", "datetime_utc": "2012-10-27T15:46:24.230000Z", "year": 2012, "mag": 5.2, "mag_type": "Ms", "depth_km": 77.0, "ml": 4.8, "mb": 5.8, "ms": 5.2}}, {"type": "Feature", "geometry": {"type": "Point", "coordinates": [126.761, 10.665]}, "properties": {"id": "PH-2738", "datetime_utc": "2012-10-28T02:43:09.170000Z", "year": 2012, "mag": 5.5, "mag_type": "Ms", "depth_km": 14.0, "ml": 5.0, "mb": 6.0, "ms": 5.5}}, {"type": "Feature", "geometry": {"type": "Point", "coordinates": [126.404, 9.309]}, "properties": {"id": "PH-2739", "datetime_utc": "2012-11-02T18:17:33.200000Z", "year": 2012, "mag": 6.5, "mag_type": "Ms", "depth_km": 28.0, "ml": 5.7, "mb": 6.6, "ms": 6.5}}, {"type": "Feature", "geometry": {"type": "Point", "coordinates": [126.915, 10.65]}, "properties": {"id": "PH-2740", "datetime_utc": "2012-11-03T11:12:18.360000Z", "year": 2012, "mag": 5.2, "mag_type": "Ms", "depth_km": 33.0, "ml": 4.8, "mb": 5.8, "ms": 5.2}}, {"type": "Feature", "geometry": {"type": "Point", "coordinates": [124.573, 4.738]}, "properties": {"id": "PH-2741", "datetime_utc": "2012-11-04T23:46:36.430000Z", "year": 2012, "mag": 5.2, "mag_type": "Ms", "depth_km": 15.0, "ml": 4.8, "mb": 5.8, "ms": 5.2}}, {"type": "Feature", "geometry": {"type": "Point", "coordinates": [124.634, 4.58]}, "properties": {"id": "PH-2742", "datetime_utc": "2012-11-05T00:55:33.050000Z", "year": 2012, "mag": 5.1, "mag_type": "Ms", "depth_km": 2.0, "ml": 4.7, "mb": 5.7, "ms": 5.1}}, {"type": "Feature", "geometry": {"type": "Point", "coordinates": [124.704, 4.777]}, "properties": {"id": "PH-2743", "datetime_utc": "2012-11-05T08:48:09.260000Z", "year": 2012, "mag": 5.0, "mag_type": "Ms", "depth_km": 14.0, "ml": 4.7, "mb": 5.7, "ms": 5.0}}, {"type": "Feature", "geometry": {"type": "Point", "coordinates": [122.2, 10.026]}, "properties": {"id": "PH-2744", "datetime_utc": "2012-11-14T05:21:39.950000Z", "year": 2012, "mag": 5.8, "mag_type": "Ms", "depth_km": 21.0, "ml": 5.2, "mb": 6.2, "ms": 5.8}}, {"type": "Feature", "geometry": {"type": "Point", "coordinates": [125.897, 5.821]}, "properties": {"id": "PH-2745", "datetime_utc": "2012-11-18T20:01:22.650000Z", "year": 2012, "mag": 5.2, "mag_type": "Ms", "depth_km": 135.0, "ml": 4.8, "mb": 5.8, "ms": 5.2}}, {"type": "Feature", "geometry": {"type": "Point", "coordinates": [120.57, 14.149]}, "properties": {"id": "PH-2746", "datetime_utc": "2012-11-23T04:52:39.580000Z", "year": 2012, "mag": 5.0, "mag_type": "Ms", "depth_km": 196.0, "ml": 4.7, "mb": 5.7, "ms": 5.0}}, {"type": "Feature", "geometry": {"type": "Point", "coordinates": [123.625, 6.516]}, "properties": {"id": "PH-2747", "datetime_utc": "2012-11-24T20:28:49.350000Z", "year": 2012, "mag": 5.0, "mag_type": "Ms", "depth_km": 630.0, "ml": 4.7, "mb": 5.7, "ms": 5.0}}, {"type": "Feature", "geometry": {"type": "Point", "coordinates": [121.234, 19.082]}, "properties": {"id": "PH-2748", "datetime_utc": "2012-11-28T10:22:05.260000Z", "year": 2012, "mag": 5.0, "mag_type": "Ms", "depth_km": 21.0, "ml": 4.7, "mb": 5.6, "ms": 5.0}}, {"type": "Feature", "geometry": {"type": "Point", "coordinates": [126.578, 11.056]}, "properties": {"id": "PH-2749", "datetime_utc": "2012-12-06T00:43:23.890000Z", "year": 2012, "mag": 5.4, "mag_type": "Ms", "depth_km": 26.0, "ml": 4.9, "mb": 5.9, "ms": 5.4}}, {"type": "Feature", "geometry": {"type": "Point", "coordinates": [126.041, 6.943]}, "properties": {"id": "PH-2750", "datetime_utc": "2012-12-09T21:45:36.210000Z", "year": 2012, "mag": 5.8, "mag_type": "Ms", "depth_km": 27.0, "ml": 5.2, "mb": 6.2, "ms": 5.8}}, {"type": "Feature", "geometry": {"type": "Point", "coordinates": [121.317, 19.161]}, "properties": {"id": "PH-2751", "datetime_utc": "2012-12-22T18:07:18.300000Z", "year": 2012, "mag": 5.1, "mag_type": "Ms", "depth_km": 82.0, "ml": 4.7, "mb": 5.7, "ms": 5.1}}, {"type": "Feature", "geometry": {"type": "Point", "coordinates": [125.917, 3.737]}, "properties": {"id": "PH-2752", "datetime_utc": "2012-12-23T12:52:23.150000Z", "year": 2012, "mag": 5.0, "mag_type": "Ms", "depth_km": 14.0, "ml": 4.7, "mb": 5.7, "ms": 5.0}}, {"type": "Feature", "geometry": {"type": "Point", "coordinates": [126.597, 3.887]}, "properties": {"id": "PH-2753", "datetime_utc": "2012-12-24T12:58:20.010000Z", "year": 2012, "mag": 5.0, "mag_type": "Ms", "depth_km": 50.0, "ml": 4.7, "mb": 5.7, "ms": 5.0}}, {"type": "Feature", "geometry": {"type": "Point", "coordinates": [119.57, 14.988]}, "properties": {"id": "PH-2754", "datetime_utc": "2013-01-14T11:03:26.270000Z", "year": 2013, "mag": 5.0, "mag_type": "Ms", "depth_km": 14.0, "ml": 4.7, "mb": 5.7, "ms": 5.0}}, {"type": "Feature", "geometry": {"type": "Point", "coordinates": [125.446, 11.399]}, "properties": {"id": "PH-2755", "datetime_utc": "2013-01-19T13:48:04.090000Z", "year": 2013, "mag": 5.5, "mag_type": "Ms", "depth_km": 52.0, "ml": 5.0, "mb": 6.0, "ms": 5.5}}, {"type": "Feature", "geometry": {"type": "Point", "coordinates": [127.217, 5.541]}, "properties": {"id": "PH-2756", "datetime_utc": "2013-01-26T17:31:11.050000Z", "year": 2013, "mag": 5.3, "mag_type": "Ms", "depth_km": 109.0, "ml": 4.8, "mb": 5.8, "ms": 5.3}}, {"type": "Feature", "geometry": {"type": "Point", "coordinates": [126.835, 10.751]}, "properties": {"id": "PH-2757", "datetime_utc": "2013-01-30T02:32:14.650000Z", "year": 2013, "mag": 5.5, "mag_type": "Ms", "depth_km": 19.0, "ml": 5.0, "mb": 6.0, "ms": 5.5}}, {"type": "Feature", "geometry": {"type": "Point", "coordinates": [125.844, 5.452]}, "properties": {"id": "PH-2758", "datetime_utc": "2013-02-16T04:37:34.280000Z", "year": 2013, "mag": 6.2, "mag_type": "Ms", "depth_km": 110.0, "ms": 6.2}}, {"type": "Feature", "geometry": {"type": "Point", "coordinates": [127.119, 3.184]}, "properties": {"id": "PH-2759", "datetime_utc": "2013-03-18T22:01:51.190000Z", "year": 2013, "mag": 5.2, "mag_type": "Ms", "depth_km": 21.0, "ms": 5.2}}, {"type": "Feature", "geometry": {"type": "Point", "coordinates": [126.319, 10.024]}, "properties": {"id": "PH-2760", "datetime_utc": "2013-03-30T01:50:44.870000Z", "year": 2013, "mag": 5.2, "mag_type": "Ms", "depth_km": 39.0, "ms": 5.2}}, {"type": "Feature", "geometry": {"type": "Point", "coordinates": [121.695, 15.859]}, "properties": {"id": "PH-2761", "datetime_utc": "2013-04-04T02:27:05.490000Z", "year": 2013, "mag": 5.4, "mag_type": "Ms", "depth_km": 25.0, "ms": 5.4}}, {"type": "Feature", "geometry": {"type": "Point", "coordinates": [122.03, 20.803]}, "properties": {"id": "PH-2762", "datetime_utc": "2013-04-10T20:20:28.660000Z", "year": 2013, "mag": 6.1, "mag_type": "Ms", "depth_km": 33.0, "ml": 5.5, "mb": 6.4, "ms": 6.1}}, {"type": "Feature", "geometry": {"type": "Point", "coordinates": [127.831, 4.371]}, "properties": {"id": "PH-2763", "datetime_utc": "2013-04-12T10:34:07.770000Z", "year": 2013, "mag": 5.0, "mag_type": "Ms", "depth_km": 103.0, "ms": 5.0}}, {"type": "Feature", "geometry": {"type": "Point", "coordinates": [124.795, 7.296]}, "properties": {"id": "PH-2764", "datetime_utc": "2013-04-17T09:51:06.640000Z", "year": 2013, "mag": 5.3, "mag_type": "Ms", "depth_km": 6.0, "ms": 5.3}}, {"type": "Feature", "geometry": {"type": "Point", "coordinates": [123.281, 15.095]}, "properties": {"id": "PH-2765", "datetime_utc": "2013-05-01T05:37:58.870000Z", "year": 2013, "mag": 5.2, "mag_type": "Ms", "depth_km": 45.0, "ml": 4.8, "mb": 5.8, "ms": 5.2}}, {"type": "Feature", "geometry": {"type": "Point", "coordinates": [123.485, 4.336]}, "properties": {"id": "PH-2766", "datetime_utc": "2013-05-09T17:45:10.960000Z", "year": 2013, "mag": 5.6, "mag_type": "Ms", "depth_km": 465.0, "ml": 3.0, "ms": 5.6}}, {"type": "Feature", "geometry": {"type": "Point", "coordinates": [127.875, 2.133]}, "properties": {"id": "PH-2767", "datetime_utc": "2013-05-24T02:17:20.490000Z", "year": 2013, "mag": 5.2, "mag_type": "Ms", "depth_km": 24.0, "ms": 5.2}}, {"type": "Feature", "geometry": {"type": "Point", "coordinates": [124.793, 7.285]}, "properties": {"id": "PH-2768", "datetime_utc": "2013-06-01T14:10:04.960000Z", "year": 2013, "mag": 5.7, "mag_type": "Ms", "depth_km": 1.0, "ms": 5.7}}, {"type": "Feature", "geometry": {"type": "Point", "coordinates": [124.794, 7.36]}, "properties": {"id": "PH-2769", "datetime_utc": "2013-06-02T20:08:26.120000Z", "year": 2013, "mag": 5.7, "mag_type": "Ms", "depth_km": 12.0, "ms": 5.7}}, {"type": "Feature", "geometry": {"type": "Point", "coordinates": [126.965, 10.801]}, "properties": {"id": "PH-2770", "datetime_utc": "2013-06-08T02:11:54.290000Z", "year": 2013, "mag": 5.1, "mag_type": "Ms", "depth_km": 40.0, "ml": 5.1, "mb": 6.1, "ms": 5.1}}, {"type": "Feature", "geometry": {"type": "Point", "coordinates": [126.857, 10.839]}, "properties": {"id": "PH-2771", "datetime_utc": "2013-06-08T07:37:02.220000Z", "year": 2013, "mag": 5.2, "mag_type": "Ms", "depth_km": 28.0, "ml": 4.8, "mb": 5.8, "ms": 5.2}}, {"type": "Feature", "geometry": {"type": "Point", "coordinates": [126.955, 10.763]}, "properties": {"id": "PH-2772", "datetime_utc": "2013-06-08T15:38:58.120000Z", "year": 2013, "mag": 5.0, "mag_type": "Ms", "depth_km": 36.0, "ml": 4.6, "mb": 5.6, "ms": 5.0}}, {"type": "Feature", "geometry": {"type": "Point", "coordinates": [124.814, 7.338]}, "properties": {"id": "PH-2773", "datetime_utc": "2013-07-15T01:28:50.110000Z", "year": 2013, "mag": 5.2, "mag_type": "Ms", "depth_km": 3.0, "ml": 4.8, "mb": 5.8, "ms": 5.2}}, {"type": "Feature", "geometry": {"type": "Point", "coordinates": [124.698, 6.327]}, "properties": {"id": "PH-2774", "datetime_utc": "2013-08-18T22:34:28.890000Z", "year": 2013, "mag": 5.6, "mag_type": "Ms", "depth_km": 385.0, "ml": 5.1, "mb": 6.0, "ms": 5.6}}, {"type": "Feature", "geometry": {"type": "Point", "coordinates": [125.752, 5.243]}, "properties": {"id": "PH-2775", "datetime_utc": "2013-09-03T23:46:53.590000Z", "year": 2013, "mag": 5.3, "mag_type": "Ms", "depth_km": 110.0, "ml": 4.9, "mb": 5.9, "ms": 5.3}}, {"type": "Feature", "geometry": {"type": "Point", "coordinates": [122.34, 20.271]}, "properties": {"id": "PH-2776", "datetime_utc": "2013-09-06T11:33:52.880000Z", "year": 2013, "mag": 5.9, "mag_type": "Ms", "depth_km": 186.0, "ml": 5.3, "mb": 6.2, "ms": 5.9}}, {"type": "Feature", "geometry": {"type": "Point", "coordinates": [126.127, 5.97]}, "properties": {"id": "PH-2777", "datetime_utc": "2013-09-16T04:08:01.160000Z", "year": 2013, "mag": 5.0, "mag_type": "Ms", "depth_km": 142.0, "ms": 5.0}}, {"type": "Feature", "geometry": {"type": "Point", "coordinates": [124.044, 9.848]}, "properties": {"id": "PH-2778", "datetime_utc": "2013-10-15T00:12:31.110000Z", "year": 2013, "mag": 7.2, "mag_type": "Ms", "depth_km": 12.0, "ml": 6.2, "mb": 7.0, "ms": 7.2}}, {"type": "Feature", "geometry": {"type": "Point", "coordinates": [124.009, 9.873]}, "properties": {"id": "PH-2779", "datetime_utc": "2013-10-15T02:42:00.890000Z", "year": 2013, "mag": 5.1, "mag_type": "Ms", "depth_km": 9.0, "ml": 4.7, "mb": 5.7, "ms": 5.1}}, {"type": "Feature", "geometry": {"type": "Point", "coordinates": [123.688, 9.825]}, "properties": {"id": "PH-2780", "datetime_utc": "2013-10-15T08:42:49.230000Z", "year": 2013, "mag": 5.5, "mag_type": "Ms", "depth_km": 3.0, "ml": 5.0, "mb": 5.9, "ms": 5.5}}, {"type": "Feature", "geometry": {"type": "Point", "coordinates": [124.009, 9.909]}, "properties": {"id": "PH-2781", "datetime_utc": "2013-10-15T08:52:18.260000Z", "year": 2013, "mag": 5.1, "mag_type": "Ms", "depth_km": 5.0, "ml": 4.7, "mb": 5.7, "ms": 5.1}}, {"type": "Feature", "geometry": {"type": "Point", "coordinates": [123.664, 9.769]}, "properties": {"id": "PH-2782", "datetime_utc": "2013-10-15T13:51:19.520000Z", "year": 2013, "mag": 5.1, "mag_type": "Ms", "depth_km": 7.0, "ml": 4.7, "mb": 5.7, "ms": 5.1}}, {"type": "Feature", "geometry": {"type": "Point", "coordinates": [123.615, 9.745]}, "properties": {"id": "PH-2783", "datetime_utc": "2013-10-16T01:36:59.190000Z", "year": 2013, "mag": 5.2, "mag_type": "Ms", "depth_km": 1.0, "ml": 5.8, "mb": 4.8, "ms": 5.2}}, {"type": "Feature", "geometry": {"type": "Point", "coordinates": [124.07, 9.908]}, "properties": {"id": "PH-2784", "datetime_utc": "2013-10-16T09:56:52.520000Z", "year": 2013, "mag": 5.0, "mag_type": "Ms", "depth_km": 7.0, "ml": 5.7, "mb": 4.7, "ms": 5.0}}, {"type": "Feature", "geometry": {"type": "Point", "coordinates": [124.238, 10.031]}, "properties": {"id": "PH-2785", "datetime_utc": "2013-10-19T20:40:40.950000Z", "year": 2013, "mag": 5.1, "mag_type": "Ms", "depth_km": 5.0, "ms": 5.1}}, {"type": "Feature", "geometry": {"type": "Point", "coordinates": [124.028, 9.891]}, "properties": {"id": "PH-2786", "datetime_utc": "2013-10-20T23:03:18.340000Z", "year": 2013, "mag": 5.4, "mag_type": "Ms", "depth_km": 7.0, "ms": 5.4}}, {"type": "Feature", "geometry": {"type": "Point", "coordinates": [125.916, 5.284]}, "properties": {"id": "PH-2787", "datetime_utc": "2013-10-22T20:53:55.450000Z", "year": 2013, "mag": 5.1, "mag_type": "Ms", "depth_km": 19.0, "ms": 5.1}}, {"type": "Feature", "geometry": {"type": "Point", "coordinates": [125.207, 7.517]}, "properties": {"id": "PH-2788", "datetime_utc": "2013-10-29T15:46:10.280000Z", "year": 2013, "mag": 5.0, "mag_type": "Ms", "depth_km": 123.0, "ml": 4.6, "mb": 5.6, "ms": 5.0}}, {"type": "Feature", "geometry": {"type": "Point", "coordinates": [124.123, 9.849]}, "properties": {"id": "PH-2789", "datetime_utc": "2013-11-01T13:58:39.680000Z", "year": 2013, "mag": 5.2, "mag_type": "Ms", "depth_km": 5.0, "ml": 4.8, "mb": 5.8, "ms": 5.2}}, {"type": "Feature", "geometry": {"type": "Point", "coordinates": [123.476, 4.631]}, "properties": {"id": "PH-2790", "datetime_utc": "2013-11-03T11:03:38.730000Z", "year": 2013, "mag": 6.0, "mag_type": "Ms", "depth_km": 561.0, "ms": 6.0}}, {"type": "Feature", "geometry": {"type": "Point", "coordinates": [128.334, 2.814]}, "properties": {"id": "PH-2791", "datetime_utc": "2013-11-19T13:32:55.860000Z", "year": 2013, "mag": 5.6, "mag_type": "Ms", "depth_km": 176.0, "ml": 5.1, "mb": 6.1, "ms": 5.6}}, {"type": "Feature", "geometry": {"type": "Point", "coordinates": [126.381, 6.409]}, "properties": {"id": "PH-2792", "datetime_utc": "2013-12-03T23:58:48.590000Z", "year": 2013, "mag": 5.7, "mag_type": "Ms", "depth_km": 41.0, "ms": 5.7}}, {"type": "Feature", "geometry": {"type": "Point", "coordinates": [126.817, 3.148]}, "properties": {"id": "PH-2793", "datetime_utc": "2013-12-17T22:43:02.200000Z", "year": 2013, "mag": 5.4, "mag_type": "Ms", "depth_km": 1.0, "ml": 5.0, "mb": 5.9, "ms": 5.4}}, {"type": "Feature", "geometry": {"type": "Point", "coordinates": [120.135, 19.141]}, "properties": {"id": "PH-2794", "datetime_utc": "2013-12-31T20:01:07.170000Z", "year": 2013, "mag": 5.5, "mag_type": "Ms", "depth_km": 34.0, "ml": 5.0, "mb": 5.9, "ms": 5.5}}, {"type": "Feature", "geometry": {"type": "Point", "coordinates": [120.077, 19.169]}, "properties": {"id": "PH-2795", "datetime_utc": "2013-12-31T21:32:02.670000Z", "year": 2013, "mag": 5.0, "mag_type": "Ms", "depth_km": 33.0, "ml": 4.7, "mb": 5.7, "ms": 5.0}}, {"type": "Feature", "geometry": {"type": "Point", "coordinates": [120.135, 19.148]}, "properties": {"id": "PH-2796", "datetime_utc": "2013-12-31T23:41:47.810000Z", "year": 2013, "mag": 5.1, "mag_type": "Ms", "depth_km": 33.0, "ml": 4.7, "mb": 5.7, "ms": 5.1}}, {"type": "Feature", "geometry": {"type": "Point", "coordinates": [126.644, 10.454]}, "properties": {"id": "PH-2797", "datetime_utc": "2014-01-02T09:56:11.120000Z", "year": 2014, "mag": 5.1, "mag_type": "Ms", "depth_km": 15.0, "ms": 5.1}}, {"type": "Feature", "geometry": {"type": "Point", "coordinates": [126.44, 10.449]}, "properties": {"id": "PH-2798", "datetime_utc": "2014-01-02T09:56:13.480000Z", "year": 2014, "mag": 5.1, "mag_type": "Ms", "depth_km": 20.0, "ml": 4.7, "mb": 5.7, "ms": 5.1}}, {"type": "Feature", "geometry": {"type": "Point", "coordinates": [128.228, 2.81]}, "properties": {"id": "PH-2799", "datetime_utc": "2014-01-05T14:41:23.960000Z", "year": 2014, "mag": 5.0, "mag_type": "Ms", "depth_km": 8.0, "ml": 4.6, "mb": 5.6, "ms": 5.0}}, {"type": "Feature", "geometry": {"type": "Point", "coordinates": [125.753, 5.521]}, "properties": {"id": "PH-2800", "datetime_utc": "2014-01-12T13:07:47.740000Z", "year": 2014, "mag": 5.0, "mag_type": "Ms", "depth_km": 133.0, "ml": 4.6, "mb": 5.6, "ms": 5.0}}, {"type": "Feature", "geometry": {"type": "Point", "coordinates": [124.7, 11.246]}, "properties": {"id": "PH-2801", "datetime_utc": "2014-01-26T02:41:37.950000Z", "year": 2014, "mag": 5.0, "mag_type": "Ms", "depth_km": 1.0, "ml": 4.6, "mb": 5.6, "ms": 5.0}}, {"type": "Feature", "geometry": {"type": "Point", "coordinates": [120.335, 18.619]}, "properties": {"id": "PH-2802", "datetime_utc": "2014-02-17T05:55:59.620000Z", "year": 2014, "mag": 5.7, "mag_type": "Ms", "depth_km": 18.0, "ml": 5.2, "mb": 6.1, "ms": 5.7}}, {"type": "Feature", "geometry": {"type": "Point", "coordinates": [126.89, 10.645]}, "properties": {"id": "PH-2803", "datetime_utc": "2014-03-15T10:55:12.760000Z", "year": 2014, "mag": 5.2, "mag_type": "Ms", "depth_km": 32.0, "ml": 4.8, "mb": 5.8, "ms": 5.2}}, {"type": "Feature", "geometry": {"type": "Point", "coordinates": [125.281, 9.458]}, "properties": {"id": "PH-2804", "datetime_utc": "2014-03-17T05:30:07.590000Z", "year": 2014, "mag": 5.4, "mag_type": "Ms", "depth_km": 10.0, "ml": 4.9, "mb": 5.9, "ms": 5.4}}, {"type": "Feature", "geometry": {"type": "Point", "coordinates": [126.78, 8.852]}, "properties": {"id": "PH-2805", "datetime_utc": "2014-04-15T02:43:45.700000Z", "year": 2014, "mag": 5.1, "mag_type": "Ms", "depth_km": 1.0, "ml": 4.7, "mb": 5.7, "ms": 5.1}}, {"type": "Feature", "geometry": {"type": "Point", "coordinates": [119.761, 17.504]}, "properties": {"id": "PH-2806", "datetime_utc": "2014-04-21T20:45:20.930000Z", "year": 2014, "mag": 5.9, "mag_type": "Ms", "depth_km": 16.0, "ms": 5.9}}, {"type": "Feature", "geometry": {"type": "Point", "coordinates": [120.055, 19.729]}, "properties": {"id": "PH-2807", "datetime_utc": "2014-04-28T00:43:51.890000Z", "year": 2014, "mag": 5.4, "mag_type": "Ms", "depth_km": 47.0, "ms": 5.4}}, {"type": "Feature", "geometry": {"type": "Point", "coordinates": [126.725, 4.262]}, "properties": {"id": "PH-2808", "datetime_utc": "2014-05-04T08:53:57.230000Z", "year": 2014, "mag": 5.1, "mag_type": "Ms", "depth_km": 52.0, "ml": 4.7, "mb": 5.7, "ms": 5.1}}, {"type": "Feature", "geometry": {"type": "Point", "coordinates": [125.738, 5.634]}, "properties": {"id": "PH-2809", "datetime_utc": "2014-05-09T05:44:23.720000Z", "year": 2014, "mag": 5.7, "mag_type": "Ms", "depth_km": 126.0, "ml": 5.2, "mb": 6.1, "ms": 5.7}}, {"type": "Feature", "geometry": {"type": "Point", "coordinates": [126.665, 5.414]}, "properties": {"id": "PH-2810", "datetime_utc": "2014-05-11T13:30:28.160000Z", "year": 2014, "mag": 5.7, "mag_type": "Ms", "depth_km": 46.0, "ms": 5.7}}, {"type": "Feature", "geometry": {"type": "Point", "coordinates": [121.868, 9.304]}, "properties": {"id": "PH-2811", "datetime_utc": "2014-05-15T10:16:43.140000Z", "year": 2014, "mag": 6.3, "mag_type": "Ms", "depth_km": 38.0, "ml": 5.5, "mb": 6.4, "ms": 6.3}}, {"type": "Feature", "geometry": {"type": "Point", "coordinates": [126.914, 9.364]}, "properties": {"id": "PH-2812", "datetime_utc": "2014-05-30T15:26:10.910000Z", "year": 2014, "mag": 5.6, "mag_type": "Ms", "depth_km": 1.0, "ms": 5.6}}, {"type": "Feature", "geometry": {"type": "Point", "coordinates": [126.931, 9.424]}, "properties": {"id": "PH-2813", "datetime_utc": "2014-05-30T16:36:22.180000Z", "year": 2014, "mag": 5.1, "mag_type": "Ms", "depth_km": 31.0, "ml": 4.7, "mb": 5.7, "ms": 5.1}}, {"type": "Feature", "geometry": {"type": "Point", "coordinates": [126.931, 9.418]}, "properties": {"id": "PH-2814", "datetime_utc": "2014-05-30T18:15:51.370000Z", "year": 2014, "mag": 5.0, "mag_type": "Ms", "depth_km": 7.0, "ml": 4.6, "mb": 5.6, "ms": 5.0}}, {"type": "Feature", "geometry": {"type": "Point", "coordinates": [126.773, 9.386]}, "properties": {"id": "PH-2815", "datetime_utc": "2014-05-31T18:46:50.150000Z", "year": 2014, "mag": 5.1, "mag_type": "Ms", "depth_km": 116.0, "ml": 4.8, "mb": 5.7, "ms": 5.1}}, {"type": "Feature", "geometry": {"type": "Point", "coordinates": [126.616, 9.354]}, "properties": {"id": "PH-2816", "datetime_utc": "2014-05-31T19:35:15.930000Z", "year": 2014, "mag": 5.5, "mag_type": "Ms", "depth_km": 1.0, "ms": 5.5}}, {"type": "Feature", "geometry": {"type": "Point", "coordinates": [126.752, 9.404]}, "properties": {"id": "PH-2817", "datetime_utc": "2014-05-31T19:44:42.100000Z", "year": 2014, "mag": 5.0, "mag_type": "Ms", "depth_km": 80.0, "ml": 4.6, "mb": 5.6, "ms": 5.0}}, {"type": "Feature", "geometry": {"type": "Point", "coordinates": [125.99, 3.339]}, "properties": {"id": "PH-2818", "datetime_utc": "2014-06-01T19:01:54.820000Z", "year": 2014, "mag": 5.3, "mag_type": "Ms", "depth_km": 150.0, "ml": 4.9, "mb": 5.8, "ms": 5.3}}, {"type": "Feature", "geometry": {"type": "Point", "coordinates": [127.136, 9.445]}, "properties": {"id": "PH-2819", "datetime_utc": "2014-06-01T19:21:21.490000Z", "year": 2014, "mag": 5.1, "mag_type": "Ms", "depth_km": 22.0, "ml": 4.7, "mb": 5.7, "ms": 5.1}}, {"type": "Feature", "geometry": {"type": "Point", "coordinates": [126.818, 9.499]}, "properties": {"id": "PH-2820", "datetime_utc": "2014-06-02T01:04:06.110000Z", "year": 2014, "mag": 5.0, "mag_type": "Ms", "depth_km": 42.0, "ml": 4.7, "mb": 5.6, "ms": 5.0}}, {"type": "Feature", "geometry": {"type": "Point", "coordinates": [126.47, 6.051]}, "properties": {"id": "PH-2821", "datetime_utc": "2014-06-04T04:17:08.510000Z", "year": 2014, "mag": 5.0, "mag_type": "Ms", "depth_km": 70.0, "ml": 4.7, "mb": 5.7, "ms": 5.0}}, {"type": "Feature", "geometry": {"type": "Point", "coordinates": [120.131, 13.154]}, "properties": {"id": "PH-2822", "datetime_utc": "2014-06-08T04:33:10.880000Z", "year": 2014, "mag": 5.1, "mag_type": "Ms", "depth_km": 1.0, "ml": 4.8, "mb": 5.7, "ms": 5.1}}, {"type": "Feature", "geometry": {"type": "Point", "coordinates": [121.978, 10.14]}, "properties": {"id": "PH-2823", "datetime_utc": "2014-06-09T21:45:13.160000Z", "year": 2014, "mag": 5.1, "mag_type": "Ms", "depth_km": 5.0, "ms": 5.1}}, {"type": "Feature", "geometry": {"type": "Point", "coordinates": [125.786, 9.706]}, "properties": {"id": "PH-2824", "datetime_utc": "2014-06-11T09:08:20.890000Z", "year": 2014, "mag": 5.0, "mag_type": "Ms", "depth_km": 20.0, "ml": 4.6, "mb": 5.6, "ms": 5.0}}, {"type": "Feature", "geometry": {"type": "Point", "coordinates": [128.038, 2.685]}, "properties": {"id": "PH-2825", "datetime_utc": "2014-06-22T16:34:53.980000Z", "year": 2014, "mag": 5.0, "mag_type": "Ms", "depth_km": 150.0, "ms": 5.0}}, {"type": "Feature", "geometry": {"type": "Point", "coordinates": [120.51, 13.547]}, "properties": {"id": "PH-2826", "datetime_utc": "2014-06-25T11:52:02.180000Z", "year": 2014, "mag": 5.8, "mag_type": "Ms", "depth_km": 40.0, "ms": 5.8}}, {"type": "Feature", "geometry": {"type": "Point", "coordinates": [126.406, 5.51]}, "properties": {"id": "PH-2827", "datetime_utc": "2014-07-14T08:00:00.010000Z", "year": 2014, "mag": 6.1, "mag_type": "Ms", "depth_km": 31.0, "ml": 5.5, "mb": 6.4, "ms": 6.1}}, {"type": "Feature", "geometry": {"type": "Point", "coordinates": [125.2, 10.3]}, "properties": {"id": "PH-2828", "datetime_utc": "2014-07-24T23:57:25.810000Z", "year": 2014, "mag": 5.4, "mag_type": "Ms", "depth_km": 9.0, "ms": 5.4}}, {"type": "Feature", "geometry": {"type": "Point", "coordinates": [126.286, 4.471]}, "properties": {"id": "PH-2829", "datetime_utc": "2014-08-07T05:24:52.880000Z", "year": 2014, "mag": 5.0, "mag_type": "Ms", "depth_km": 43.0, "ms": 5.0}}, {"type": "Feature", "geometry": {"type": "Point", "coordinates": [127.132, 5.933]}, "properties": {"id": "PH-2830", "datetime_utc": "2014-08-10T13:33:23.300000Z", "year": 2014, "mag": 5.5, "mag_type": "Ms", "depth_km": 99.0, "ms": 5.5}}, {"type": "Feature", "geometry": {"type": "Point", "coordinates": [121.581, 19.384]}, "properties": {"id": "PH-2831", "datetime_utc": "2014-09-01T02:49:47.870000Z", "year": 2014, "mag": 5.2, "mag_type": "Ms", "depth_km": 48.0, "ms": 5.2}}, {"type": "Feature", "geometry": {"type": "Point", "coordinates": [122.428, 15.156]}, "properties": {"id": "PH-2832", "datetime_utc": "2014-09-03T13:43:59.500000Z", "year": 2014, "mag": 5.5, "mag_type": "Ms", "depth_km": 12.0, "ms": 5.5}}, {"type": "Feature", "geometry": {"type": "Point", "coordinates": [128.27, 5.435]}, "properties": {"id": "PH-2833", "datetime_utc": "2014-09-07T15:55:54.700000Z", "year": 2014, "mag": 5.6, "mag_type": "Ms", "depth_km": 63.0, "ml": 5.1, "mb": 6.0, "ms": 5.6}}, {"type": "Feature", "geometry": {"type": "Point", "coordinates": [120.878, 5.092]}, "properties": {"id": "PH-2834", "datetime_utc": "2014-09-09T00:26:26.680000Z", "year": 2014, "mag": 5.1, "mag_type": "Ms", "depth_km": 87.0, "ml": 4.7, "mb": 5.7, "ms": 5.1}}, {"type": "Feature", "geometry": {"type": "Point", "coordinates": [126.785, 6.541]}, "properties": {"id": "PH-2835", "datetime_utc": "2014-09-17T10:36:48.240000Z", "year": 2014, "mag": 5.0, "mag_type": "Ms", "depth_km": 26.0, "ms": 5.0}}, {"type": "Feature", "geometry": {"type": "Point", "coordinates": [125.104, 6.875]}, "properties": {"id": "PH-2836", "datetime_utc": "2014-09-19T23:09:51.480000Z", "year": 2014, "mag": 5.0, "mag_type": "Ms", "depth_km": 1.0, "ml": 4.7, "mb": 5.7, "ms": 5.0}}, {"type": "Feature", "geometry": {"type": "Point", "coordinates": [124.979, 6.747]}, "properties": {"id": "PH-2837", "datetime_utc": "2014-09-20T04:26:09.940000Z", "year": 2014, "mag": 6.2, "mag_type": "Ms", "depth_km": 15.0, "ml": 5.5, "mb": 6.4, "ms": 6.2}}, {"type": "Feature", "geometry": {"type": "Point", "coordinates": [124.531, 13.946]}, "properties": {"id": "PH-2838", "datetime_utc": "2014-09-26T16:15:58.610000Z", "year": 2014, "mag": 5.0, "mag_type": "Ms", "depth_km": 12.0, "ml": 4.7, "mb": 5.7, "ms": 5.0}}, {"type": "Feature", "geometry": {"type": "Point", "coordinates": [122.12, 11.44]}, "properties": {"id": "PH-2839", "datetime_utc": "2014-10-03T08:05:44.130000Z", "year": 2014, "mag": 5.7, "mag_type": "Ms", "depth_km": 13.0, "ml": 5.2, "mb": 6.1, "ms": 5.7}}, {"type": "Feature", "geometry": {"type": "Point", "coordinates": [126.18, 11.01]}, "properties": {"id": "PH-2840", "datetime_utc": "2014-10-04T17:38:36.540000Z", "year": 2014, "mag": 5.1, "mag_type": "Ms", "depth_km": 19.0, "ms": 5.1}}, {"type": "Feature", "geometry": {"type": "Point", "coordinates": [126.296, 4.446]}, "properties": {"id": "PH-2841", "datetime_utc": "2014-10-10T12:58:19.970000Z", "year": 2014, "mag": 5.0, "mag_type": "Ms", "depth_km": 13.0, "ml": 4.7, "mb": 5.6, "ms": 5.0}}, {"type": "Feature", "geometry": {"type": "Point", "coordinates": [125.056, 6.801]}, "properties": {"id": "PH-2842", "datetime_utc": "2014-10-20T18:53:55.480000Z", "year": 2014, "mag": 5.0, "mag_type": "Ms", "depth_km": 3.0, "ml": 4.6, "mb": 5.6, "ms": 5.0}}, {"type": "Feature", "geometry": {"type": "Point", "coordinates": [125.006, 6.73]}, "properties": {"id": "PH-2843", "datetime_utc": "2014-10-22T02:30:29.160000Z", "year": 2014, "mag": 5.0, "mag_type": "Ms", "depth_km": 4.0, "ml": 4.7, "mb": 5.7, "ms": 5.0}}, {"type": "Feature", "geometry": {"type": "Point", "coordinates": [125.882, 8.424]}, "properties": {"id": "PH-2844", "datetime_utc": "2014-10-25T10:52:58.410000Z", "year": 2014, "mag": 5.0, "mag_type": "Ms", "depth_km": 14.0, "ml": 4.7, "mb": 5.7, "ms": 5.0}}, {"type": "Feature", "geometry": {"type": "Point", "coordinates": [126.752, 9.73]}, "properties": {"id": "PH-2845", "datetime_utc": "2014-10-27T08:34:19.210000Z", "year": 2014, "mag": 5.0, "mag_type": "Ms", "depth_km": 25.0, "ml": 4.7, "mb": 5.7, "ms": 5.0}}, {"type": "Feature", "geometry": {"type": "Point", "coordinates": [126.933, 6.795]}, "properties": {"id": "PH-2846", "datetime_utc": "2014-11-07T22:54:56.270000Z", "year": 2014, "mag": 5.2, "mag_type": "Ms", "depth_km": 23.0, "ml": 4.8, "mb": 5.7, "ms": 5.2}}, {"type": "Feature", "geometry": {"type": "Point", "coordinates": [126.837, 10.029]}, "properties": {"id": "PH-2847", "datetime_utc": "2014-11-10T04:41:15.190000Z", "year": 2014, "mag": 5.5, "mag_type": "Ms", "depth_km": 7.0, "ml": 4.9, "mb": 5.9, "ms": 5.5}}, {"type": "Feature", "geometry": {"type": "Point", "coordinates": [120.586, 19.568]}, "properties": {"id": "PH-2848", "datetime_utc": "2014-11-17T13:34:13.910000Z", "year": 2014, "mag": 5.2, "mag_type": "Ms", "depth_km": 14.0, "ms": 5.2}}, {"type": "Feature", "geometry": {"type": "Point", "coordinates": [120.586, 19.568]}, "properties": {"id": "PH-2849", "datetime_utc": "2014-11-17T13:34:13.910000Z", "year": 2014, "mag": 5.2, "mag_type": "Ms", "depth_km": 14.0, "ms": 5.2}}, {"type": "Feature", "geometry": {"type": "Point", "coordinates": [120.635, 19.508]}, "properties": {"id": "PH-2850", "datetime_utc": "2014-11-18T09:14:49.140000Z", "year": 2014, "mag": 5.1, "mag_type": "Ms", "depth_km": 12.0, "ms": 5.1}}, {"type": "Feature", "geometry": {"type": "Point", "coordinates": [119.918, 20.749]}, "properties": {"id": "PH-2851", "datetime_utc": "2014-11-21T03:29:10.810000Z", "year": 2014, "mag": 6.2, "mag_type": "Ms", "depth_km": 31.0, "ms": 6.2}}, {"type": "Feature", "geometry": {"type": "Point", "coordinates": [121.206, 20.077]}, "properties": {"id": "PH-2852", "datetime_utc": "2014-11-29T15:36:16.110000Z", "year": 2014, "mag": 5.5, "mag_type": "Ms", "depth_km": 31.0, "ms": 5.5}}, {"type": "Feature", "geometry": {"type": "Point", "coordinates": [123.374, 5.928]}, "properties": {"id": "PH-2853", "datetime_utc": "2014-12-02T05:11:26.610000Z", "year": 2014, "mag": 6.4, "mag_type": "Ms", "depth_km": 686.0, "ml": 5.6, "mb": 6.5, "ms": 6.4}}, {"type": "Feature", "geometry": {"type": "Point", "coordinates": [121.052, 19.171]}, "properties": {"id": "PH-2854", "datetime_utc": "2014-12-10T20:27:52.660000Z", "year": 2014, "mag": 5.2, "mag_type": "Ms", "depth_km": 19.0, "ms": 5.2}}, {"type": "Feature", "geometry": {"type": "Point", "coordinates": [126.291, 11.645]}, "properties": {"id": "PH-2855", "datetime_utc": "2014-12-20T00:25:17.220000Z", "year": 2014, "mag": 5.6, "mag_type": "Ms", "depth_km": 1.0, "ml": 5.1, "mb": 6.0, "ms": 5.6}}, {"type": "Feature", "geometry": {"type": "Point", "coordinates": [125.813, 11.528]}, "properties": {"id": "PH-2856", "datetime_utc": "2014-12-21T10:00:13.890000Z", "year": 2014, "mag": 5.2, "mag_type": "Ms", "depth_km": 17.0, "ml": 4.8, "mb": 5.8, "ms": 5.2}}, {"type": "Feature", "geometry": {"type": "Point", "coordinates": [121.392, 8.593]}, "properties": {"id": "PH-2857", "datetime_utc": "2014-12-29T09:29:36.960000Z", "year": 2014, "mag": 6.1, "mag_type": "Ms", "depth_km": 32.0, "ms": 6.1}}, {"type": "Feature", "geometry": {"type": "Point", "coordinates": [126.456, 9.866]}, "properties": {"id": "PH-2858", "datetime_utc": "2014-12-30T12:11:37.370000Z", "year": 2014, "mag": 5.2, "mag_type": "Ms", "depth_km": 47.0, "ml": 4.8, "mb": 5.8, "ms": 5.2}}, {"type": "Feature", "geometry": {"type": "Point", "coordinates": [120.506, 13.724]}, "properties": {"id": "PH-2859", "datetime_utc": "2014-12-31T09:26:23.270000Z", "year": 2014, "mag": 5.4, "mag_type": "Ms", "depth_km": 107.0, "ms": 5.4}}, {"type": "Feature", "geometry": {"type": "Point", "coordinates": [119.91, 14.74]}, "properties": {"id": "PH-2860", "datetime_utc": "2015-01-10T19:31:59.910000Z", "year": 2015, "mag": 5.9, "mag_type": "Ms", "depth_km": 48.0, "ms": 5.9}}, {"type": "Feature", "geometry": {"type": "Point", "coordinates": [124.523, 13.006]}, "properties": {"id": "PH-2861", "datetime_utc": "2015-01-13T15:33:24.620000Z", "year": 2015, "mag": 5.0, "mag_type": "Ms", "depth_km": 3.0, "ml": 4.7, "mb": 5.7, "ms": 5.0}}, {"type": "Feature", "geometry": {"type": "Point", "coordinates": [120.45, 13.885]}, "properties": {"id": "PH-2862", "datetime_utc": "2015-01-17T05:09:17.750000Z", "year": 2015, "mag": 5.1, "mag_type": "Ms", "depth_km": 128.0, "ms": 5.1}}, {"type": "Feature", "geometry": {"type": "Point", "coordinates": [120.492, 13.912]}, "properties": {"id": "PH-2863", "datetime_utc": "2015-01-18T00:27:18.920000Z", "year": 2015, "mag": 5.0, "mag_type": "Ms", "depth_km": 117.0, "ms": 5.0}}, {"type": "Feature", "geometry": {"type": "Point", "coordinates": [119.82, 4.76]}, "properties": {"id": "PH-2864", "datetime_utc": "2015-01-19T17:19:46.860000Z", "year": 2015, "mag": 5.6, "mag_type": "Ms", "depth_km": 35.0, "ml": 5.1, "mb": 6.0, "ms": 5.6}}, {"type": "Feature", "geometry": {"type": "Point", "coordinates": [126.995, 5.84]}, "properties": {"id": "PH-2865", "datetime_utc": "2015-01-20T03:02:14.570000Z", "year": 2015, "mag": 5.0, "mag_type": "Ms", "depth_km": 51.0, "ms": 5.0}}, {"type": "Feature", "geometry": {"type": "Point", "coordinates": [123.89, 6.238]}, "properties": {"id": "PH-2866", "datetime_utc": "2015-01-20T20:33:07.800000Z", "year": 2015, "mag": 5.2, "mag_type": "Ms", "depth_km": 623.0, "ms": 5.2}}, {"type": "Feature", "geometry": {"type": "Point", "coordinates": [125.467, 5.592]}, "properties": {"id": "PH-2867", "datetime_utc": "2015-01-21T05:20:22.750000Z", "year": 2015, "mag": 5.2, "mag_type": "Ms", "depth_km": 44.0, "ms": 5.2}}, {"type": "Feature", "geometry": {"type": "Point", "coordinates": [121.279, 19.497]}, "properties": {"id": "PH-2868", "datetime_utc": "2015-01-22T14:49:17.210000Z", "year": 2015, "mag": 5.2, "mag_type": "Ms", "depth_km": 9.0, "ms": 5.2}}, {"type": "Feature", "geometry": {"type": "Point", "coordinates": [122.262, 9.817]}, "properties": {"id": "PH-2869", "datetime_utc": "2015-01-26T07:09:50.130000Z", "year": 2015, "mag": 5.1, "mag_type": "Ms", "depth_km": 16.0, "ms": 5.1}}, {"type": "Feature", "geometry": {"type": "Point", "coordinates": [124.478, 13.916]}, "properties": {"id": "PH-2870", "datetime_utc": "2015-02-02T15:13:42.070000Z", "year": 2015, "mag": 5.7, "mag_type": "Ms", "depth_km": 17.0, "ml": 5.2, "mb": 6.1, "ms": 5.7}}, {"type": "Feature", "geometry": {"type": "Point", "coordinates": [126.361, 9.647]}, "properties": {"id": "PH-2871", "datetime_utc": "2015-02-06T08:03:15.370000Z", "year": 2015, "mag": 5.2, "mag_type": "Ms", "depth_km": 22.0, "ml": 4.8, "mb": 5.8, "ms": 5.2}}, {"type": "Feature", "geometry": {"type": "Point", "coordinates": [126.475, 11.426]}, "properties": {"id": "PH-2872", "datetime_utc": "2015-02-10T13:29:34.640000Z", "year": 2015, "mag": 5.7, "mag_type": "Ms", "depth_km": 7.0, "ml": 5.1, "mb": 6.1, "ms": 5.7}}, {"type": "Feature", "geometry": {"type": "Point", "coordinates": [120.36, 14.004]}, "properties": {"id": "PH-2873", "datetime_utc": "2015-02-10T16:09:23.090000Z", "year": 2015, "mag": 5.0, "mag_type": "Ms", "depth_km": 101.0, "ml": 4.6, "mb": 5.6, "ms": 5.0}}, {"type": "Feature", "geometry": {"type": "Point", "coordinates": [119.953, 6.34]}, "properties": {"id": "PH-2874", "datetime_utc": "2015-02-25T01:31:45.460000Z", "year": 2015, "mag": 5.5, "mag_type": "Ms", "depth_km": 42.0, "ms": 5.5}}, {"type": "Feature", "geometry": {"type": "Point", "coordinates": [126.631, 5.764]}, "properties": {"id": "PH-2875", "datetime_utc": "2015-03-26T16:46:44.670000Z", "year": 2015, "mag": 5.0, "mag_type": "Ms", "depth_km": 45.0, "ms": 5.0}}, {"type": "Feature", "geometry": {"type": "Point", "coordinates": [124.279, 13.123]}, "properties": {"id": "PH-2876", "datetime_utc": "2015-05-13T15:55:01.110000Z", "year": 2015, "mag": 5.1, "mag_type": "Ms", "depth_km": 3.0, "ms": 5.1}}, {"type": "Feature", "geometry": {"type": "Point", "coordinates": [126.674, 10.956]}, "properties": {"id": "PH-2877", "datetime_utc": "2015-06-07T15:45:22.930000Z", "year": 2015, "mag": 5.0, "mag_type": "Ms", "depth_km": 49.0, "ms": 5.0}}, {"type": "Feature", "geometry": {"type": "Point", "coordinates": [120.489, 13.816]}, "properties": {"id": "PH-2878", "datetime_utc": "2015-06-13T05:03:41.970000Z", "year": 2015, "mag": 5.0, "mag_type": "Ms", "depth_km": 118.0, "ms": 5.0}}, {"type": "Feature", "geometry": {"type": "Point", "coordinates": [126.165, 3.816]}, "properties": {"id": "PH-2879", "datetime_utc": "2015-06-15T21:04:17.340000Z", "year": 2015, "mag": 5.8, "mag_type": "Ms", "depth_km": 28.0, "ms": 5.8}}, {"type": "Feature", "geometry": {"type": "Point", "coordinates": [126.16, 10.106]}, "properties": {"id": "PH-2880", "datetime_utc": "2015-07-03T06:43:22.900000Z", "year": 2015, "mag": 6.1, "mag_type": "Ms", "depth_km": 26.0, "ml": 3.5, "mb": 4.6, "ms": 6.1}}, {"type": "Feature", "geometry": {"type": "Point", "coordinates": [122.584, 17.999]}, "properties": {"id": "PH-2881", "datetime_utc": "2015-07-05T12:56:45.510000Z", "year": 2015, "mag": 5.3, "mag_type": "Ms", "depth_km": 1.0, "ml": 4.9, "mb": 5.9, "ms": 5.3}}, {"type": "Feature", "geometry": {"type": "Point", "coordinates": [126.279, 10.004]}, "properties": {"id": "PH-2882", "datetime_utc": "2015-07-08T12:01:19.250000Z", "year": 2015, "mag": 5.1, "mag_type": "Ms", "depth_km": 13.0, "ml": 4.8, "mb": 5.7, "ms": 5.1}}, {"type": "Feature", "geometry": {"type": "Point", "coordinates": [126.964, 9.163]}, "properties": {"id": "PH-2883", "datetime_utc": "2015-07-17T14:19:59.640000Z", "year": 2015, "mag": 5.0, "mag_type": "Ms", "depth_km": 19.0, "ml": 4.6, "mb": 5.6, "ms": 5.0}}, {"type": "Feature", "geometry": {"type": "Point", "coordinates": [121.033, 18.828]}, "properties": {"id": "PH-2884", "datetime_utc": "2015-07-18T15:46:40.280000Z", "year": 2015, "mag": 5.3, "mag_type": "Ms", "depth_km": 9.0, "ml": 4.9, "mb": 5.9, "ms": 5.3}}, {"type": "Feature", "geometry": {"type": "Point", "coordinates": [124.792, 12.941]}, "properties": {"id": "PH-2885", "datetime_utc": "2015-07-25T08:41:07.200000Z", "year": 2015, "mag": 5.2, "mag_type": "Ms", "depth_km": 42.0, "ml": 4.8, "mb": 5.8, "ms": 5.2}}, {"type": "Feature", "geometry": {"type": "Point", "coordinates": [120.193, 13.434]}, "properties": {"id": "PH-2886", "datetime_utc": "2015-08-09T04:49:43.410000Z", "year": 2015, "mag": 5.1, "mag_type": "Ms", "depth_km": 17.0, "ml": 4.8, "mb": 5.7, "ms": 5.1}}, {"type": "Feature", "geometry": {"type": "Point", "coordinates": [124.855, 4.271]}, "properties": {"id": "PH-2887", "datetime_utc": "2015-09-02T01:18:28.410000Z", "year": 2015, "mag": 6.1, "mag_type": "Ms", "depth_km": 330.0, "ml": 5.5, "mb": 6.4, "ms": 6.1}}, {"type": "Feature", "geometry": {"type": "Point", "coordinates": [122.659, 17.519]}, "properties": {"id": "PH-2888", "datetime_utc": "2015-09-12T17:07:23.370000Z", "year": 2015, "mag": 5.7, "mag_type": "Ms", "depth_km": 34.0, "ml": 5.1, "mb": 6.1, "ms": 5.7}}, {"type": "Feature", "geometry": {"type": "Point", "coordinates": [125.784, 5.662]}, "properties": {"id": "PH-2889", "datetime_utc": "2015-09-17T08:34:56.610000Z", "year": 2015, "mag": 5.0, "mag_type": "Ms", "depth_km": 4.0, "ml": 4.7, "mb": 5.7, "ms": 5.0}}, {"type": "Feature", "geometry": {"type": "Point", "coordinates": [124.045, 5.297]}, "properties": {"id": "PH-2890", "datetime_utc": "2015-09-26T17:23:26.730000Z", "year": 2015, "mag": 5.3, "mag_type": "Ms", "depth_km": 541.0, "ml": 4.9, "mb": 5.8, "ms": 5.3}}, {"type": "Feature", "geometry": {"type": "Point", "coordinates": [120.38, 13.842]}, "properties": {"id": "PH-2891", "datetime_utc": "2015-10-19T13:50:42.360000Z", "year": 2015, "mag": 5.8, "mag_type": "Ms", "depth_km": 89.0, "ml": 5.2, "mb": 6.2, "ms": 5.8}}, {"type": "Feature", "geometry": {"type": "Point", "coordinates": [125.728, 5.196]}, "properties": {"id": "PH-2892", "datetime_utc": "2015-11-07T12:29:12.940000Z", "year": 2015, "mag": 5.3, "mag_type": "Ms", "depth_km": 136.0, "ml": 4.9, "mb": 5.8, "ms": 5.3}}, {"type": "Feature", "geometry": {"type": "Point", "coordinates": [119.422, 16.547]}, "properties": {"id": "PH-2893", "datetime_utc": "2015-11-07T19:40:10.880000Z", "year": 2015, "mag": 5.2, "mag_type": "Ms", "depth_km": 32.0, "ml": 4.8, "mb": 5.8, "ms": 5.2}}, {"type": "Feature", "geometry": {"type": "Point", "coordinates": [125.873, 4.098]}, "properties": {"id": "PH-2894", "datetime_utc": "2015-11-25T11:22:59.570000Z", "year": 2015, "mag": 5.0, "mag_type": "Ms", "depth_km": 127.0, "ml": 4.6, "mb": 5.6, "ms": 5.0}}, {"type": "Feature", "geometry": {"type": "Point", "coordinates": [120.512, 17.755]}, "properties": {"id": "PH-2895", "datetime_utc": "2015-12-17T12:44:01.760000Z", "year": 2015, "mag": 5.2, "mag_type": "Ms", "depth_km": 60.0, "ml": 4.8, "mb": 5.8, "ms": 5.2}}, {"type": "Feature", "geometry": {"type": "Point", "coordinates": [124.382, 12.924]}, "properties": {"id": "PH-2896", "datetime_utc": "2015-12-20T09:28:49.480000Z", "year": 2015, "mag": 5.3, "mag_type": "Ms", "depth_km": 112.0, "ml": 4.9, "mb": 5.8, "ms": 5.3}}, {"type": "Feature", "geometry": {"type": "Point", "coordinates": [126.167, 10.01]}, "properties": {"id": "PH-2897", "datetime_utc": "2015-12-26T22:11:15.320000Z", "year": 2015, "mag": 5.2, "mag_type": "Ms", "depth_km": 29.0, "ml": 4.8, "mb": 5.8, "ms": 5.2}}, {"type": "Feature", "geometry": {"type": "Point", "coordinates": [126.342, 10.136]}, "properties": {"id": "PH-2898", "datetime_utc": "2016-01-05T20:36:16.570000Z", "year": 2016, "mag": 5.2, "mag_type": "Ms", "depth_km": 10.0, "ml": 4.8, "mb": 5.8, "ms": 5.2}}, {"type": "Feature", "geometry": {"type": "Point", "coordinates": [127.415, 2.969]}, "properties": {"id": "PH-2899", "datetime_utc": "2016-01-11T16:37:56.300000Z", "year": 2016, "mag": 6.4, "mag_type": "Ms", "depth_km": 42.0, "ml": 5.6, "mb": 6.5, "ms": 6.4}}, {"type": "Feature", "geometry": {"type": "Point", "coordinates": [126.368, 9.547]}, "properties": {"id": "PH-2900", "datetime_utc": "2016-01-14T13:14:47.430000Z", "year": 2016, "mag": 5.5, "mag_type": "Ms", "depth_km": 8.0, "ml": 5.0, "mb": 5.9, "ms": 5.5}}, {"type": "Feature", "geometry": {"type": "Point", "coordinates": [128.698, 2.563]}, "properties": {"id": "PH-2901", "datetime_utc": "2016-01-25T09:17:38.020000Z", "year": 2016, "mag": 5.0, "mag_type": "Ms", "depth_km": 64.0, "ml": 4.6, "mb": 5.6, "ms": 5.0}}, {"type": "Feature", "geometry": {"type": "Point", "coordinates": [122.279, 13.781]}, "properties": {"id": "PH-2902", "datetime_utc": "2016-02-05T05:00:45.730000Z", "year": 2016, "mag": 5.2, "mag_type": "Ms", "depth_km": 3.0, "ml": 4.8, "mb": 5.8, "ms": 5.2}}, {"type": "Feature", "geometry": {"type": "Point", "coordinates": [125.408, 5.19]}, "properties": {"id": "PH-2903", "datetime_utc": "2016-02-28T09:06:25.610000Z", "year": 2016, "mag": 5.6, "mag_type": "Ms", "depth_km": 178.0, "ml": 5.1, "mb": 6.0, "ms": 5.6}}, {"type": "Feature", "geometry": {"type": "Point", "coordinates": [125.894, 3.962]}, "properties": {"id": "PH-2904", "datetime_utc": "2016-03-03T16:23:08.090000Z", "year": 2016, "mag": 5.1, "mag_type": "Ms", "depth_km": 115.0, "ml": 4.7, "mb": 5.7, "ms": 5.1}}, {"type": "Feature", "geometry": {"type": "Point", "coordinates": [120.098, 18.246]}, "properties": {"id": "PH-2905", "datetime_utc": "2016-03-12T04:00:28.670000Z", "year": 2016, "mag": 5.5, "mag_type": "Ms", "depth_km": 23.0, "ml": 5.0, "mb": 4.9, "ms": 5.5}}, {"type": "Feature", "geometry": {"type": "Point", "coordinates": [125.154, 4.24]}, "properties": {"id": "PH-2906", "datetime_utc": "2016-03-16T12:04:47.850000Z", "year": 2016, "mag": 5.0, "mag_type": "Ms", "depth_km": 33.0, "ml": 4.7, "mb": 5.7, "ms": 5.0}}, {"type": "Feature", "geometry": {"type": "Point", "coordinates": [125.244, 4.576]}, "properties": {"id": "PH-2907", "datetime_utc": "2016-03-16T13:09:51.610000Z", "year": 2016, "mag": 5.6, "mag_type": "Ms", "depth_km": 42.0, "ml": 5.1, "mb": 6.1, "ms": 5.6}}, {"type": "Feature", "geometry": {"type": "Point", "coordinates": [128.134, 2.888]}, "properties": {"id": "PH-2908", "datetime_utc": "2016-04-05T08:29:00.400000Z", "year": 2016, "mag": 5.9, "mag_type": "Ms", "depth_km": 14.0, "ml": 5.3, "mb": 6.2, "ms": 5.9}}, {"type": "Feature", "geometry": {"type": "Point", "coordinates": [121.965, 7.834]}, "properties": {"id": "PH-2909", "datetime_utc": "2016-04-13T18:21:52.010000Z", "year": 2016, "mag": 6.0, "mag_type": "Ms", "depth_km": 27.0, "ml": 5.4, "mb": 6.3, "ms": 6.0}}, {"type": "Feature", "geometry": {"type": "Point", "coordinates": [126.502, 7.954]}, "properties": {"id": "PH-2910", "datetime_utc": "2016-04-19T17:17:36.950000Z", "year": 2016, "mag": 5.0, "mag_type": "Ms", "depth_km": 96.0, "ml": 4.6, "mb": 5.6, "ms": 5.0}}, {"type": "Feature", "geometry": {"type": "Point", "coordinates": [119.952, 15.589]}, "properties": {"id": "PH-2911", "datetime_utc": "2016-04-19T18:33:26.700000Z", "year": 2016, "mag": 5.0, "mag_type": "Ms", "depth_km": 33.0, "ml": 4.6, "mb": 5.6, "ms": 5.0}}, {"type": "Feature", "geometry": {"type": "Point", "coordinates": [119.604, 15.778]}, "properties": {"id": "PH-2912", "datetime_utc": "2016-04-19T22:24:34.550000Z", "year": 2016, "mag": 5.0, "mag_type": "Ms", "depth_km": 9.0, "ml": 4.6, "mb": 5.6, "ms": 5.0}}, {"type": "Feature", "geometry": {"type": "Point", "coordinates": [121.23, 21.168]}, "properties": {"id": "PH-2913", "datetime_utc": "2016-04-25T18:13:13.280000Z", "year": 2016, "mag": 5.2, "mag_type": "Ms", "depth_km": 15.0, "ml": 4.8, "mb": 5.8, "ms": 5.2}}, {"type": "Feature", "geometry": {"type": "Point", "coordinates": [120.223, 20.552]}, "properties": {"id": "PH-2914", "datetime_utc": "2016-06-03T11:50:11.380000Z", "year": 2016, "mag": 5.1, "mag_type": "Ms", "depth_km": 32.0, "ml": 4.7, "mb": 5.7, "ms": 5.1}}, {"type": "Feature", "geometry": {"type": "Point", "coordinates": [121.378, 19.96]}, "properties": {"id": "PH-2915", "datetime_utc": "2016-06-19T18:20:53.910000Z", "year": 2016, "mag": 5.9, "mag_type": "Ms", "depth_km": 26.0, "ml": 5.3, "mb": 6.2, "ms": 5.9}}, {"type": "Feature", "geometry": {"type": "Point", "coordinates": [126.203, 6.491]}, "properties": {"id": "PH-2916", "datetime_utc": "2016-06-25T06:40:27.450000Z", "year": 2016, "mag": 5.1, "mag_type": "Ms", "depth_km": 37.0, "ml": 4.8, "mb": 5.7, "ms": 5.1}}, {"type": "Feature", "geometry": {"type": "Point", "coordinates": [125.466, 9.672]}, "properties": {"id": "PH-2917", "datetime_utc": "2016-07-26T14:29:08.350000Z", "year": 2016, "mag": 5.3, "mag_type": "Ms", "depth_km": 12.0, "ml": 4.9, "mb": 5.9, "ms": 5.3}}, {"type": "Feature", "geometry": {"type": "Point", "coordinates": [124.626, 11.039]}, "properties": {"id": "PH-2918", "datetime_utc": "2016-07-27T11:56:09.930000Z", "year": 2016, "mag": 5.2, "mag_type": "Ms", "depth_km": 1.0, "ml": 4.8, "mb": 5.7, "ms": 5.2}}, {"type": "Feature", "geometry": {"type": "Point", "coordinates": [125.313, 6.202]}, "properties": {"id": "PH-2919", "datetime_utc": "2016-08-06T09:08:23.230000Z", "year": 2016, "mag": 5.4, "mag_type": "Ms", "depth_km": 74.0, "ml": 4.9, "mb": 5.9, "ms": 5.4}}, {"type": "Feature", "geometry": {"type": "Point", "coordinates": [125.769, 5.446]}, "properties": {"id": "PH-2920", "datetime_utc": "2016-08-10T04:06:57.500000Z", "year": 2016, "mag": 5.4, "mag_type": "Ms", "depth_km": 116.0, "ml": 4.9, "mb": 5.9, "ms": 5.4}}, {"type": "Feature", "geometry": {"type": "Point", "coordinates": [125.421, 5.483]}, "properties": {"id": "PH-2921", "datetime_utc": "2016-08-10T08:17:41.130000Z", "year": 2016, "mag": 5.3, "mag_type": "Ms", "depth_km": 56.0, "ml": 4.9, "mb": 5.9, "ms": 5.3}}, {"type": "Feature", "geometry": {"type": "Point", "coordinates": [124.323, 11.593]}, "properties": {"id": "PH-2922", "datetime_utc": "2016-08-13T14:04:59.670000Z", "year": 2016, "mag": 5.0, "mag_type": "Ms", "depth_km": 3.0, "ml": 4.7, "mb": 5.6, "ms": 5.0}}, {"type": "Feature", "geometry": {"type": "Point", "coordinates": [123.772, 6.352]}, "properties": {"id": "PH-2923", "datetime_utc": "2016-09-02T08:39:15.050000Z", "year": 2016, "mag": 5.0, "mag_type": "Ms", "depth_km": 1.0, "ml": 4.6, "mb": 5.6, "ms": 5.0}}, {"type": "Feature", "geometry": {"type": "Point", "coordinates": [120.541, 13.727]}, "properties": {"id": "PH-2924", "datetime_utc": "2016-09-02T09:07:37.820000Z", "year": 2016, "mag": 5.0, "mag_type": "Ms", "depth_km": 84.0, "ml": 4.6, "mb": 5.6, "ms": 5.0}}, {"type": "Feature", "geometry": {"type": "Point", "coordinates": [125.805, 8.389]}, "properties": {"id": "PH-2925", "datetime_utc": "2016-09-04T02:38:12.370000Z", "year": 2016, "mag": 6.0, "mag_type": "Ms", "depth_km": 6.0, "ml": 5.3, "mb": 6.3, "ms": 6.0}}, {"type": "Feature", "geometry": {"type": "Point", "coordinates": [127.022, 5.302]}, "properties": {"id": "PH-2926", "datetime_utc": "2016-09-10T16:29:03.200000Z", "year": 2016, "mag": 5.4, "mag_type": "Ms", "depth_km": 49.0, "ml": 4.9, "mb": 5.9, "ms": 5.4}}, {"type": "Feature", "geometry": {"type": "Point", "coordinates": [125.681, 5.797]}, "properties": {"id": "PH-2927", "datetime_utc": "2016-09-16T07:50:49.590000Z", "year": 2016, "mag": 5.3, "mag_type": "Ms", "depth_km": 180.0, "ml": 4.9, "mb": 5.8, "ms": 5.3}}, {"type": "Feature", "geometry": {"type": "Point", "coordinates": [126.501, 6.586]}, "properties": {"id": "PH-2928", "datetime_utc": "2016-09-23T22:53:08.980000Z", "year": 2016, "mag": 6.5, "mag_type": "Ms", "depth_km": 38.0, "ml": 5.7, "mb": 6.6, "ms": 6.5}}, {"type": "Feature", "geometry": {"type": "Point", "coordinates": [119.718, 16.5]}, "properties": {"id": "PH-2929", "datetime_utc": "2016-10-02T13:40:08.390000Z", "year": 2016, "mag": 5.5, "mag_type": "Ms", "depth_km": 20.0, "ml": 5.0, "mb": 6.0, "ms": 5.5}}, {"type": "Feature", "geometry": {"type": "Point", "coordinates": [126.201, 4.096]}, "properties": {"id": "PH-2930", "datetime_utc": "2016-10-13T20:18:40.230000Z", "year": 2016, "mag": 5.7, "mag_type": "Ms", "depth_km": 10.0, "ml": 5.2, "mb": 6.1, "ms": 5.7}}, {"type": "Feature", "geometry": {"type": "Point", "coordinates": [125.469, 9.096]}, "properties": {"id": "PH-2931", "datetime_utc": "2016-10-14T18:29:03.910000Z", "year": 2016, "mag": 5.3, "mag_type": "Ms", "depth_km": 34.0, "ml": 4.9, "mb": 5.8, "ms": 5.3}}, {"type": "Feature", "geometry": {"type": "Point", "coordinates": [121.399, 14.843]}, "properties": {"id": "PH-2932", "datetime_utc": "2016-11-10T07:10:59.190000Z", "year": 2016, "mag": 5.0, "mag_type": "Ms", "depth_km": 9.0, "ml": 4.7, "mb": 5.6, "ms": 5.0}}, {"type": "Feature", "geometry": {"type": "Point", "coordinates": [127.864, 4.324]}, "properties": {"id": "PH-2933", "datetime_utc": "2016-12-04T05:24:03.480000Z", "year": 2016, "mag": 5.6, "mag_type": "Ms", "depth_km": 124.0, "ml": 5.1, "mb": 6.0, "ms": 5.6}}, {"type": "Feature", "geometry": {"type": "Point", "coordinates": [126.295, 10.265]}, "properties": {"id": "PH-2934", "datetime_utc": "2016-12-15T01:06:20.890000Z", "year": 2016, "mag": 5.0, "mag_type": "Ms", "depth_km": 24.0, "ml": 4.7, "mb": 5.7, "ms": 5.0}}, {"type": "Feature", "geometry": {"type": "Point", "coordinates": [125.934, 10.236]}, "properties": {"id": "PH-2935", "datetime_utc": "2016-12-19T20:44:40.400000Z", "year": 2016, "mag": 5.4, "mag_type": "Ms", "depth_km": 41.0, "ml": 4.9, "mb": 5.9, "ms": 5.4}}, {"type": "Feature", "geometry": {"type": "Point", "coordinates": [125.517, 11.429]}, "properties": {"id": "PH-2936", "datetime_utc": "2016-12-22T03:02:26.730000Z", "year": 2016, "mag": 5.1, "mag_type": "Ms", "depth_km": 47.0, "ml": 4.7, "mb": 5.7, "ms": 5.1}}, {"type": "Feature", "geometry": {"type": "Point", "coordinates": [126.414, 9.956]}, "properties": {"id": "PH-2937", "datetime_utc": "2016-12-23T16:09:31.460000Z", "year": 2016, "mag": 5.3, "mag_type": "Ms", "depth_km": 17.0, "ml": 4.9, "mb": 5.8, "ms": 5.3}}, {"type": "Feature", "geometry": {"type": "Point", "coordinates": [121.27, 19.085]}, "properties": {"id": "PH-2938", "datetime_utc": "2016-12-26T01:23:38.670000Z", "year": 2016, "mag": 5.0, "mag_type": "Ms", "depth_km": 19.0, "ml": 4.6, "mb": 5.6, "ms": 5.0}}, {"type": "Feature", "geometry": {"type": "Point", "coordinates": [122.963, 4.289]}, "properties": {"id": "PH-2939", "datetime_utc": "2017-01-10T06:13:44.570000Z", "year": 2017, "mag": 7.2, "mag_type": "Ms", "depth_km": 661.0, "ml": 6.2, "mb": 7.0, "ms": 7.2}}, {"type": "Feature", "geometry": {"type": "Point", "coordinates": [128.283, 2.426]}, "properties": {"id": "PH-2940", "datetime_utc": "2017-01-21T05:16:26.480000Z", "year": 2017, "mag": 5.6, "mag_type": "Ms", "depth_km": 65.0, "ml": 5.1, "mb": 6.0, "ms": 5.6}}, {"type": "Feature", "geometry": {"type": "Point", "coordinates": [125.386, 9.895]}, "properties": {"id": "PH-2941", "datetime_utc": "2017-02-10T14:03:42.050000Z", "year": 2017, "mag": 6.7, "mag_type": "Ms", "depth_km": 9.0, "ml": 5.8, "mb": 6.7, "ms": 6.7}}, {"type": "Feature", "geometry": {"type": "Point", "coordinates": [125.382, 9.691]}, "properties": {"id": "PH-2942", "datetime_utc": "2017-02-13T20:03:59.700000Z", "year": 2017, "mag": 5.0, "mag_type": "Ms", "depth_km": 23.0, "ml": 4.7, "mb": 5.6, "ms": 5.0}}, {"type": "Feature", "geometry": {"type": "Point", "coordinates": [127.215, 10.61]}, "properties": {"id": "PH-2943", "datetime_utc": "2017-02-25T18:57:22.270000Z", "year": 2017, "mag": 5.1, "mag_type": "Ms", "depth_km": 52.0, "ml": 4.7, "mb": 5.7, "ms": 5.1}}, {"type": "Feature", "geometry": {"type": "Point", "coordinates": [125.38, 9.759]}, "properties": {"id": "PH-2944", "datetime_utc": "2017-03-05T00:08:18.490000Z", "year": 2017, "mag": 5.9, "mag_type": "Ms", "depth_km": 10.0, "ml": 5.3, "mb": 6.2, "ms": 5.9}}, {"type": "Feature", "geometry": {"type": "Point", "coordinates": [125.997, 2.641]}, "properties": {"id": "PH-2945", "datetime_utc": "2017-03-29T03:30:23.450000Z", "year": 2017, "mag": 5.6, "mag_type": "Ms", "depth_km": 109.0, "ml": 5.1, "mb": 6.0, "ms": 5.6}}, {"type": "Feature", "geometry": {"type": "Point", "coordinates": [120.934, 13.687]}, "properties": {"id": "PH-2946", "datetime_utc": "2017-04-04T12:58:45.130000Z", "year": 2017, "mag": 5.5, "mag_type": "Ms", "depth_km": 6.0, "ml": 5.0, "mb": 5.9, "ms": 5.5}}, {"type": "Feature", "geometry": {"type": "Point", "coordinates": [120.881, 13.66]}, "properties": {"id": "PH-2947", "datetime_utc": "2017-04-08T07:07:54.960000Z", "year": 2017, "mag": 5.8, "mag_type": "Ms", "depth_km": 8.0, "ml": 5.3, "mb": 6.2, "ms": 5.8}}, {"type": "Feature", "geometry": {"type": "Point", "coordinates": [120.884, 13.661]}, "properties": {"id": "PH-2948", "datetime_utc": "2017-04-08T07:09:20.530000Z", "year": 2017, "mag": 6.0, "mag_type": "Ms", "depth_km": 2.0, "ml": 5.4, "mb": 6.3, "ms": 6.0}}, {"type": "Feature", "geometry": {"type": "Point", "coordinates": [125.601, 13.033]}, "properties": {"id": "PH-2949", "datetime_utc": "2017-04-10T00:43:52.960000Z", "year": 2017, "mag": 5.4, "mag_type": "Ms", "depth_km": 19.0, "ml": 4.9, "mb": 5.9, "ms": 5.4}}, {"type": "Feature", "geometry": {"type": "Point", "coordinates": [127.513, 5.531]}, "properties": {"id": "PH-2950", "datetime_utc": "2017-04-10T10:38:45.680000Z", "year": 2017, "mag": 5.7, "mag_type": "Ms", "depth_km": 15.0, "ml": 5.2, "mb": 6.1, "ms": 5.7}}, {"type": "Feature", "geometry": {"type": "Point", "coordinates": [127.319, 5.763]}, "properties": {"id": "PH-2951", "datetime_utc": "2017-04-10T11:08:15.530000Z", "year": 2017, "mag": 5.1, "mag_type": "Ms", "depth_km": 54.0, "ml": 4.8, "mb": 5.7, "ms": 5.1}}, {"type": "Feature", "geometry": {"type": "Point", "coordinates": [127.494, 5.792]}, "properties": {"id": "PH-2952", "datetime_utc": "2017-04-11T17:41:22.410000Z", "year": 2017, "mag": 5.0, "mag_type": "Ms", "depth_km": 31.0, "ml": 4.6, "mb": 5.6, "ms": 5.0}}, {"type": "Feature", "geometry": {"type": "Point", "coordinates": [124.655, 7.709]}, "properties": {"id": "PH-2953", "datetime_utc": "2017-04-11T21:20:58.860000Z", "year": 2017, "mag": 6.0, "mag_type": "Ms", "depth_km": 1.0, "ml": 5.4, "mb": 6.3, "ms": 6.0}}, {"type": "Feature", "geometry": {"type": "Point", "coordinates": [124.691, 7.661]}, "properties": {"id": "PH-2954", "datetime_utc": "2017-04-12T20:01:04.790000Z", "year": 2017, "mag": 5.3, "mag_type": "Ms", "depth_km": 2.0, "ml": 4.9, "mb": 5.8, "ms": 5.3}}, {"type": "Feature", "geometry": {"type": "Point", "coordinates": [127.481, 5.633]}, "properties": {"id": "PH-2955", "datetime_utc": "2017-04-13T16:05:47.200000Z", "year": 2017, "mag": 5.2, "mag_type": "Ms", "depth_km": 9.0, "ml": 4.8, "mb": 5.8, "ms": 5.2}}, {"type": "Feature", "geometry": {"type": "Point", "coordinates": [124.677, 7.748]}, "properties": {"id": "PH-2956", "datetime_utc": "2017-04-15T20:40:55.450000Z", "year": 2017, "mag": 5.3, "mag_type": "Ms", "depth_km": 1.0, "ml": 4.9, "mb": 5.8, "ms": 5.3}}, {"type": "Feature", "geometry": {"type": "Point", "coordinates": [126.387, 9.177]}, "properties": {"id": "PH-2957", "datetime_utc": "2017-04-23T01:19:44.670000Z", "year": 2017, "mag": 5.2, "mag_type": "Ms", "depth_km": 21.0, "ml": 4.8, "mb": 5.8, "ms": 5.2}}, {"type": "Feature", "geometry": {"type": "Point", "coordinates": [125.064, 5.401]}, "properties": {"id": "PH-2958", "datetime_utc": "2017-04-28T20:23:17.270000Z", "year": 2017, "mag": 7.2, "mag_type": "Ms", "depth_km": 16.0, "ml": 6.2, "mb": 7.0, "ms": 7.2}}, {"type": "Feature", "geometry": {"type": "Point", "coordinates": [124.161, 9.431]}, "properties": {"id": "PH-2959", "datetime_utc": "2017-05-20T01:06:12.540000Z", "year": 2017, "mag": 5.6, "mag_type": "Ms", "depth_km": 564.0, "ml": 5.1, "mb": 6.0, "ms": 5.6}}, {"type": "Feature", "geometry": {"type": "Point", "coordinates": [120.057, 15.078]}, "properties": {"id": "PH-2960", "datetime_utc": "2017-05-25T14:27:05.070000Z", "year": 2017, "mag": 5.4, "mag_type": "Ms", "depth_km": 83.0, "ml": 5.0, "mb": 5.9, "ms": 5.4}}, {"type": "Feature", "geometry": {"type": "Point", "coordinates": [125.146, 5.484]}, "properties": {"id": "PH-2961", "datetime_utc": "2017-06-09T12:58:23.250000Z", "year": 2017, "mag": 5.2, "mag_type": "Ms", "depth_km": 23.0, "ml": 4.8, "mb": 5.8, "ms": 5.2}}, {"type": "Feature", "geometry": {"type": "Point", "coordinates": [119.849, 17.55]}, "properties": {"id": "PH-2962", "datetime_utc": "2017-06-24T20:37:03.260000Z", "year": 2017, "mag": 5.7, "mag_type": "Ms", "depth_km": 32.0, "ml": 5.1, "mb": 6.1, "ms": 5.7}}, {"type": "Feature", "geometry": {"type": "Point", "coordinates": [126.179, 10.232]}, "properties": {"id": "PH-2963", "datetime_utc": "2017-06-26T07:41:31.010000Z", "year": 2017, "mag": 5.2, "mag_type": "Ms", "depth_km": 17.0, "ml": 4.8, "mb": 5.8, "ms": 5.2}}, {"type": "Feature", "geometry": {"type": "Point", "coordinates": [128.467, 2.678]}, "properties": {"id": "PH-2964", "datetime_utc": "2017-06-27T01:05:06.120000Z", "year": 2017, "mag": 5.1, "mag_type": "Ms", "depth_km": 142.0, "ml": 4.7, "mb": 5.7, "ms": 5.1}}, {"type": "Feature", "geometry": {"type": "Point", "coordinates": [124.705, 11.127]}, "properties": {"id": "PH-2965", "datetime_utc": "2017-07-06T08:03:54.430000Z", "year": 2017, "mag": 6.5, "mag_type": "Ms", "depth_km": 4.0, "ml": 5.7, "mb": 6.6, "ms": 6.5}}, {"type": "Feature", "geometry": {"type": "Point", "coordinates": [124.744, 11.042]}, "properties": {"id": "PH-2966", "datetime_utc": "2017-07-10T01:41:46.690000Z", "year": 2017, "mag": 5.8, "mag_type": "Ms", "depth_km": 1.0, "ml": 5.2, "mb": 6.2, "ms": 5.8}}, {"type": "Feature", "geometry": {"type": "Point", "coordinates": [121.945, 10.163]}, "properties": {"id": "PH-2967", "datetime_utc": "2017-07-25T19:51:46.140000Z", "year": 2017, "mag": 5.0, "mag_type": "Ms", "depth_km": 4.0, "ml": 4.7, "mb": 5.6, "ms": 5.0}}, {"type": "Feature", "geometry": {"type": "Point", "coordinates": [125.29, 6.445]}, "properties": {"id": "PH-2968", "datetime_utc": "2017-08-05T00:30:43.300000Z", "year": 2017, "mag": 5.9, "mag_type": "Ms", "depth_km": 19.0, "ml": 5.3, "mb": 6.2, "ms": 5.9}}, {"type": "Feature", "geometry": {"type": "Point", "coordinates": [125.066, 7.937]}, "properties": {"id": "PH-2969", "datetime_utc": "2017-08-05T07:39:17.940000Z", "year": 2017, "mag": 5.1, "mag_type": "Ms", "depth_km": 10.0, "ml": 4.7, "mb": 5.7, "ms": 5.1}}, {"type": "Feature", "geometry": {"type": "Point", "coordinates": [124.264, 9.502]}, "properties": {"id": "PH-2970", "datetime_utc": "2017-08-10T00:43:17.870000Z", "year": 2017, "mag": 5.4, "mag_type": "Ms", "depth_km": 524.0, "ml": 4.9, "mb": 5.9, "ms": 5.4}}, {"type": "Feature", "geometry": {"type": "Point", "coordinates": [120.528, 13.95]}, "properties": {"id": "PH-2971", "datetime_utc": "2017-08-11T05:28:24.860000Z", "year": 2017, "mag": 6.3, "mag_type": "Ms", "depth_km": 176.0, "ml": 5.6, "mb": 6.5, "ms": 6.3}}, {"type": "Feature", "geometry": {"type": "Point", "coordinates": [124.634, 10.96]}, "properties": {"id": "PH-2972", "datetime_utc": "2017-08-22T22:26:12.810000Z", "year": 2017, "mag": 5.1, "mag_type": "Ms", "depth_km": 3.0, "ml": 4.7, "mb": 5.7, "ms": 5.1}}, {"type": "Feature", "geometry": {"type": "Point", "coordinates": [121.093, 19.225]}, "properties": {"id": "PH-2973", "datetime_utc": "2017-08-29T22:08:33.470000Z", "year": 2017, "mag": 5.3, "mag_type": "Ms", "depth_km": 18.0, "ml": 4.9, "mb": 5.8, "ms": 5.3}}, {"type": "Feature", "geometry": {"type": "Point", "coordinates": [124.68, 7.66]}, "properties": {"id": "PH-2974", "datetime_utc": "2017-09-23T20:47:00Z", "year": 2017, "mag": 5.4, "mag_type": "Ms", "depth_km": 2.0, "ms": 5.4}}, {"type": "Feature", "geometry": {"type": "Point", "coordinates": [127.782, 3.797]}, "properties": {"id": "PH-2975", "datetime_utc": "2017-10-21T01:32:11.120000Z", "year": 2017, "mag": 5.3, "mag_type": "Ms", "depth_km": 54.0, "ml": 4.9, "mb": 5.9, "ms": 5.3}}, {"type": "Feature", "geometry": {"type": "Point", "coordinates": [120.52, 13.97]}, "properties": {"id": "PH-2976", "datetime_utc": "2017-10-22T14:21:00.200000Z", "year": 2017, "mag": 5.4, "mag_type": "Ms", "depth_km": 203.0, "ml": 4.9, "mb": 5.9, "ms": 5.4}}, {"type": "Feature", "geometry": {"type": "Point", "coordinates": [125.897, 6.212]}, "properties": {"id": "PH-2977", "datetime_utc": "2017-11-08T07:23:20.770000Z", "year": 2017, "mag": 5.1, "mag_type": "Ms", "depth_km": 113.0, "ml": 4.7, "mb": 5.7, "ms": 5.1}}, {"type": "Feature", "geometry": {"type": "Point", "coordinates": [126.963, 7.265]}, "properties": {"id": "PH-2978", "datetime_utc": "2017-11-30T01:16:04.080000Z", "year": 2017, "mag": 5.1, "mag_type": "Ms", "depth_km": 26.0, "ml": 4.8, "mb": 5.7, "ms": 5.1}}, {"type": "Feature", "geometry": {"type": "Point", "coordinates": [124.778, 7.779]}, "properties": {"id": "PH-2979", "datetime_utc": "2017-11-30T18:57:55.150000Z", "year": 2017, "mag": 5.1, "mag_type": "Ms", "depth_km": 1.0, "ml": 4.7, "mb": 5.7, "ms": 5.1}}, {"type": "Feature", "geometry": {"type": "Point", "coordinates": [126.12, 10.344]}, "properties": {"id": "PH-2980", "datetime_utc": "2017-12-17T14:32:11.560000Z", "year": 2017, "mag": 5.1, "mag_type": "Ms", "depth_km": 10.0, "ml": 4.7, "mb": 5.7, "ms": 5.1}}, {"type": "Feature", "geometry": {"type": "Point", "coordinates": [126.297, 3.574]}, "properties": {"id": "PH-2981", "datetime_utc": "2017-12-25T12:47:37.160000Z", "year": 2017, "mag": 5.5, "mag_type": "Ms", "depth_km": 33.0, "ml": 5.0, "mb": 6.0, "ms": 5.5}}, {"type": "Feature", "geometry": {"type": "Point", "coordinates": [127.288, 3.361]}, "properties": {"id": "PH-2982", "datetime_utc": "2017-12-28T17:20:08.110000Z", "year": 2017, "mag": 5.9, "mag_type": "Ms", "depth_km": 16.0, "ml": 5.3, "mb": 6.2, "ms": 5.9}}, {"type": "Feature", "geometry": {"type": "Point", "coordinates": [124.984, 5.191]}, "properties": {"id": "PH-2983", "datetime_utc": "2017-12-31T14:53:27.340000Z", "year": 2017, "mag": 5.2, "mag_type": "Ms", "depth_km": 19.0, "ml": 4.8, "mb": 5.8, "ms": 5.2}}, {"type": "Feature", "geometry": {"type": "Point", "coordinates": [126.491, 3.94]}, "properties": {"id": "PH-2984", "datetime_utc": "2018-01-06T13:52:48.270000Z", "year": 2018, "mag": 5.0, "mag_type": "Ms", "depth_km": 1.0, "ml": 4.7, "mb": 5.7, "ms": 5.0}}, {"type": "Feature", "geometry": {"type": "Point", "coordinates": [126.626, 3.905]}, "properties": {"id": "PH-2985", "datetime_utc": "2018-01-06T13:52:50.410000Z", "year": 2018, "mag": 5.0, "mag_type": "Ms", "depth_km": 25.0, "ml": 4.7, "mb": 5.6, "ms": 5.0}}, {"type": "Feature", "geometry": {"type": "Point", "coordinates": [126.53, 4.002]}, "properties": {"id": "PH-2986", "datetime_utc": "2018-01-06T18:35:07.620000Z", "year": 2018, "mag": 5.1, "mag_type": "Ms", "depth_km": 11.0, "ml": 4.8, "mb": 5.7, "ms": 5.1}}, {"type": "Feature", "geometry": {"type": "Point", "coordinates": [120.246, 13.284]}, "properties": {"id": "PH-2987", "datetime_utc": "2018-01-14T15:20:25.670000Z", "year": 2018, "mag": 5.1, "mag_type": "Ms", "depth_km": 7.0, "ml": 4.7, "mb": 5.7, "ms": 5.1}}, {"type": "Feature", "geometry": {"type": "Point", "coordinates": [120.228, 13.276]}, "properties": {"id": "PH-2988", "datetime_utc": "2018-01-14T15:49:21.660000Z", "year": 2018, "mag": 5.2, "mag_type": "Ms", "depth_km": 5.0, "ml": 4.8, "mb": 5.8, "ms": 5.2}}, {"type": "Feature", "geometry": {"type": "Point", "coordinates": [124.539, 8.081]}, "properties": {"id": "PH-2989", "datetime_utc": "2018-03-15T07:19:58.580000Z", "year": 2018, "mag": 5.0, "mag_type": "Ms", "depth_km": 3.0, "ml": 4.7, "mb": 5.7, "ms": 5.0}}, {"type": "Feature", "geometry": {"type": "Point", "coordinates": [126.229, 10.202]}, "properties": {"id": "PH-2990", "datetime_utc": "2018-03-24T10:34:31.430000Z", "year": 2018, "mag": 5.1, "mag_type": "Ms", "depth_km": 20.0, "ml": 4.7, "mb": 5.7, "ms": 5.1}}, {"type": "Feature", "geometry": {"type": "Point", "coordinates": [120.577, 20.565]}, "properties": {"id": "PH-2991", "datetime_utc": "2018-03-24T18:58:12.510000Z", "year": 2018, "mag": 5.0, "mag_type": "Ms", "depth_km": 25.0, "ml": 4.7, "mb": 5.7, "ms": 5.0}}, {"type": "Feature", "geometry": {"type": "Point", "coordinates": [127.954, 2.923]}, "properties": {"id": "PH-2992", "datetime_utc": "2018-04-03T09:14:03.280000Z", "year": 2018, "mag": 5.5, "mag_type": "Ms", "depth_km": 60.0, "ml": 5.0, "mb": 6.0, "ms": 5.5}}, {"type": "Feature", "geometry": {"type": "Point", "coordinates": [126.695, 6.795]}, "properties": {"id": "PH-2993", "datetime_utc": "2018-04-05T03:53:40.860000Z", "year": 2018, "mag": 6.1, "mag_type": "Ms", "depth_km": 24.0, "ml": 5.4, "mb": 6.3, "ms": 6.1}}, {"type": "Feature", "geometry": {"type": "Point", "coordinates": [124.078, 14.611]}, "properties": {"id": "PH-2994", "datetime_utc": "2018-05-05T06:19:03.480000Z", "year": 2018, "mag": 6.2, "mag_type": "Ms", "depth_km": 33.0, "ml": 5.5, "mb": 6.4, "ms": 6.2}}, {"type": "Feature", "geometry": {"type": "Point", "coordinates": [123.978, 6.916]}, "properties": {"id": "PH-2995", "datetime_utc": "2018-05-10T18:02:28.710000Z", "year": 2018, "mag": 5.9, "mag_type": "Ms", "depth_km": 548.0, "ml": 5.3, "mb": 6.2, "ms": 5.9}}, {"type": "Feature", "geometry": {"type": "Point", "coordinates": [126.651, 5.542]}, "properties": {"id": "PH-2996", "datetime_utc": "2018-05-10T20:06:21.310000Z", "year": 2018, "mag": 5.0, "mag_type": "Ms", "depth_km": 79.0, "ml": 4.6, "mb": 5.6, "ms": 5.0}}, {"type": "Feature", "geometry": {"type": "Point", "coordinates": [125.777, 6.06]}, "properties": {"id": "PH-2997", "datetime_utc": "2018-05-11T20:56:30.840000Z", "year": 2018, "mag": 5.1, "mag_type": "Ms", "depth_km": 120.0, "ml": 4.8, "mb": 5.7, "ms": 5.1}}, {"type": "Feature", "geometry": {"type": "Point", "coordinates": [125.581, 5.329]}, "properties": {"id": "PH-2998", "datetime_utc": "2018-05-13T15:33:30.950000Z", "year": 2018, "mag": 5.3, "mag_type": "Ms", "depth_km": 174.0, "ml": 4.9, "mb": 5.9, "ms": 5.3}}, {"type": "Feature", "geometry": {"type": "Point", "coordinates": [123.895, 7.284]}, "properties": {"id": "PH-2999", "datetime_utc": "2018-06-01T10:21:37.800000Z", "year": 2018, "mag": 5.2, "mag_type": "Ms", "depth_km": 591.0, "ml": 4.8, "mb": 5.8, "ms": 5.2}}, {"type": "Feature", "geometry": {"type": "Point", "coordinates": [126.353, 6.485]}, "properties": {"id": "PH-3000", "datetime_utc": "2018-06-13T14:59:07.780000Z", "year": 2018, "mag": 5.2, "mag_type": "Ms", "depth_km": 125.0, "ml": 4.8, "mb": 5.7, "ms": 5.2}}, {"type": "Feature", "geometry": {"type": "Point", "coordinates": [125.776, 6.046]}, "properties": {"id": "PH-3001", "datetime_utc": "2018-06-17T02:39:36.060000Z", "year": 2018, "mag": 5.2, "mag_type": "Ms", "depth_km": 128.0, "ml": 4.8, "mb": 5.8, "ms": 5.2}}, {"type": "Feature", "geometry": {"type": "Point", "coordinates": [119.642, 14.973]}, "properties": {"id": "PH-3002", "datetime_utc": "2018-06-17T09:46:23.630000Z", "year": 2018, "mag": 5.4, "mag_type": "Ms", "depth_km": 16.0, "ml": 5.0, "mb": 5.9, "ms": 5.4}}, {"type": "Feature", "geometry": {"type": "Point", "coordinates": [121.176, 20.307]}, "properties": {"id": "PH-3003", "datetime_utc": "2018-06-18T05:22:36.360000Z", "year": 2018, "mag": 5.0, "mag_type": "Ms", "depth_km": 34.0, "ml": 4.7, "mb": 5.7, "ms": 5.0}}, {"type": "Feature", "geometry": {"type": "Point", "coordinates": [120.371, 13.999]}, "properties": {"id": "PH-3004", "datetime_utc": "2018-07-03T04:25:53.560000Z", "year": 2018, "mag": 5.2, "mag_type": "Ms", "depth_km": 125.0, "ml": 4.8, "mb": 5.8, "ms": 5.2}}, {"type": "Feature", "geometry": {"type": "Point", "coordinates": [125.244, 5.842]}, "properties": {"id": "PH-3005", "datetime_utc": "2018-07-03T09:59:53.530000Z", "year": 2018, "mag": 5.7, "mag_type": "Ms", "depth_km": 90.0, "ml": 5.1, "mb": 6.1, "ms": 5.7}}, {"type": "Feature", "geometry": {"type": "Point", "coordinates": [125.402, 9.764]}, "properties": {"id": "PH-3006", "datetime_utc": "2018-07-10T16:24:16.170000Z", "year": 2018, "mag": 5.0, "mag_type": "Ms", "depth_km": 8.0, "ml": 4.7, "mb": 5.7, "ms": 5.0}}, {"type": "Feature", "geometry": {"type": "Point", "coordinates": [124.859, 4.606]}, "properties": {"id": "PH-3007", "datetime_utc": "2018-07-22T18:28:40.480000Z", "year": 2018, "mag": 5.2, "mag_type": "Ms", "depth_km": 15.0, "ml": 4.8, "mb": 5.8, "ms": 5.2}}, {"type": "Feature", "geometry": {"type": "Point", "coordinates": [121.209, 19.153]}, "properties": {"id": "PH-3008", "datetime_utc": "2018-08-21T04:10:29.050000Z", "year": 2018, "mag": 5.0, "mag_type": "Ms", "depth_km": 17.0, "ml": 4.6, "mb": 5.6, "ms": 5.0}}, {"type": "Feature", "geometry": {"type": "Point", "coordinates": [126.289, 11.105]}, "properties": {"id": "PH-3009", "datetime_utc": "2018-08-24T04:33:25.340000Z", "year": 2018, "mag": 5.3, "mag_type": "Ms", "depth_km": 7.0, "ml": 4.9, "mb": 5.9, "ms": 5.3}}, {"type": "Feature", "geometry": {"type": "Point", "coordinates": [120.716, 13.579]}, "properties": {"id": "PH-3010", "datetime_utc": "2018-08-31T14:40:27.260000Z", "year": 2018, "mag": 5.5, "mag_type": "Ms", "depth_km": 110.0, "ml": 5.0, "mb": 5.9, "ms": 5.5}}, {"type": "Feature", "geometry": {"type": "Point", "coordinates": [126.786, 7.003]}, "properties": {"id": "PH-3011", "datetime_utc": "2018-09-08T07:16:45.980000Z", "year": 2018, "mag": 6.2, "mag_type": "Ms", "depth_km": 13.0, "ml": 5.5, "mb": 6.4, "ms": 6.2}}, {"type": "Feature", "geometry": {"type": "Point", "coordinates": [126.462, 10.717]}, "properties": {"id": "PH-3012", "datetime_utc": "2018-09-10T11:57:00.390000Z", "year": 2018, "mag": 5.2, "mag_type": "Ms", "depth_km": 1.0, "ml": 4.8, "mb": 5.8, "ms": 5.2}}, {"type": "Feature", "geometry": {"type": "Point", "coordinates": [127.843, 3.163]}, "properties": {"id": "PH-3013", "datetime_utc": "2018-09-13T16:49:18.340000Z", "year": 2018, "mag": 5.1, "mag_type": "Ms", "depth_km": 136.0, "ml": 4.7, "mb": 5.7, "ms": 5.1}}, {"type": "Feature", "geometry": {"type": "Point", "coordinates": [126.607, 10.538]}, "properties": {"id": "PH-3014", "datetime_utc": "2018-09-27T04:44:24.490000Z", "year": 2018, "mag": 5.0, "mag_type": "Ms", "depth_km": 1.0, "ml": 4.7, "mb": 5.6, "ms": 5.0}}, {"type": "Feature", "geometry": {"type": "Point", "coordinates": [122.635, 8.542]}, "properties": {"id": "PH-3015", "datetime_utc": "2018-10-16T03:52:01.880000Z", "year": 2018, "mag": 5.1, "mag_type": "Ms", "depth_km": 6.0, "ml": 4.7, "mb": 5.7, "ms": 5.1}}, {"type": "Feature", "geometry": {"type": "Point", "coordinates": [124.584, 12.397]}, "properties": {"id": "PH-3016", "datetime_utc": "2018-10-17T18:34:51.110000Z", "year": 2018, "mag": 5.2, "mag_type": "Ms", "depth_km": 112.0, "ml": 4.8, "mb": 5.7, "ms": 5.2}}, {"type": "Feature", "geometry": {"type": "Point", "coordinates": [126.743, 5.064]}, "properties": {"id": "PH-3017", "datetime_utc": "2018-10-20T18:51:54.960000Z", "year": 2018, "mag": 5.4, "mag_type": "Ms", "depth_km": 43.0, "ml": 5.0, "mb": 5.9, "ms": 5.4}}, {"type": "Feature", "geometry": {"type": "Point", "coordinates": [126.467, 3.802]}, "properties": {"id": "PH-3018", "datetime_utc": "2018-10-28T08:09:52.730000Z", "year": 2018, "mag": 5.2, "mag_type": "Ms", "depth_km": 1.0, "ml": 4.8, "mb": 5.8, "ms": 5.2}}, {"type": "Feature", "geometry": {"type": "Point", "coordinates": [126.904, 8.551]}, "properties": {"id": "PH-3019", "datetime_utc": "2018-10-29T13:41:14.090000Z", "year": 2018, "mag": 5.3, "mag_type": "Ms", "depth_km": 6.0, "ml": 4.9, "mb": 5.8, "ms": 5.3}}, {"type": "Feature", "geometry": {"type": "Point", "coordinates": [126.843, 8.514]}, "properties": {"id": "PH-3020", "datetime_utc": "2018-10-29T14:40:34.250000Z", "year": 2018, "mag": 5.3, "mag_type": "Ms", "depth_km": 9.0, "ml": 4.9, "mb": 5.9, "ms": 5.3}}, {"type": "Feature", "geometry": {"type": "Point", "coordinates": [127.175, 8.572]}, "properties": {"id": "PH-3021", "datetime_utc": "2018-10-29T14:51:41.620000Z", "year": 2018, "mag": 5.3, "mag_type": "Ms", "depth_km": 1.0, "ml": 4.8, "mb": 5.8, "ms": 5.3}}, {"type": "Feature", "geometry": {"type": "Point", "coordinates": [124.023, 7.781]}, "properties": {"id": "PH-3022", "datetime_utc": "2018-11-04T07:55:26.880000Z", "year": 2018, "mag": 6.0, "mag_type": "Ms", "depth_km": 629.0, "ml": 5.4, "mb": 6.3, "ms": 6.0}}, {"type": "Feature", "geometry": {"type": "Point", "coordinates": [122.635, 8.542]}, "properties": {"id": "PH-3023", "datetime_utc": "2018-10-16T03:52:01.880000Z", "year": 2018, "mag": 5.1, "mag_type": "Ms", "depth_km": 6.0, "ml": 4.7, "mb": 5.7, "ms": 5.1}}, {"type": "Feature", "geometry": {"type": "Point", "coordinates": [126.743, 5.064]}, "properties": {"id": "PH-3024", "datetime_utc": "2018-10-20T18:51:54.960000Z", "year": 2018, "mag": 5.4, "mag_type": "Ms", "depth_km": 43.0, "ml": 5.0, "mb": 5.9, "ms": 5.4}}, {"type": "Feature", "geometry": {"type": "Point", "coordinates": [126.467, 3.802]}, "properties": {"id": "PH-3025", "datetime_utc": "2018-10-28T08:09:52.730000Z", "year": 2018, "mag": 5.2, "mag_type": "Ms", "depth_km": 1.0, "ml": 4.8, "mb": 5.8, "ms": 5.2}}, {"type": "Feature", "geometry": {"type": "Point", "coordinates": [126.904, 8.551]}, "properties": {"id": "PH-3026", "datetime_utc": "2018-10-29T13:41:14.090000Z", "year": 2018, "mag": 5.3, "mag_type": "Ms", "depth_km": 6.0, "ml": 4.9, "mb": 5.8, "ms": 5.3}}, {"type": "Feature", "geometry": {"type": "Point", "coordinates": [126.843, 8.514]}, "properties": {"id": "PH-3027", "datetime_utc": "2018-10-29T14:40:34.250000Z", "year": 2018, "mag": 5.3, "mag_type": "Ms", "depth_km": 9.0, "ml": 4.9, "mb": 5.9, "ms": 5.3}}, {"type": "Feature", "geometry": {"type": "Point", "coordinates": [127.175, 8.572]}, "properties": {"id": "PH-3028", "datetime_utc": "2018-10-29T14:51:41.620000Z", "year": 2018, "mag": 5.3, "mag_type": "Ms", "depth_km": 1.0, "ml": 4.8, "mb": 5.8, "ms": 5.3}}, {"type": "Feature", "geometry": {"type": "Point", "coordinates": [124.023, 7.781]}, "properties": {"id": "PH-3029", "datetime_utc": "2018-11-04T07:55:26.880000Z", "year": 2018, "mag": 6.0, "mag_type": "Ms", "depth_km": 629.0, "ml": 5.4, "mb": 6.3, "ms": 6.0}}, {"type": "Feature", "geometry": {"type": "Point", "coordinates": [125.676, 6.637]}, "properties": {"id": "PH-3030", "datetime_utc": "2018-12-06T14:13:43.440000Z", "year": 2018, "mag": 5.4, "mag_type": "Ms", "depth_km": 169.0, "ml": 4.9, "mb": 5.9, "ms": 5.4}}, {"type": "Feature", "geometry": {"type": "Point", "coordinates": [127.172, 5.588]}, "properties": {"id": "PH-3031", "datetime_utc": "2018-12-29T03:39:03.170000Z", "year": 2018, "mag": 7.0, "mag_type": "Ms", "depth_km": 52.0, "ml": 6.0, "mb": 6.9, "ms": 7.0}}, {"type": "Feature", "geometry": {"type": "Point", "coordinates": [127.043, 5.602]}, "properties": {"id": "PH-3032", "datetime_utc": "2018-12-29T09:12:58.670000Z", "year": 2018, "mag": 5.5, "mag_type": "Ms", "depth_km": 43.0, "ml": 5.0, "mb": 5.9, "ms": 5.5}}, {"type": "Feature", "geometry": {"type": "Point", "coordinates": [121.93, 7.91]}, "properties": {"id": "PH-3033", "datetime_utc": "2019-01-07T03:11:53Z", "year": 2019, "mag": 5.5, "mag_type": "Ms", "depth_km": 30.0, "ms": 5.5}}, {"type": "Feature", "geometry": {"type": "Point", "coordinates": [126.87, 5.95]}, "properties": {"id": "PH-3034", "datetime_utc": "2019-01-15T20:03:22Z", "year": 2019, "mag": 6.0, "mag_type": "Ms", "depth_km": 40.0, "ms": 6.0}}, {"type": "Feature", "geometry": {"type": "Point", "coordinates": [127.96, 4.44]}, "properties": {"id": "PH-3035", "datetime_utc": "2019-01-16T10:53:34Z", "year": 2019, "mag": 5.4, "mag_type": "Ms", "depth_km": 97.0, "ms": 5.4}}, {"type": "Feature", "geometry": {"type": "Point", "coordinates": [129.06, 2.96]}, "properties": {"id": "PH-3036", "datetime_utc": "2019-01-18T18:51:55Z", "year": 2019, "mag": 5.0, "mag_type": "Ms", "depth_km": 127.0, "ms": 5.0}}, {"type": "Feature", "geometry": {"type": "Point", "coordinates": [126.35, 4.31]}, "properties": {"id": "PH-3037", "datetime_utc": "2019-01-21T16:47:51Z", "year": 2019, "mag": 5.1, "mag_type": "Ms", "depth_km": 3.0, "ms": 5.1}}, {"type": "Feature", "geometry": {"type": "Point", "coordinates": [121.25, 19.17]}, "properties": {"id": "PH-3038", "datetime_utc": "2019-01-24T08:34:53Z", "year": 2019, "mag": 5.5, "mag_type": "Ms", "depth_km": 27.0, "ms": 5.5}}, {"type": "Feature", "geometry": {"type": "Point", "coordinates": [125.95, 11.51]}, "properties": {"id": "PH-3039", "datetime_utc": "2019-01-27T06:24:53Z", "year": 2019, "mag": 5.1, "mag_type": "Ms", "depth_km": 7.0, "ms": 5.1}}, {"type": "Feature", "geometry": {"type": "Point", "coordinates": [128.46, 2.76]}, "properties": {"id": "PH-3040", "datetime_utc": "2019-02-05T23:17:47Z", "year": 2019, "mag": 5.1, "mag_type": "Ms", "depth_km": 195.0, "ms": 5.1}}, {"type": "Feature", "geometry": {"type": "Point", "coordinates": [120.31, 15.91]}, "properties": {"id": "PH-3041", "datetime_utc": "2019-02-06T10:25:19Z", "year": 2019, "mag": 5.5, "mag_type": "Ms", "depth_km": 131.0, "ms": 5.5}}, {"type": "Feature", "geometry": {"type": "Point", "coordinates": [126.59, 9.79]}, "properties": {"id": "PH-3042", "datetime_utc": "2019-02-08T11:55:05Z", "year": 2019, "mag": 5.9, "mag_type": "Ms", "depth_km": 11.0, "ms": 5.9}}, {"type": "Feature", "geometry": {"type": "Point", "coordinates": [126.36, 9.82]}, "properties": {"id": "PH-3043", "datetime_utc": "2019-02-09T22:21:15Z", "year": 2019, "mag": 5.1, "mag_type": "Ms", "depth_km": 3.0, "ms": 5.1}}, {"type": "Feature", "geometry": {"type": "Point", "coordinates": [126.45, 9.88]}, "properties": {"id": "PH-3044", "datetime_utc": "2019-02-10T14:33:32Z", "year": 2019, "mag": 5.1, "mag_type": "Ms", "depth_km": 8.0, "ms": 5.1}}, {"type": "Feature", "geometry": {"type": "Point", "coordinates": [126.19, 4.59]}, "properties": {"id": "PH-3045", "datetime_utc": "2019-02-12T08:01:17Z", "year": 2019, "mag": 5.1, "mag_type": "Ms", "depth_km": 45.0, "ms": 5.1}}, {"type": "Feature", "geometry": {"type": "Point", "coordinates": [125.46, 4.93]}, "properties": {"id": "PH-3046", "datetime_utc": "2019-03-01T01:00:40Z", "year": 2019, "mag": 5.1, "mag_type": "Ms", "depth_km": 186.0, "ms": 5.1}}, {"type": "Feature", "geometry": {"type": "Point", "coordinates": [120.37, 18.63]}, "properties": {"id": "PH-3047", "datetime_utc": "2019-03-02T19:46:22Z", "year": 2019, "mag": 5.3, "mag_type": "Ms", "depth_km": 28.0, "ms": 5.3}}, {"type": "Feature", "geometry": {"type": "Point", "coordinates": [127.31, 8.34]}, "properties": {"id": "PH-3048", "datetime_utc": "2019-03-06T00:12:55Z", "year": 2019, "mag": 5.5, "mag_type": "Ms", "depth_km": 14.0, "ms": 5.5}}, {"type": "Feature", "geometry": {"type": "Point", "coordinates": [126.13, 10.37]}, "properties": {"id": "PH-3049", "datetime_utc": "2019-03-08T15:06:13Z", "year": 2019, "mag": 6.2, "mag_type": "Ms", "depth_km": 17.0, "ms": 6.2}}, {"type": "Feature", "geometry": {"type": "Point", "coordinates": [125.34, 6.14]}, "properties": {"id": "PH-3050", "datetime_utc": "2019-03-15T23:07:54Z", "year": 2019, "mag": 5.6, "mag_type": "Ms", "depth_km": 96.0, "ms": 5.6}}, {"type": "Feature", "geometry": {"type": "Point", "coordinates": [120.63, 13.6]}, "properties": {"id": "PH-3051", "datetime_utc": "2019-03-16T09:58:18Z", "year": 2019, "mag": 5.2, "mag_type": "Ms", "depth_km": 114.0, "ms": 5.2}}, {"type": "Feature", "geometry": {"type": "Point", "coordinates": [125.93, 10.61]}, "properties": {"id": "PH-3052", "datetime_utc": "2019-04-01T02:16:53Z", "year": 2019, "mag": 5.4, "mag_type": "Ms", "depth_km": 28.0, "ms": 5.4}}, {"type": "Feature", "geometry": {"type": "Point", "coordinates": [125.85, 11.69]}, "properties": {"id": "PH-3053", "datetime_utc": "2019-04-06T21:58:37Z", "year": 2019, "mag": 5.2, "mag_type": "Ms", "depth_km": 10.0, "ms": 5.2}}, {"type": "Feature", "geometry": {"type": "Point", "coordinates": [120.89, 19.17]}, "properties": {"id": "PH-3054", "datetime_utc": "2019-04-15T01:32:59Z", "year": 2019, "mag": 5.2, "mag_type": "Ms", "depth_km": 4.0, "ms": 5.2}}, {"type": "Feature", "geometry": {"type": "Point", "coordinates": [126.96, 5.19]}, "properties": {"id": "PH-3055", "datetime_utc": "2019-04-19T07:29:53Z", "year": 2019, "mag": 5.3, "mag_type": "Ms", "depth_km": 43.0, "ms": 5.3}}, {"type": "Feature", "geometry": {"type": "Point", "coordinates": [120.34, 15.02]}, "properties": {"id": "PH-3056", "datetime_utc": "2019-04-22T09:11:09Z", "year": 2019, "mag": 6.1, "mag_type": "Ms", "depth_km": 10.0, "ms": 6.1}}, {"type": "Feature", "geometry": {"type": "Point", "coordinates": [125.37, 11.79]}, "properties": {"id": "PH-3057", "datetime_utc": "2019-04-23T05:37:51Z", "year": 2019, "mag": 6.5, "mag_type": "Ms", "depth_km": 61.0, "ms": 6.5}}, {"type": "Feature", "geometry": {"type": "Point", "coordinates": [126.79, 9.78]}, "properties": {"id": "PH-3058", "datetime_utc": "2019-04-26T05:26:59Z", "year": 2019, "mag": 5.5, "mag_type": "Ms", "depth_km": 11.0, "ms": 5.5}}, {"type": "Feature", "geometry": {"type": "Point", "coordinates": [126.77, 9.77]}, "properties": {"id": "PH-3059", "datetime_utc": "2019-04-26T06:04:18Z", "year": 2019, "mag": 5.0, "mag_type": "Ms", "depth_km": 3.0, "ms": 5.0}}, {"type": "Feature", "geometry": {"type": "Point", "coordinates": [126.74, 9.79]}, "properties": {"id": "PH-3060", "datetime_utc": "2019-04-26T08:04:22Z", "year": 2019, "mag": 5.5, "mag_type": "Ms", "depth_km": 12.0, "ms": 5.5}}, {"type": "Feature", "geometry": {"type": "Point", "coordinates": [120.81, 12.33]}, "properties": {"id": "PH-3061", "datetime_utc": "2019-05-04T01:05:07Z", "year": 2019, "mag": 5.5, "mag_type": "Ms", "depth_km": 8.0, "ms": 5.5}}, {"type": "Feature", "geometry": {"type": "Point", "coordinates": [126.99, 8.83]}, "properties": {"id": "PH-3062", "datetime_utc": "2019-05-05T01:56:04Z", "year": 2019, "mag": 5.0, "mag_type": "Ms", "depth_km": 23.0, "ms": 5.0}}, {"type": "Feature", "geometry": {"type": "Point", "coordinates": [120.84, 18.7]}, "properties": {"id": "PH-3063", "datetime_utc": "2019-05-06T02:48:42Z", "year": 2019, "mag": 5.4, "mag_type": "Ms", "depth_km": 15.0, "ms": 5.4}}, {"type": "Feature", "geometry": {"type": "Point", "coordinates": [121.1, 19.3]}, "properties": {"id": "PH-3064", "datetime_utc": "2019-05-12T08:59:53Z", "year": 2019, "mag": 5.2, "mag_type": "Ms", "depth_km": 20.0, "ms": 5.2}}, {"type": "Feature", "geometry": {"type": "Point", "coordinates": [126.7, 6.15]}, "properties": {"id": "PH-3065", "datetime_utc": "2019-05-31T10:12:29Z", "year": 2019, "mag": 6.2, "mag_type": "Ms", "depth_km": 78.0, "ms": 6.2}}, {"type": "Feature", "geometry": {"type": "Point", "coordinates": [126.7, 6.09]}, "properties": {"id": "PH-3066", "datetime_utc": "2019-06-01T09:45:26Z", "year": 2019, "mag": 5.4, "mag_type": "Ms", "depth_km": 76.0, "ms": 5.4}}, {"type": "Feature", "geometry": {"type": "Point", "coordinates": [124.38, 6.39]}, "properties": {"id": "PH-3067", "datetime_utc": "2019-06-05T20:41:47Z", "year": 2019, "mag": 5.4, "mag_type": "Ms", "depth_km": 476.0, "ms": 5.4}}, {"type": "Feature", "geometry": {"type": "Point", "coordinates": [124.95, 9.6]}, "properties": {"id": "PH-3068", "datetime_utc": "2019-06-29T19:00:06Z", "year": 2019, "mag": 5.0, "mag_type": "Ms", "depth_km": 30.0, "ms": 5.0}}, {"type": "Feature", "geometry": {"type": "Point", "coordinates": [124.32, 9.19]}, "properties": {"id": "PH-3069", "datetime_utc": "2019-07-01T16:59:24Z", "year": 2019, "mag": 5.9, "mag_type": "Ms", "depth_km": 554.0, "ms": 5.9}}, {"type": "Feature", "geometry": {"type": "Point", "coordinates": [125.02, 6.83]}, "properties": {"id": "PH-3070", "datetime_utc": "2019-07-09T12:36:58Z", "year": 2019, "mag": 5.6, "mag_type": "Ms", "depth_km": 10.0, "ms": 5.6}}, {"type": "Feature", "geometry": {"type": "Point", "coordinates": [125.99, 9.32]}, "properties": {"id": "PH-3071", "datetime_utc": "2019-07-12T20:42:54Z", "year": 2019, "mag": 5.5, "mag_type": "Ms", "depth_km": 4.0, "ms": 5.5}}, {"type": "Feature", "geometry": {"type": "Point", "coordinates": [122.21, 20.98]}, "properties": {"id": "PH-3072", "datetime_utc": "2019-07-26T20:16:53Z", "year": 2019, "mag": 5.4, "mag_type": "Mw", "depth_km": 15.0, "mw": 5.4}}, {"type": "Feature", "geometry": {"type": "Point", "coordinates": [121.96, 21.07]}, "properties": {"id": "PH-3073", "datetime_utc": "2019-07-26T23:37:53Z", "year": 2019, "mag": 5.9, "mag_type": "Mw", "depth_km": 8.0, "mw": 5.9}}, {"type": "Feature", "geometry": {"type": "Point", "coordinates": [121.84, 20.89]}, "properties": {"id": "PH-3074", "datetime_utc": "2019-07-27T01:24:42Z", "year": 2019, "mag": 5.8, "mag_type": "Mw", "depth_km": 13.0, "mw": 5.8}}, {"type": "Feature", "geometry": {"type": "Point", "coordinates": [122.07, 20.78]}, "properties": {"id": "PH-3075", "datetime_utc": "2019-07-27T10:11:32Z", "year": 2019, "mag": 5.3, "mag_type": "Mw", "depth_km": 15.0, "mw": 5.3}}, {"type": "Feature", "geometry": {"type": "Point", "coordinates": [126.03, 6.02]}, "properties": {"id": "PH-3076", "datetime_utc": "2019-08-02T16:10:09Z", "year": 2019, "mag": 5.6, "mag_type": "Mw", "depth_km": 144.0, "mw": 5.6}}, {"type": "Feature", "geometry": {"type": "Point", "coordinates": [124.96, 12.87]}, "properties": {"id": "PH-3077", "datetime_utc": "2019-08-02T17:28:21Z", "year": 2019, "mag": 5.0, "mag_type": "Ms", "depth_km": 20.0, "ms": 5.0}}, {"type": "Feature", "geometry": {"type": "Point", "coordinates": [126.76, 7.47]}, "properties": {"id": "PH-3078", "datetime_utc": "2019-08-31T13:02:19Z", "year": 2019, "mag": 5.2, "mag_type": "Ms", "depth_km": 29.0, "ms": 5.2}}, {"type": "Feature", "geometry": {"type": "Point", "coordinates": [116.3, 14.63]}, "properties": {"id": "PH-3079", "datetime_utc": "2019-09-05T13:58:35Z", "year": 2019, "mag": 5.1, "mag_type": "Ms", "depth_km": 31.0, "ms": 5.1}}, {"type": "Feature", "geometry": {"type": "Point", "coordinates": [125.74, 5.61]}, "properties": {"id": "PH-3080", "datetime_utc": "2019-09-08T13:49:10Z", "year": 2019, "mag": 5.0, "mag_type": "Ms", "depth_km": 46.0, "ms": 5.0}}, {"type": "Feature", "geometry": {"type": "Point", "coordinates": [125.74, 5.61]}, "properties": {"id": "PH-3081", "datetime_utc": "2019-09-08T14:06:00Z", "year": 2019, "mag": 5.0, "mag_type": "Ms", "depth_km": 46.0, "ms": 5.0}}, {"type": "Feature", "geometry": {"type": "Point", "coordinates": [126.42, 6.55]}, "properties": {"id": "PH-3082", "datetime_utc": "2019-09-10T05:39:22Z", "year": 2019, "mag": 5.8, "mag_type": "Mw", "depth_km": 59.0, "mw": 5.8}}, {"type": "Feature", "geometry": {"type": "Point", "coordinates": [126.42, 6.55]}, "properties": {"id": "PH-3083", "datetime_utc": "2019-09-10T05:42:00Z", "year": 2019, "mag": 5.8, "mag_type": "Ms", "depth_km": 59.0, "ms": 5.8}}, {"type": "Feature", "geometry": {"type": "Point", "coordinates": [122.23, 15.1]}, "properties": {"id": "PH-3084", "datetime_utc": "2019-09-13T08:28:16Z", "year": 2019, "mag": 5.3, "mag_type": "Mw", "depth_km": 55.0, "mw": 5.3}}, {"type": "Feature", "geometry": {"type": "Point", "coordinates": [126.64, 5.07]}, "properties": {"id": "PH-3085", "datetime_utc": "2019-09-18T07:00:56Z", "year": 2019, "mag": 5.6, "mag_type": "Ms", "depth_km": 28.0, "ms": 5.6}}, {"type": "Feature", "geometry": {"type": "Point", "coordinates": [124.59, 14.1]}, "properties": {"id": "PH-3086", "datetime_utc": "2019-09-20T18:04:19Z", "year": 2019, "mag": 5.0, "mag_type": "Mw", "depth_km": 1.0, "mw": 5.0}}, {"type": "Feature", "geometry": {"type": "Point", "coordinates": [126.66, 5.52]}, "properties": {"id": "PH-3087", "datetime_utc": "2019-09-29T02:02:50Z", "year": 2019, "mag": 6.4, "mag_type": "Mw", "depth_km": 63.0, "mw": 6.4}}, {"type": "Feature", "geometry": {"type": "Point", "coordinates": [126.63, 5.43]}, "properties": {"id": "PH-3088", "datetime_utc": "2019-09-29T07:40:14Z", "year": 2019, "mag": 5.3, "mag_type": "Mw", "depth_km": 58.0, "mw": 5.3}}, {"type": "Feature", "geometry": {"type": "Point", "coordinates": [125.01, 6.76]}, "properties": {"id": "PH-3089", "datetime_utc": "2019-10-16T11:37:05Z", "year": 2019, "mag": 6.3, "mag_type": "Ms", "depth_km": 9.0, "ms": 6.3}}, {"type": "Feature", "geometry": {"type": "Point", "coordinates": [125.01, 6.76]}, "properties": {"id": "PH-3090", "datetime_utc": "2019-10-16T12:09:29Z", "year": 2019, "mag": 5.5, "mag_type": "Ms", "depth_km": 9.0, "ms": 5.5}}, {"type": "Feature", "geometry": {"type": "Point", "coordinates": [126.6, 7.25]}, "properties": {"id": "PH-3091", "datetime_utc": "2019-10-16T20:53:52Z", "year": 2019, "mag": 5.2, "mag_type": "Ms", "depth_km": 128.0, "ms": 5.2}}, {"type": "Feature", "geometry": {"type": "Point", "coordinates": [126.42, 4.55]}, "properties": {"id": "PH-3092", "datetime_utc": "2019-10-17T01:28:47Z", "year": 2019, "mag": 5.3, "mag_type": "Ms", "depth_km": 66.0, "ms": 5.3}}, {"type": "Feature", "geometry": {"type": "Point", "coordinates": [124.98, 6.79]}, "properties": {"id": "PH-3093", "datetime_utc": "2019-10-17T06:18:19Z", "year": 2019, "mag": 5.2, "mag_type": "Ms", "depth_km": 1.0, "ms": 5.2}}, {"type": "Feature", "geometry": {"type": "Point", "coordinates": [125.0, 6.83]}, "properties": {"id": "PH-3094", "datetime_utc": "2019-10-18T22:52:15Z", "year": 2019, "mag": 5.0, "mag_type": "Ms", "depth_km": 17.0, "ms": 5.0}}, {"type": "Feature", "geometry": {"type": "Point", "coordinates": [125.03, 6.81]}, "properties": {"id": "PH-3095", "datetime_utc": "2019-10-29T01:04:43Z", "year": 2019, "mag": 6.6, "mag_type": "Ms", "depth_km": 7.0, "ms": 6.6}}, {"type": "Feature", "geometry": {"type": "Point", "coordinates": [125.02, 6.85]}, "properties": {"id": "PH-3096", "datetime_utc": "2019-10-29T02:42:38Z", "year": 2019, "mag": 6.1, "mag_type": "Ms", "depth_km": 11.0, "ms": 6.1}}, {"type": "Feature", "geometry": {"type": "Point", "coordinates": [125.0, 7.03]}, "properties": {"id": "PH-3097", "datetime_utc": "2019-10-29T08:33:13Z", "year": 2019, "mag": 5.4, "mag_type": "Ml", "depth_km": 2.0, "ml": 5.4}}, {"type": "Feature", "geometry": {"type": "Point", "coordinates": [125.06, 6.86]}, "properties": {"id": "PH-3098", "datetime_utc": "2019-10-29T21:22:07Z", "year": 2019, "mag": 5.0, "mag_type": "Ms", "depth_km": 5.0, "ms": 5.0}}, {"type": "Feature", "geometry": {"type": "Point", "coordinates": [125.06, 6.92]}, "properties": {"id": "PH-3099", "datetime_utc": "2019-10-31T01:11:18Z", "year": 2019, "mag": 6.5, "mag_type": "Ms", "depth_km": 8.0, "ms": 6.5}}, {"type": "Feature", "geometry": {"type": "Point", "coordinates": [126.82, 2.73]}, "properties": {"id": "PH-3100", "datetime_utc": "2019-11-01T02:33:54Z", "year": 2019, "mag": 5.5, "mag_type": "Ms", "depth_km": 33.0, "ms": 5.5}}, {"type": "Feature", "geometry": {"type": "Point", "coordinates": [125.11, 6.8]}, "properties": {"id": "PH-3101", "datetime_utc": "2019-11-01T06:07:55Z", "year": 2019, "mag": 5.0, "mag_type": "Ms", "depth_km": 2.0, "ms": 5.0}}, {"type": "Feature", "geometry": {"type": "Point", "coordinates": [122.65, 14.98]}, "properties": {"id": "PH-3102", "datetime_utc": "2019-11-06T20:52:56Z", "year": 2019, "mag": 5.5, "mag_type": "Ms", "depth_km": 7.0, "ms": 5.5}}, {"type": "Feature", "geometry": {"type": "Point", "coordinates": [125.63, 10.75]}, "properties": {"id": "PH-3103", "datetime_utc": "2019-11-08T05:31:42Z", "year": 2019, "mag": 5.2, "mag_type": "Mw", "depth_km": 23.0, "mw": 5.2}}, {"type": "Feature", "geometry": {"type": "Point", "coordinates": [127.82, 4.78]}, "properties": {"id": "PH-3104", "datetime_utc": "2019-11-08T19:57:17Z", "year": 2019, "mag": 5.0, "mag_type": "Ms", "depth_km": 89.0, "ms": 5.0}}, {"type": "Feature", "geometry": {"type": "Point", "coordinates": [124.89, 7.67]}, "properties": {"id": "PH-3105", "datetime_utc": "2019-11-18T13:22:08Z", "year": 2019, "mag": 5.9, "mag_type": "Mw", "depth_km": 6.0, "mw": 5.9}}, {"type": "Feature", "geometry": {"type": "Point", "coordinates": [127.0, 5.24]}, "properties": {"id": "PH-3106", "datetime_utc": "2019-12-05T12:24:40Z", "year": 2019, "mag": 5.6, "mag_type": "Ms", "depth_km": 33.0, "ms": 5.6}}, {"type": "Feature", "geometry": {"type": "Point", "coordinates": [125.13, 6.76]}, "properties": {"id": "PH-3107", "datetime_utc": "2019-12-15T06:11:49Z", "year": 2019, "mag": 6.9, "mag_type": "Ms", "depth_km": 9.0, "ms": 6.9}}, {"type": "Feature", "geometry": {"type": "Point", "coordinates": [125.36, 6.61]}, "properties": {"id": "PH-3108", "datetime_utc": "2019-12-15T07:09:20Z", "year": 2019, "mag": 5.2, "mag_type": "Ms", "depth_km": 1.0, "ms": 5.2}}, {"type": "Feature", "geometry": {"type": "Point", "coordinates": [125.32, 6.53]}, "properties": {"id": "PH-3109", "datetime_utc": "2019-12-17T20:18:05Z", "year": 2019, "mag": 5.3, "mag_type": "Ms", "depth_km": 10.0, "ms": 5.3}}, {"type": "Feature", "geometry": {"type": "Point", "coordinates": [126.72, 3.64]}, "properties": {"id": "PH-3110", "datetime_utc": "2019-12-25T16:56:20Z", "year": 2019, "mag": 5.4, "mag_type": "Ms", "depth_km": 34.0, "ms": 5.4}}, {"type": "Feature", "geometry": {"type": "Point", "coordinates": [126.35, 6.01]}, "properties": {"id": "PH-3111", "datetime_utc": "2020-01-05T18:58:50Z", "year": 2020, "mag": 5.4, "mag_type": "Mw", "depth_km": 58.0, "mw": 5.4}}, {"type": "Feature", "geometry": {"type": "Point", "coordinates": [125.52, 5.45]}, "properties": {"id": "PH-3112", "datetime_utc": "2020-01-05T19:25:35Z", "year": 2020, "mag": 5.0, "mag_type": "Ms", "depth_km": 1.0, "ms": 5.0}}, {"type": "Feature", "geometry": {"type": "Point", "coordinates": [126.27, 9.42]}, "properties": {"id": "PH-3113", "datetime_utc": "2020-01-11T22:53:46Z", "year": 2020, "mag": 5.0, "mag_type": "Ms", "depth_km": 28.0, "ms": 5.0}}, {"type": "Feature", "geometry": {"type": "Point", "coordinates": [126.56, 5.28]}, "properties": {"id": "PH-3114", "datetime_utc": "2020-02-06T13:40:02Z", "year": 2020, "mag": 6.1, "mag_type": "Mw", "depth_km": 1.0, "mw": 6.1}}, {"type": "Feature", "geometry": {"type": "Point", "coordinates": [125.68, 5.67]}, "properties": {"id": "PH-3115", "datetime_utc": "2020-02-20T09:54:06Z", "year": 2020, "mag": 5.4, "mag_type": "Mw", "depth_km": 193.0, "mw": 5.4}}, {"type": "Feature", "geometry": {"type": "Point", "coordinates": [126.01, 3.88]}, "properties": {"id": "PH-3116", "datetime_utc": "2020-02-27T19:13:03Z", "year": 2020, "mag": 5.5, "mag_type": "Ms", "depth_km": 135.0, "ms": 5.5}}, {"type": "Feature", "geometry": {"type": "Point", "coordinates": [124.55, 11.32]}, "properties": {"id": "PH-3117", "datetime_utc": "2020-03-01T21:19:20Z", "year": 2020, "mag": 5.4, "mag_type": "Mw", "depth_km": 10.0, "mw": 5.4}}, {"type": "Feature", "geometry": {"type": "Point", "coordinates": [118.94, 14.66]}, "properties": {"id": "PH-3118", "datetime_utc": "2020-03-12T22:00:47Z", "year": 2020, "mag": 5.0, "mag_type": "Ms", "depth_km": 33.0, "ms": 5.0}}, {"type": "Feature", "geometry": {"type": "Point", "coordinates": [127.62, 2.83]}, "properties": {"id": "PH-3119", "datetime_utc": "2020-03-18T03:13:28Z", "year": 2020, "mag": 5.4, "mag_type": "Ms", "depth_km": 168.0, "ms": 5.4}}, {"type": "Feature", "geometry": {"type": "Point", "coordinates": [124.23, 14.78]}, "properties": {"id": "PH-3120", "datetime_utc": "2020-03-19T20:08:18Z", "year": 2020, "mag": 5.0, "mag_type": "Ms", "depth_km": 8.0, "ms": 5.0}}, {"type": "Feature", "geometry": {"type": "Point", "coordinates": [125.1, 5.46]}, "properties": {"id": "PH-3121", "datetime_utc": "2020-03-26T03:38:02Z", "year": 2020, "mag": 6.1, "mag_type": "Ms", "depth_km": 48.0, "ms": 6.1}}, {"type": "Feature", "geometry": {"type": "Point", "coordinates": [122.08, 20.51]}, "properties": {"id": "PH-3122", "datetime_utc": "2020-04-10T16:44:56Z", "year": 2020, "mag": 6.0, "mag_type": "Mw", "depth_km": 171.0, "mw": 6.0}}, {"type": "Feature", "geometry": {"type": "Point", "coordinates": [126.6, 5.61]}, "properties": {"id": "PH-3123", "datetime_utc": "2020-04-10T18:45:49Z", "year": 2020, "mag": 5.1, "mag_type": "Ms", "depth_km": 75.0, "ms": 5.1}}, {"type": "Feature", "geometry": {"type": "Point", "coordinates": [126.95, 2.42]}, "properties": {"id": "PH-3124", "datetime_utc": "2020-04-11T20:23:47Z", "year": 2020, "mag": 5.1, "mag_type": "Ms", "depth_km": 126.0, "ms": 5.1}}, {"type": "Feature", "geometry": {"type": "Point", "coordinates": [125.14, 11.42]}, "properties": {"id": "PH-3125", "datetime_utc": "2020-04-15T01:07:54Z", "year": 2020, "mag": 5.1, "mag_type": "Ms", "depth_km": 87.0, "ms": 5.1}}, {"type": "Feature", "geometry": {"type": "Point", "coordinates": [121.94, 19.71]}, "properties": {"id": "PH-3126", "datetime_utc": "2020-04-15T02:01:07Z", "year": 2020, "mag": 5.0, "mag_type": "Ms", "depth_km": 9.0, "ms": 5.0}}, {"type": "Feature", "geometry": {"type": "Point", "coordinates": [126.12, 3.92]}, "properties": {"id": "PH-3127", "datetime_utc": "2020-04-19T01:09:33Z", "year": 2020, "mag": 5.1, "mag_type": "Ms", "depth_km": 102.0, "ms": 5.1}}, {"type": "Feature", "geometry": {"type": "Point", "coordinates": [127.06, 5.82]}, "properties": {"id": "PH-3128", "datetime_utc": "2020-04-26T23:48:43Z", "year": 2020, "mag": 5.2, "mag_type": "Ms", "depth_km": 43.0, "ms": 5.2}}, {"type": "Feature", "geometry": {"type": "Point", "coordinates": [120.22, 14.03]}, "properties": {"id": "PH-3129", "datetime_utc": "2020-05-09T19:18:12Z", "year": 2020, "mag": 5.4, "mag_type": "Mw", "depth_km": 82.0, "mw": 5.4}}, {"type": "Feature", "geometry": {"type": "Point", "coordinates": [126.12, 5.03]}, "properties": {"id": "PH-3130", "datetime_utc": "2020-05-20T12:45:05Z", "year": 2020, "mag": 5.0, "mag_type": "Mw", "depth_km": 75.0, "mw": 5.0}}, {"type": "Feature", "geometry": {"type": "Point", "coordinates": [121.52, 15.57]}, "properties": {"id": "PH-3131", "datetime_utc": "2020-05-23T02:10:24Z", "year": 2020, "mag": 5.1, "mag_type": "Mw", "depth_km": 7.0, "mw": 5.1}}, {"type": "Feature", "geometry": {"type": "Point", "coordinates": [120.2, 16.72]}, "properties": {"id": "PH-3132", "datetime_utc": "2020-05-28T05:17:30Z", "year": 2020, "mag": 5.2, "mag_type": "Mw", "depth_km": 57.0, "mw": 5.2}}, {"type": "Feature", "geometry": {"type": "Point", "coordinates": [126.53, 3.66]}, "properties": {"id": "PH-3133", "datetime_utc": "2020-05-30T13:06:22Z", "year": 2020, "mag": 5.6, "mag_type": "Mw", "depth_km": 71.0, "mw": 5.6}}, {"type": "Feature", "geometry": {"type": "Point", "coordinates": [128.83, 2.92]}, "properties": {"id": "PH-3134", "datetime_utc": "2020-06-04T08:49:33Z", "year": 2020, "mag": 6.6, "mag_type": "Mw", "depth_km": 123.0, "mw": 6.6}}, {"type": "Feature", "geometry": {"type": "Point", "coordinates": [121.07, 12.74]}, "properties": {"id": "PH-3135", "datetime_utc": "2020-06-05T13:37:56Z", "year": 2020, "mag": 5.1, "mag_type": "Mw", "depth_km": 15.0, "mw": 5.1}}, {"type": "Feature", "geometry": {"type": "Point", "coordinates": [119.93, 17.21]}, "properties": {"id": "PH-3136", "datetime_utc": "2020-06-22T08:02:43Z", "year": 2020, "mag": 5.0, "mag_type": "Mw", "depth_km": 4.0, "mw": 5.0}}, {"type": "Feature", "geometry": {"type": "Point", "coordinates": [121.19, 19.11]}, "properties": {"id": "PH-3137", "datetime_utc": "2020-06-26T11:54:58Z", "year": 2020, "mag": 5.4, "mag_type": "Mw", "depth_km": 29.0, "mw": 5.4}}, {"type": "Feature", "geometry": {"type": "Point", "coordinates": [126.93, 6.35]}, "properties": {"id": "PH-3138", "datetime_utc": "2020-07-26T03:12:25Z", "year": 2020, "mag": 5.6, "mag_type": "Ms", "depth_km": 63.0, "ms": 5.6}}, {"type": "Feature", "geometry": {"type": "Point", "coordinates": [126.57, 8.89]}, "properties": {"id": "PH-3139", "datetime_utc": "2020-07-27T17:32:44Z", "year": 2020, "mag": 5.8, "mag_type": "Mw", "depth_km": 45.0, "mw": 5.8}}, {"type": "Feature", "geometry": {"type": "Point", "coordinates": [126.84, 8.51]}, "properties": {"id": "PH-3140", "datetime_utc": "2020-07-31T06:06:39Z", "year": 2020, "mag": 5.7, "mag_type": "Mw", "depth_km": 19.0, "mw": 5.7}}, {"type": "Feature", "geometry": {"type": "Point", "coordinates": [124.32, 7.2]}, "properties": {"id": "PH-3141", "datetime_utc": "2020-08-01T17:08:56Z", "year": 2020, "mag": 6.4, "mag_type": "Mw", "depth_km": 537.0, "mw": 6.4}}, {"type": "Feature", "geometry": {"type": "Point", "coordinates": [121.24, 19.98]}, "properties": {"id": "PH-3142", "datetime_utc": "2020-08-12T22:32:39Z", "year": 2020, "mag": 5.4, "mag_type": "Mw", "depth_km": 20.0, "mw": 5.4}}, {"type": "Feature", "geometry": {"type": "Point", "coordinates": [123.64, 6.4]}, "properties": {"id": "PH-3143", "datetime_utc": "2020-08-15T19:22:27Z", "year": 2020, "mag": 5.1, "mag_type": "Ms", "depth_km": 611.0, "ms": 5.1}}, {"type": "Feature", "geometry": {"type": "Point", "coordinates": [122.11, 19.69]}, "properties": {"id": "PH-3144", "datetime_utc": "2020-08-16T02:53:11Z", "year": 2020, "mag": 5.0, "mag_type": "Mw", "depth_km": 3.0, "mw": 5.0}}, {"type": "Feature", "geometry": {"type": "Point", "coordinates": [124.01, 11.98]}, "properties": {"id": "PH-3145", "datetime_utc": "2020-08-18T00:03:47Z", "year": 2020, "mag": 6.6, "mag_type": "Mw", "depth_km": 13.0, "mw": 6.6}}, {"type": "Feature", "geometry": {"type": "Point", "coordinates": [124.07, 11.86]}, "properties": {"id": "PH-3146", "datetime_utc": "2020-08-18T21:50:43Z", "year": 2020, "mag": 5.1, "mag_type": "Mw", "depth_km": 2.0, "mw": 5.1}}, {"type": "Feature", "geometry": {"type": "Point", "coordinates": [125.92, 6.08]}, "properties": {"id": "PH-3147", "datetime_utc": "2020-09-06T15:23:39Z", "year": 2020, "mag": 6.4, "mag_type": "Mw", "depth_km": 143.0, "mw": 6.4}}, {"type": "Feature", "geometry": {"type": "Point", "coordinates": [126.74, 3.79]}, "properties": {"id": "PH-3148", "datetime_utc": "2020-09-09T03:41:05Z", "year": 2020, "mag": 5.5, "mag_type": "Mw", "depth_km": 1.0, "mw": 5.5}}, {"type": "Feature", "geometry": {"type": "Point", "coordinates": [126.28, 3.44]}, "properties": {"id": "PH-3149", "datetime_utc": "2020-09-09T07:18:30Z", "year": 2020, "mag": 5.9, "mag_type": "Mw", "depth_km": 1.0, "mw": 5.9}}, {"type": "Feature", "geometry": {"type": "Point", "coordinates": [125.66, 6.6]}, "properties": {"id": "PH-3150", "datetime_utc": "2020-09-20T13:28:27Z", "year": 2020, "mag": 5.0, "mag_type": "Mw", "depth_km": 171.0, "mw": 5.0}}, {"type": "Feature", "geometry": {"type": "Point", "coordinates": [127.02, 9.26]}, "properties": {"id": "PH-3151", "datetime_utc": "2020-09-20T22:13:13Z", "year": 2020, "mag": 5.7, "mag_type": "Mw", "depth_km": 22.0, "mw": 5.7}}, {"type": "Feature", "geometry": {"type": "Point", "coordinates": [127.04, 9.38]}, "properties": {"id": "PH-3152", "datetime_utc": "2020-09-20T22:21:46Z", "year": 2020, "mag": 5.2, "mag_type": "Mw", "depth_km": 7.0, "mw": 5.2}}, {"type": "Feature", "geometry": {"type": "Point", "coordinates": [126.88, 9.35]}, "properties": {"id": "PH-3153", "datetime_utc": "2020-09-24T02:25:58Z", "year": 2020, "mag": 5.2, "mag_type": "Mw", "depth_km": 16.0, "mw": 5.2}}, {"type": "Feature", "geometry": {"type": "Point", "coordinates": [126.59, 9.23]}, "properties": {"id": "PH-3154", "datetime_utc": "2020-09-30T22:10:50Z", "year": 2020, "mag": 5.3, "mag_type": "Mw", "depth_km": 15.0, "mw": 5.3}}, {"type": "Feature", "geometry": {"type": "Point", "coordinates": [120.55, 13.66]}, "properties": {"id": "PH-3155", "datetime_utc": "2020-10-04T18:16:53Z", "year": 2020, "mag": 5.6, "mag_type": "Mw", "depth_km": 120.0, "mw": 5.6}}, {"type": "Feature", "geometry": {"type": "Point", "coordinates": [126.24, 9.8]}, "properties": {"id": "PH-3156", "datetime_utc": "2020-10-12T19:21:35Z", "year": 2020, "mag": 5.0, "mag_type": "Mw", "depth_km": 55.0, "mw": 5.0}}, {"type": "Feature", "geometry": {"type": "Point", "coordinates": [120.11, 13.58]}, "properties": {"id": "PH-3157", "datetime_utc": "2020-10-16T20:06:24Z", "year": 2020, "mag": 5.4, "mag_type": "Mw", "depth_km": 29.0, "mw": 5.4}}, {"type": "Feature", "geometry": {"type": "Point", "coordinates": [120.86, 13.75]}, "properties": {"id": "PH-3158", "datetime_utc": "2020-10-29T05:25:43Z", "year": 2020, "mag": 5.0, "mag_type": "Mw", "depth_km": 4.0, "mw": 5.0}}, {"type": "Feature", "geometry": {"type": "Point", "coordinates": [126.21, 10.03]}, "properties": {"id": "PH-3159", "datetime_utc": "2020-11-04T18:27:46Z", "year": 2020, "mag": 5.1, "mag_type": "Mw", "depth_km": 18.0, "mw": 5.1}}, {"type": "Feature", "geometry": {"type": "Point", "coordinates": [126.1, 10.15]}, "properties": {"id": "PH-3160", "datetime_utc": "2020-11-11T19:18:25Z", "year": 2020, "mag": 5.3, "mag_type": "Ms", "depth_km": 14.0, "ms": 5.3}}, {"type": "Feature", "geometry": {"type": "Point", "coordinates": [124.16, 11.81]}, "properties": {"id": "PH-3161", "datetime_utc": "2020-11-15T06:35:12Z", "year": 2020, "mag": 5.0, "mag_type": "Mw", "depth_km": 10.0, "mw": 5.0}}, {"type": "Feature", "geometry": {"type": "Point", "coordinates": [126.49, 8.61]}, "properties": {"id": "PH-3162", "datetime_utc": "2020-11-15T22:37:43Z", "year": 2020, "mag": 6.0, "mag_type": "Mw", "depth_km": 54.0, "mw": 6.0}}, {"type": "Feature", "geometry": {"type": "Point", "coordinates": [124.52, 13.04]}, "properties": {"id": "PH-3163", "datetime_utc": "2020-12-07T14:37:23Z", "year": 2020, "mag": 5.4, "mag_type": "Mw", "depth_km": 79.0, "mw": 5.4}}, {"type": "Feature", "geometry": {"type": "Point", "coordinates": [125.43, 4.87]}, "properties": {"id": "PH-3164", "datetime_utc": "2020-12-15T23:21:54Z", "year": 2020, "mag": 6.2, "mag_type": "Mw", "depth_km": 20.0, "mw": 6.2}}, {"type": "Feature", "geometry": {"type": "Point", "coordinates": [120.53, 13.76]}, "properties": {"id": "PH-3165", "datetime_utc": "2020-12-24T23:43:41Z", "year": 2020, "mag": 6.3, "mag_type": "Mw", "depth_km": 107.0, "mw": 6.3}}, {"type": "Feature", "geometry": {"type": "Point", "coordinates": [125.97, 4.91]}, "properties": {"id": "PH-3166", "datetime_utc": "2020-12-25T02:00:31Z", "year": 2020, "mag": 5.2, "mag_type": "Ms", "depth_km": 88.0, "ms": 5.2}}, {"type": "Feature", "geometry": {"type": "Point", "coordinates": [122.31, 13.36]}, "properties": {"id": "PH-3167", "datetime_utc": "2020-12-25T10:04:32Z", "year": 2020, "mag": 5.2, "mag_type": "Mw", "depth_km": 4.0, "mw": 5.2}}, {"type": "Feature", "geometry": {"type": "Point", "coordinates": [125.45, 5.01]}, "properties": {"id": "PH-3168", "datetime_utc": "2020-12-29T16:21:45Z", "year": 2020, "mag": 5.5, "mag_type": "Mw", "depth_km": 68.0, "mw": 5.5}}, {"type": "Feature", "geometry": {"type": "Point", "coordinates": [120.55, 19.0]}, "properties": {"id": "PH-3169", "datetime_utc": "2021-01-12T01:38:15Z", "year": 2021, "mag": 5.1, "mag_type": "Ms", "depth_km": 15.0, "ms": 5.1}}, {"type": "Feature", "geometry": {"type": "Point", "coordinates": [127.61, 5.09]}, "properties": {"id": "PH-3170", "datetime_utc": "2021-01-21T12:23:05Z", "year": 2021, "mag": 7.1, "mag_type": "Mw", "depth_km": 102.0, "mw": 7.1}}, {"type": "Feature", "geometry": {"type": "Point", "coordinates": [127.61, 5.12]}, "properties": {"id": "PH-3171", "datetime_utc": "2021-01-21T22:45:49Z", "year": 2021, "mag": 5.0, "mag_type": "Ms", "depth_km": 96.0, "ms": 5.0}}, {"type": "Feature", "geometry": {"type": "Point", "coordinates": [126.88, 9.11]}, "properties": {"id": "PH-3172", "datetime_utc": "2021-01-24T14:26:39Z", "year": 2021, "mag": 5.2, "mag_type": "Mw", "depth_km": 12.0, "mw": 5.2}}, {"type": "Feature", "geometry": {"type": "Point", "coordinates": [126.57, 3.62]}, "properties": {"id": "PH-3173", "datetime_utc": "2021-02-02T14:37:34Z", "year": 2021, "mag": 5.2, "mag_type": "Ms", "depth_km": 25.0, "ms": 5.2}}, {"type": "Feature", "geometry": {"type": "Point", "coordinates": [118.8, 14.6]}, "properties": {"id": "PH-3174", "datetime_utc": "2021-02-04T07:48:09Z", "year": 2021, "mag": 5.1, "mag_type": "Mw", "depth_km": 16.0, "mw": 5.1}}, {"type": "Feature", "geometry": {"type": "Point", "coordinates": [121.77, 21.11]}, "properties": {"id": "PH-3175", "datetime_utc": "2021-02-04T08:14:06Z", "year": 2021, "mag": 5.6, "mag_type": "Mw", "depth_km": 7.0, "mw": 5.6}}, {"type": "Feature", "geometry": {"type": "Point", "coordinates": [123.14, 14.6]}, "properties": {"id": "PH-3176", "datetime_utc": "2021-02-04T22:00:40Z", "year": 2021, "mag": 5.1, "mag_type": "Mw", "depth_km": 1.0, "mw": 5.1}}, {"type": "Feature", "geometry": {"type": "Point", "coordinates": [125.11, 6.75]}, "properties": {"id": "PH-3177", "datetime_utc": "2021-02-07T04:22:55Z", "year": 2021, "mag": 6.1, "mag_type": "Mw", "depth_km": 10.0, "mw": 6.1}}, {"type": "Feature", "geometry": {"type": "Point", "coordinates": [127.15, 5.74]}, "properties": {"id": "PH-3178", "datetime_utc": "2021-02-08T00:00:42Z", "year": 2021, "mag": 5.7, "mag_type": "Mw", "depth_km": 62.0, "mw": 5.7}}, {"type": "Feature", "geometry": {"type": "Point", "coordinates": [120.71, 11.9]}, "properties": {"id": "PH-3179", "datetime_utc": "2021-02-08T23:24:38Z", "year": 2021, "mag": 5.0, "mag_type": "Mw", "depth_km": 23.0, "mw": 5.0}}, {"type": "Feature", "geometry": {"type": "Point", "coordinates": [126.43, 2.89]}, "properties": {"id": "PH-3180", "datetime_utc": "2021-02-23T22:25:53Z", "year": 2021, "mag": 5.2, "mag_type": "Mw", "depth_km": 110.0, "mw": 5.2}}, {"type": "Feature", "geometry": {"type": "Point", "coordinates": [119.25, 15.78]}, "properties": {"id": "PH-3181", "datetime_utc": "2021-03-11T07:24:35Z", "year": 2021, "mag": 5.1, "mag_type": "Ms", "depth_km": 13.0, "ms": 5.1}}, {"type": "Feature", "geometry": {"type": "Point", "coordinates": [126.89, 4.33]}, "properties": {"id": "PH-3182", "datetime_utc": "2021-03-12T20:13:55Z", "year": 2021, "mag": 5.0, "mag_type": "Ms", "depth_km": 63.0, "ms": 5.0}}, {"type": "Feature", "geometry": {"type": "Point", "coordinates": [126.58, 3.41]}, "properties": {"id": "PH-3183", "datetime_utc": "2021-03-31T22:12:22Z", "year": 2021, "mag": 5.2, "mag_type": "Ms", "depth_km": 27.0, "ms": 5.2}}, {"type": "Feature", "geometry": {"type": "Point", "coordinates": [126.58, 3.41]}, "properties": {"id": "PH-3184", "datetime_utc": "2021-04-01T10:12:22Z", "year": 2021, "mag": 5.2, "mag_type": "Ms", "depth_km": 27.0, "ms": 5.2}}, {"type": "Feature", "geometry": {"type": "Point", "coordinates": [126.68, 5.74]}, "properties": {"id": "PH-3185", "datetime_utc": "2021-04-06T20:08:45Z", "year": 2021, "mag": 5.1, "mag_type": "Mw", "depth_km": 98.0, "mw": 5.1}}, {"type": "Feature", "geometry": {"type": "Point", "coordinates": [124.88, 3.98]}, "properties": {"id": "PH-3186", "datetime_utc": "2021-04-10T09:30:42Z", "year": 2021, "mag": 6.1, "mag_type": "Mw", "depth_km": 326.0, "mw": 6.1}}, {"type": "Feature", "geometry": {"type": "Point", "coordinates": [127.0, 5.44]}, "properties": {"id": "PH-3187", "datetime_utc": "2021-04-13T18:38:43Z", "year": 2021, "mag": 5.1, "mag_type": "Mw", "depth_km": 34.0, "mw": 5.1}}, {"type": "Feature", "geometry": {"type": "Point", "coordinates": [120.57, 13.9]}, "properties": {"id": "PH-3188", "datetime_utc": "2021-04-13T18:39:55Z", "year": 2021, "mag": 5.0, "mag_type": "Mw", "depth_km": 198.0, "mw": 5.0}}, {"type": "Feature", "geometry": {"type": "Point", "coordinates": [126.77, 3.3]}, "properties": {"id": "PH-3189", "datetime_utc": "2021-04-16T20:55:10Z", "year": 2021, "mag": 5.4, "mag_type": "Mw", "depth_km": 58.0, "mw": 5.4}}, {"type": "Feature", "geometry": {"type": "Point", "coordinates": [125.12, 6.76]}, "properties": {"id": "PH-3190", "datetime_utc": "2021-05-06T06:21:21Z", "year": 2021, "mag": 5.1, "mag_type": "Mw", "depth_km": 19.0, "mw": 5.1}}, {"type": "Feature", "geometry": {"type": "Point", "coordinates": [126.58, 5.46]}, "properties": {"id": "PH-3191", "datetime_utc": "2021-05-10T17:25:55Z", "year": 2021, "mag": 5.3, "mag_type": "Mw", "depth_km": 60.0, "mw": 5.3}}, {"type": "Feature", "geometry": {"type": "Point", "coordinates": [120.65, 13.52]}, "properties": {"id": "PH-3192", "datetime_utc": "2021-05-12T01:09:27Z", "year": 2021, "mag": 5.8, "mag_type": "Mw", "depth_km": 108.0, "mw": 5.8}}, {"type": "Feature", "geometry": {"type": "Point", "coordinates": [128.72, 4.76]}, "properties": {"id": "PH-3193", "datetime_utc": "2021-05-12T18:20:33Z", "year": 2021, "mag": 5.6, "mag_type": "Mw", "depth_km": 38.0, "mw": 5.6}}, {"type": "Feature", "geometry": {"type": "Point", "coordinates": [126.84, 5.51]}, "properties": {"id": "PH-3194", "datetime_utc": "2021-05-21T23:56:18Z", "year": 2021, "mag": 5.2, "mag_type": "Ms", "depth_km": 52.0, "ms": 5.2}}, {"type": "Feature", "geometry": {"type": "Point", "coordinates": [127.55, 5.1]}, "properties": {"id": "PH-3195", "datetime_utc": "2021-05-23T02:02:09Z", "year": 2021, "mag": 5.6, "mag_type": "Mw", "depth_km": 113.0, "mw": 5.6}}, {"type": "Feature", "geometry": {"type": "Point", "coordinates": [119.17, 14.76]}, "properties": {"id": "PH-3196", "datetime_utc": "2021-05-23T04:41:32Z", "year": 2021, "mag": 5.0, "mag_type": "Mw", "depth_km": 33.0, "mw": 5.0}}, {"type": "Feature", "geometry": {"type": "Point", "coordinates": [126.3, 10.16]}, "properties": {"id": "PH-3197", "datetime_utc": "2021-06-06T03:20:58Z", "year": 2021, "mag": 5.1, "mag_type": "Mw", "depth_km": 8.0, "mw": 5.1}}, {"type": "Feature", "geometry": {"type": "Point", "coordinates": [126.28, 10.22]}, "properties": {"id": "PH-3198", "datetime_utc": "2021-06-07T21:41:08Z", "year": 2021, "mag": 5.3, "mag_type": "Mw", "depth_km": 5.0, "mw": 5.3}}, {"type": "Feature", "geometry": {"type": "Point", "coordinates": [126.17, 5.77]}, "properties": {"id": "PH-3199", "datetime_utc": "2021-06-10T02:42:24Z", "year": 2021, "mag": 5.1, "mag_type": "Mw", "depth_km": 48.0, "mw": 5.1}}, {"type": "Feature", "geometry": {"type": "Point", "coordinates": [124.85, 7.66]}, "properties": {"id": "PH-3200", "datetime_utc": "2021-06-14T14:38:40Z", "year": 2021, "mag": 5.7, "mag_type": "Mw", "depth_km": 12.0, "mw": 5.7}}, {"type": "Feature", "geometry": {"type": "Point", "coordinates": [124.86, 7.67]}, "properties": {"id": "PH-3201", "datetime_utc": "2021-06-14T14:49:42Z", "year": 2021, "mag": 5.2, "mag_type": "Mw", "depth_km": 2.0, "mw": 5.2}}, {"type": "Feature", "geometry": {"type": "Point", "coordinates": [126.37, 8.89]}, "properties": {"id": "PH-3202", "datetime_utc": "2021-06-27T07:14:10Z", "year": 2021, "mag": 5.1, "mag_type": "Mw", "depth_km": 33.0, "mw": 5.1}}, {"type": "Feature", "geometry": {"type": "Point", "coordinates": [125.86, 3.99]}, "properties": {"id": "PH-3203", "datetime_utc": "2021-06-28T19:35:28Z", "year": 2021, "mag": 5.0, "mag_type": "Ms", "depth_km": 146.0, "ms": 5.0}}, {"type": "Feature", "geometry": {"type": "Point", "coordinates": [126.59, 4.93]}, "properties": {"id": "PH-3204", "datetime_utc": "2021-07-08T10:09:12Z", "year": 2021, "mag": 5.2, "mag_type": "Mw", "depth_km": 12.0, "mw": 5.2}}, {"type": "Feature", "geometry": {"type": "Point", "coordinates": [126.63, 2.52]}, "properties": {"id": "PH-3205", "datetime_utc": "2021-07-10T00:43:49Z", "year": 2021, "mag": 6.2, "mag_type": "Mw", "depth_km": 64.0, "mw": 6.2}}, {"type": "Feature", "geometry": {"type": "Point", "coordinates": [126.61, 2.69]}, "properties": {"id": "PH-3206", "datetime_utc": "2021-07-10T00:51:06Z", "year": 2021, "mag": 5.4, "mag_type": "Ms", "depth_km": 76.0, "ms": 5.4}}, {"type": "Feature", "geometry": {"type": "Point", "coordinates": [126.43, 6.26]}, "properties": {"id": "PH-3207", "datetime_utc": "2021-07-18T00:09:31Z", "year": 2021, "mag": 5.4, "mag_type": "Mw", "depth_km": 63.0, "mw": 5.4}}, {"type": "Feature", "geometry": {"type": "Point", "coordinates": [126.74, 5.58]}, "properties": {"id": "PH-3208", "datetime_utc": "2021-07-20T20:26:46Z", "year": 2021, "mag": 5.3, "mag_type": "Mw", "depth_km": 79.0, "mw": 5.3}}, {"type": "Feature", "geometry": {"type": "Point", "coordinates": [120.57, 13.71]}, "properties": {"id": "PH-3209", "datetime_utc": "2021-07-23T20:48:59Z", "year": 2021, "mag": 6.6, "mag_type": "Mw", "depth_km": 111.0, "mw": 6.6}}, {"type": "Feature", "geometry": {"type": "Point", "coordinates": [120.54, 13.74]}, "properties": {"id": "PH-3210", "datetime_utc": "2021-07-23T20:57:18Z", "year": 2021, "mag": 5.5, "mag_type": "Ms", "depth_km": 101.0, "ms": 5.5}}, {"type": "Feature", "geometry": {"type": "Point", "coordinates": [126.87, 6.3]}, "properties": {"id": "PH-3211", "datetime_utc": "2021-08-11T17:46:12Z", "year": 2021, "mag": 7.1, "mag_type": "Mw", "depth_km": 59.0, "mw": 7.1}}, {"type": "Feature", "geometry": {"type": "Point", "coordinates": [127.41, 6.07]}, "properties": {"id": "PH-3212", "datetime_utc": "2021-08-12T15:42:24Z", "year": 2021, "mag": 5.1, "mag_type": "Mw", "depth_km": 12.0, "mw": 5.1}}, {"type": "Feature", "geometry": {"type": "Point", "coordinates": [127.65, 6.1]}, "properties": {"id": "PH-3213", "datetime_utc": "2021-08-12T15:53:27Z", "year": 2021, "mag": 5.6, "mag_type": "Mw", "depth_km": 24.0, "mw": 5.6}}, {"type": "Feature", "geometry": {"type": "Point", "coordinates": [127.5, 5.93]}, "properties": {"id": "PH-3214", "datetime_utc": "2021-08-12T20:17:02Z", "year": 2021, "mag": 5.3, "mag_type": "Ms", "depth_km": 35.0, "ms": 5.3}}, {"type": "Feature", "geometry": {"type": "Point", "coordinates": [127.58, 6.05]}, "properties": {"id": "PH-3215", "datetime_utc": "2021-08-12T20:28:29Z", "year": 2021, "mag": 5.1, "mag_type": "Ms", "depth_km": 1.0, "ms": 5.1}}, {"type": "Feature", "geometry": {"type": "Point", "coordinates": [120.57, 13.66]}, "properties": {"id": "PH-3216", "datetime_utc": "2021-08-13T15:08:30Z", "year": 2021, "mag": 5.8, "mag_type": "Mw", "depth_km": 124.0, "mw": 5.8}}, {"type": "Feature", "geometry": {"type": "Point", "coordinates": [127.44, 6.21]}, "properties": {"id": "PH-3217", "datetime_utc": "2021-08-13T19:00:30Z", "year": 2021, "mag": 5.2, "mag_type": "Ms", "depth_km": 15.0, "ms": 5.2}}, {"type": "Feature", "geometry": {"type": "Point", "coordinates": [128.34, 5.03]}, "properties": {"id": "PH-3218", "datetime_utc": "2021-08-14T01:27:22Z", "year": 2021, "mag": 5.3, "mag_type": "Ms", "depth_km": 44.0, "ms": 5.3}}, {"type": "Feature", "geometry": {"type": "Point", "coordinates": [126.15, 10.02]}, "properties": {"id": "PH-3219", "datetime_utc": "2021-08-14T10:30:38Z", "year": 2021, "mag": 5.0, "mag_type": "Mw", "depth_km": 33.0, "mw": 5.0}}, {"type": "Feature", "geometry": {"type": "Point", "coordinates": [122.88, 7.21]}, "properties": {"id": "PH-3220", "datetime_utc": "2021-08-25T12:03:12Z", "year": 2021, "mag": 5.0, "mag_type": "Mw", "depth_km": 23.0, "mw": 5.0}}, {"type": "Feature", "geometry": {"type": "Point", "coordinates": [125.24, 5.5]}, "properties": {"id": "PH-3221", "datetime_utc": "2021-08-27T10:22:23Z", "year": 2021, "mag": 5.7, "mag_type": "Mw", "depth_km": 34.0, "mw": 5.7}}, {"type": "Feature", "geometry": {"type": "Point", "coordinates": [124.38, 11.51]}, "properties": {"id": "PH-3222", "datetime_utc": "2021-09-02T07:23:27Z", "year": 2021, "mag": 5.0, "mag_type": "Mw", "depth_km": 7.0, "mw": 5.0}}, {"type": "Feature", "geometry": {"type": "Point", "coordinates": [120.35, 13.82]}, "properties": {"id": "PH-3223", "datetime_utc": "2021-09-26T17:12:04Z", "year": 2021, "mag": 5.7, "mag_type": "Mw", "depth_km": 66.0, "mw": 5.7}}, {"type": "Feature", "geometry": {"type": "Point", "coordinates": [120.86, 12.84]}, "properties": {"id": "PH-3224", "datetime_utc": "2021-10-02T21:59:26Z", "year": 2021, "mag": 5.3, "mag_type": "Mw", "depth_km": 3.0, "mw": 5.3}}, {"type": "Feature", "geometry": {"type": "Point", "coordinates": [120.49, 13.94]}, "properties": {"id": "PH-3225", "datetime_utc": "2021-10-07T18:14:52Z", "year": 2021, "mag": 5.2, "mag_type": "Mw", "depth_km": 131.0, "mw": 5.2}}, {"type": "Feature", "geometry": {"type": "Point", "coordinates": [124.63, 13.0]}, "properties": {"id": "PH-3226", "datetime_utc": "2021-10-28T05:39:03Z", "year": 2021, "mag": 5.0, "mag_type": "Mw", "depth_km": 11.0, "mw": 5.0}}, {"type": "Feature", "geometry": {"type": "Point", "coordinates": [127.17, 6.83]}, "properties": {"id": "PH-3227", "datetime_utc": "2021-11-19T20:08:20Z", "year": 2021, "mag": 5.2, "mag_type": "Mw", "depth_km": 3.0, "mw": 5.2}}, {"type": "Feature", "geometry": {"type": "Point", "coordinates": [127.19, 6.79]}, "properties": {"id": "PH-3228", "datetime_utc": "2021-11-19T20:13:46Z", "year": 2021, "mag": 5.4, "mag_type": "Mw", "depth_km": 4.0, "mw": 5.4}}, {"type": "Feature", "geometry": {"type": "Point", "coordinates": [126.37, 4.47]}, "properties": {"id": "PH-3229", "datetime_utc": "2021-11-27T06:01:50Z", "year": 2021, "mag": 5.4, "mag_type": "Mw", "depth_km": 86.0, "mw": 5.4}}, {"type": "Feature", "geometry": {"type": "Point", "coordinates": [126.12, 6.68]}, "properties": {"id": "PH-3230", "datetime_utc": "2021-11-30T00:56:06Z", "year": 2021, "mag": 5.2, "mag_type": "Mw", "depth_km": 41.0, "mw": 5.2}}, {"type": "Feature", "geometry": {"type": "Point", "coordinates": [128.15, 4.06]}, "properties": {"id": "PH-3231", "datetime_utc": "2021-12-04T23:47:54Z", "year": 2021, "mag": 6.1, "mag_type": "Mw", "depth_km": 173.0, "mw": 6.1}}, {"type": "Feature", "geometry": {"type": "Point", "coordinates": [120.53, 13.63]}, "properties": {"id": "PH-3232", "datetime_utc": "2021-12-13T09:12:31Z", "year": 2021, "mag": 5.5, "mag_type": "Mw", "depth_km": 100.0, "mw": 5.5}}, {"type": "Feature", "geometry": {"type": "Point", "coordinates": [126.53, 10.25]}, "properties": {"id": "PH-3233", "datetime_utc": "2021-12-15T13:11:41Z", "year": 2021, "mag": 5.1, "mag_type": "Mw", "depth_km": 17.0, "mw": 5.1}}, {"type": "Feature", "geometry": {"type": "Point", "coordinates": [120.92, 12.89]}, "properties": {"id": "PH-3234", "datetime_utc": "2021-12-21T04:08:10Z", "year": 2021, "mag": 5.1, "mag_type": "Mw", "depth_km": 7.0, "mw": 5.1}}, {"type": "Feature", "geometry": {"type": "Point", "coordinates": [126.6, 2.2]}, "properties": {"id": "PH-3235", "datetime_utc": "2021-12-22T12:19:58Z", "year": 2021, "mag": 5.1, "mag_type": "Mw", "depth_km": 88.0, "mw": 5.1}}, {"type": "Feature", "geometry": {"type": "Point", "coordinates": [126.37, 2.13]}, "properties": {"id": "PH-3236", "datetime_utc": "2021-12-22T12:27:39Z", "year": 2021, "mag": 5.0, "mag_type": "Ms", "depth_km": 42.0, "ms": 5.0}}, {"type": "Feature", "geometry": {"type": "Point", "coordinates": [119.27, 16.15]}, "properties": {"id": "PH-3237", "datetime_utc": "2021-12-26T00:12:06Z", "year": 2021, "mag": 5.0, "mag_type": "Mw", "depth_km": 12.0, "mw": 5.0}}, {"type": "Feature", "geometry": {"type": "Point", "coordinates": [126.32, 2.14]}, "properties": {"id": "PH-3238", "datetime_utc": "2021-12-26T02:22:54Z", "year": 2021, "mag": 5.3, "mag_type": "Mw", "depth_km": 16.0, "mw": 5.3}}, {"type": "Feature", "geometry": {"type": "Point", "coordinates": [122.21, 21.12]}, "properties": {"id": "PH-3239", "datetime_utc": "2022-01-18T19:10:07Z", "year": 2022, "mag": 5.2, "mag_type": "Ms", "depth_km": 187.0, "ms": 5.2}}, {"type": "Feature", "geometry": {"type": "Point", "coordinates": [126.65, 7.44]}, "properties": {"id": "PH-3240", "datetime_utc": "2022-01-21T20:43:44Z", "year": 2022, "mag": 5.4, "mag_type": "Mw", "depth_km": 115.0, "mw": 5.4}}, {"type": "Feature", "geometry": {"type": "Point", "coordinates": [126.67, 3.41]}, "properties": {"id": "PH-3241", "datetime_utc": "2022-01-22T02:26:11Z", "year": 2022, "mag": 6.1, "mag_type": "Mw", "depth_km": 20.0, "mw": 6.1}}, {"type": "Feature", "geometry": {"type": "Point", "coordinates": [127.3, 6.97]}, "properties": {"id": "PH-3242", "datetime_utc": "2022-01-23T06:23:45Z", "year": 2022, "mag": 5.3, "mag_type": "Ms", "depth_km": 9.0, "ms": 5.3}}, {"type": "Feature", "geometry": {"type": "Point", "coordinates": [127.54, 3.0]}, "properties": {"id": "PH-3243", "datetime_utc": "2022-01-27T06:15:10Z", "year": 2022, "mag": 5.2, "mag_type": "Ms", "depth_km": 183.0, "ms": 5.2}}, {"type": "Feature", "geometry": {"type": "Point", "coordinates": [118.41, 15.5]}, "properties": {"id": "PH-3244", "datetime_utc": "2022-01-30T00:17:13Z", "year": 2022, "mag": 5.2, "mag_type": "Mw", "depth_km": 14.0, "mw": 5.2}}, {"type": "Feature", "geometry": {"type": "Point", "coordinates": [124.38, 5.87]}, "properties": {"id": "PH-3245", "datetime_utc": "2022-02-11T14:25:15Z", "year": 2022, "mag": 5.1, "mag_type": "Mw", "depth_km": 48.0, "mw": 5.1}}, {"type": "Feature", "geometry": {"type": "Point", "coordinates": [121.48, 20.1]}, "properties": {"id": "PH-3246", "datetime_utc": "2022-02-12T00:41:08Z", "year": 2022, "mag": 5.1, "mag_type": "Mw", "depth_km": 31.0, "mw": 5.1}}, {"type": "Feature", "geometry": {"type": "Point", "coordinates": [121.04, 19.26]}, "properties": {"id": "PH-3247", "datetime_utc": "2022-02-13T04:36:15Z", "year": 2022, "mag": 5.4, "mag_type": "Mw", "depth_km": 11.0, "mw": 5.4}}, {"type": "Feature", "geometry": {"type": "Point", "coordinates": [126.63, 5.77]}, "properties": {"id": "PH-3248", "datetime_utc": "2022-02-20T18:29:24Z", "year": 2022, "mag": 5.7, "mag_type": "Mw", "depth_km": 56.0, "mw": 5.7}}, {"type": "Feature", "geometry": {"type": "Point", "coordinates": [126.56, 5.85]}, "properties": {"id": "PH-3249", "datetime_utc": "2022-02-20T21:13:24Z", "year": 2022, "mag": 5.2, "mag_type": "Mw", "depth_km": 51.0, "mw": 5.2}}, {"type": "Feature", "geometry": {"type": "Point", "coordinates": [120.67, 13.55]}, "properties": {"id": "PH-3250", "datetime_utc": "2022-02-21T07:22:16Z", "year": 2022, "mag": 5.3, "mag_type": "Ms", "depth_km": 102.0, "ms": 5.3}}, {"type": "Feature", "geometry": {"type": "Point", "coordinates": [126.39, 5.58]}, "properties": {"id": "PH-3251", "datetime_utc": "2022-02-26T06:15:50Z", "year": 2022, "mag": 5.3, "mag_type": "Mw", "depth_km": 117.0, "mw": 5.3}}, {"type": "Feature", "geometry": {"type": "Point", "coordinates": [125.7, 2.67]}, "properties": {"id": "PH-3252", "datetime_utc": "2022-03-07T18:13:13Z", "year": 2022, "mag": 5.6, "mag_type": "Mw", "depth_km": 76.0, "mw": 5.6}}, {"type": "Feature", "geometry": {"type": "Point", "coordinates": [119.11, 14.05]}, "properties": {"id": "PH-3253", "datetime_utc": "2022-03-13T21:05:48Z", "year": 2022, "mag": 6.4, "mag_type": "Mw", "depth_km": 33.0, "mw": 6.4}}, {"type": "Feature", "geometry": {"type": "Point", "coordinates": [119.17, 14.07]}, "properties": {"id": "PH-3254", "datetime_utc": "2022-03-14T14:40:48Z", "year": 2022, "mag": 5.1, "mag_type": "Mw", "depth_km": 33.0, "mw": 5.1}}, {"type": "Feature", "geometry": {"type": "Point", "coordinates": [119.24, 13.99]}, "properties": {"id": "PH-3255", "datetime_utc": "2022-03-15T18:15:48Z", "year": 2022, "mag": 5.0, "mag_type": "Mw", "depth_km": 35.0, "mw": 5.0}}, {"type": "Feature", "geometry": {"type": "Point", "coordinates": [119.16, 14.1]}, "properties": {"id": "PH-3256", "datetime_utc": "2022-03-16T00:09:29Z", "year": 2022, "mag": 5.0, "mag_type": "Mw", "depth_km": 27.0, "mw": 5.0}}, {"type": "Feature", "geometry": {"type": "Point", "coordinates": [124.8, 10.95]}, "properties": {"id": "PH-3257", "datetime_utc": "2022-03-20T16:39:19Z", "year": 2022, "mag": 5.3, "mag_type": "Mw", "depth_km": 4.0, "mw": 5.3}}, {"type": "Feature", "geometry": {"type": "Point", "coordinates": [122.19, 19.19]}, "properties": {"id": "PH-3258", "datetime_utc": "2022-03-23T12:02:56Z", "year": 2022, "mag": 5.1, "mag_type": "Mw", "depth_km": 20.0, "mw": 5.1}}, {"type": "Feature", "geometry": {"type": "Point", "coordinates": [122.24, 20.54]}, "properties": {"id": "PH-3259", "datetime_utc": "2022-03-26T13:53:24Z", "year": 2022, "mag": 5.2, "mag_type": "Mw", "depth_km": 14.0, "mw": 5.2}}, {"type": "Feature", "geometry": {"type": "Point", "coordinates": [119.09, 14.12]}, "properties": {"id": "PH-3260", "datetime_utc": "2022-03-29T16:27:14Z", "year": 2022, "mag": 5.0, "mag_type": "Mw", "depth_km": 33.0, "mw": 5.0}}, {"type": "Feature", "geometry": {"type": "Point", "coordinates": [119.6, 15.05]}, "properties": {"id": "PH-3261", "datetime_utc": "2022-03-29T18:55:32Z", "year": 2022, "mag": 5.0, "mag_type": "Mw", "depth_km": 10.0, "mw": 5.0}}, {"type": "Feature", "geometry": {"type": "Point", "coordinates": [126.97, 9.9]}, "properties": {"id": "PH-3262", "datetime_utc": "2022-04-01T01:35:52Z", "year": 2022, "mag": 5.0, "mag_type": "Mw", "depth_km": 16.0, "mw": 5.0}}, {"type": "Feature", "geometry": {"type": "Point", "coordinates": [126.88, 9.16]}, "properties": {"id": "PH-3263", "datetime_utc": "2022-04-03T10:24:52Z", "year": 2022, "mag": 5.6, "mag_type": "Mw", "depth_km": 4.0, "mw": 5.6}}, {"type": "Feature", "geometry": {"type": "Point", "coordinates": [127.03, 9.17]}, "properties": {"id": "PH-3264", "datetime_utc": "2022-04-03T11:21:59Z", "year": 2022, "mag": 5.4, "mag_type": "Mw", "depth_km": 1.0, "mw": 5.4}}, {"type": "Feature", "geometry": {"type": "Point", "coordinates": [126.88, 9.12]}, "properties": {"id": "PH-3265", "datetime_utc": "2022-04-03T15:29:36Z", "year": 2022, "mag": 5.5, "mag_type": "Mw", "depth_km": 5.0, "mw": 5.5}}, {"type": "Feature", "geometry": {"type": "Point", "coordinates": [120.96, 21.57]}, "properties": {"id": "PH-3266", "datetime_utc": "2022-04-07T23:36:09Z", "year": 2022, "mag": 5.6, "mag_type": "Ms", "depth_km": 1.0, "ms": 5.6}}, {"type": "Feature", "geometry": {"type": "Point", "coordinates": [121.12, 21.35]}, "properties": {"id": "PH-3267", "datetime_utc": "2022-04-08T19:19:37Z", "year": 2022, "mag": 5.2, "mag_type": "Mw", "depth_km": 32.0, "mw": 5.2}}, {"type": "Feature", "geometry": {"type": "Point", "coordinates": [123.82, 12.3]}, "properties": {"id": "PH-3268", "datetime_utc": "2022-04-09T09:44:56Z", "year": 2022, "mag": 5.0, "mag_type": "Mw", "depth_km": 7.0, "mw": 5.0}}, {"type": "Feature", "geometry": {"type": "Point", "coordinates": [121.14, 21.59]}, "properties": {"id": "PH-3269", "datetime_utc": "2022-04-09T16:43:51Z", "year": 2022, "mag": 5.0, "mag_type": "Mw", "depth_km": 40.0, "mw": 5.0}}, {"type": "Feature", "geometry": {"type": "Point", "coordinates": [120.81, 21.52]}, "properties": {"id": "PH-3270", "datetime_utc": "2022-04-11T13:47:30Z", "year": 2022, "mag": 5.2, "mag_type": "Ms", "depth_km": 25.0, "ms": 5.2}}, {"type": "Feature", "geometry": {"type": "Point", "coordinates": [127.04, 7.11]}, "properties": {"id": "PH-3271", "datetime_utc": "2022-04-19T01:23:07Z", "year": 2022, "mag": 6.2, "mag_type": "Mw", "depth_km": 15.0, "mw": 6.2}}, {"type": "Feature", "geometry": {"type": "Point", "coordinates": [127.01, 7.1]}, "properties": {"id": "PH-3272", "datetime_utc": "2022-04-19T04:24:35Z", "year": 2022, "mag": 5.3, "mag_type": "Mw", "depth_km": 17.0, "mw": 5.3}}, {"type": "Feature", "geometry": {"type": "Point", "coordinates": [127.51, 6.27]}, "properties": {"id": "PH-3273", "datetime_utc": "2022-04-19T17:51:53Z", "year": 2022, "mag": 5.0, "mag_type": "Mw", "depth_km": 54.0, "mw": 5.0}}, {"type": "Feature", "geometry": {"type": "Point", "coordinates": [126.47, 3.47]}, "properties": {"id": "PH-3274", "datetime_utc": "2022-04-19T21:20:03Z", "year": 2022, "mag": 5.4, "mag_type": "Mw", "depth_km": 107.0, "mw": 5.4}}, {"type": "Feature", "geometry": {"type": "Point", "coordinates": [127.45, 6.23]}, "properties": {"id": "PH-3275", "datetime_utc": "2022-04-20T09:07:35Z", "year": 2022, "mag": 5.5, "mag_type": "Mw", "depth_km": 110.0, "mw": 5.5}}, {"type": "Feature", "geometry": {"type": "Point", "coordinates": [127.29, 6.78]}, "properties": {"id": "PH-3276", "datetime_utc": "2022-04-20T14:34:17Z", "year": 2022, "mag": 5.2, "mag_type": "Mw", "depth_km": 16.0, "mw": 5.2}}, {"type": "Feature", "geometry": {"type": "Point", "coordinates": [127.21, 6.88]}, "properties": {"id": "PH-3277", "datetime_utc": "2022-04-20T21:57:43Z", "year": 2022, "mag": 6.1, "mag_type": "Mw", "depth_km": 35.0, "mw": 6.1}}, {"type": "Feature", "geometry": {"type": "Point", "coordinates": [126.19, 9.93]}, "properties": {"id": "PH-3278", "datetime_utc": "2022-04-28T11:42:24Z", "year": 2022, "mag": 5.1, "mag_type": "Mw", "depth_km": 13.0, "mw": 5.1}}, {"type": "Feature", "geometry": {"type": "Point", "coordinates": [127.47, 6.31]}, "properties": {"id": "PH-3279", "datetime_utc": "2022-05-04T20:16:04Z", "year": 2022, "mag": 5.2, "mag_type": "Mw", "depth_km": 80.0, "mw": 5.2}}, {"type": "Feature", "geometry": {"type": "Point", "coordinates": [127.34, 6.2]}, "properties": {"id": "PH-3280", "datetime_utc": "2022-05-04T21:41:04Z", "year": 2022, "mag": 5.7, "mag_type": "Mw", "depth_km": 96.0, "mw": 5.7}}, {"type": "Feature", "geometry": {"type": "Point", "coordinates": [127.58, 6.22]}, "properties": {"id": "PH-3281", "datetime_utc": "2022-05-05T08:21:12Z", "year": 2022, "mag": 6.0, "mag_type": "Mw", "depth_km": 34.0, "mw": 6.0}}, {"type": "Feature", "geometry": {"type": "Point", "coordinates": [127.36, 6.37]}, "properties": {"id": "PH-3282", "datetime_utc": "2022-05-05T19:54:40Z", "year": 2022, "mag": 5.2, "mag_type": "Mw", "depth_km": 90.0, "mw": 5.2}}, {"type": "Feature", "geometry": {"type": "Point", "coordinates": [127.33, 6.44]}, "properties": {"id": "PH-3283", "datetime_utc": "2022-05-06T00:02:21Z", "year": 2022, "mag": 5.2, "mag_type": "Mw", "depth_km": 65.0, "mw": 5.2}}, {"type": "Feature", "geometry": {"type": "Point", "coordinates": [126.61, 8.73]}, "properties": {"id": "PH-3284", "datetime_utc": "2022-05-06T07:34:48Z", "year": 2022, "mag": 5.2, "mag_type": "Mw", "depth_km": 33.0, "mw": 5.2}}, {"type": "Feature", "geometry": {"type": "Point", "coordinates": [120.99, 19.72]}, "properties": {"id": "PH-3285", "datetime_utc": "2022-05-17T08:42:15Z", "year": 2022, "mag": 5.1, "mag_type": "Mw", "depth_km": 14.0, "mw": 5.1}}, {"type": "Feature", "geometry": {"type": "Point", "coordinates": [120.49, 13.93]}, "properties": {"id": "PH-3286", "datetime_utc": "2022-05-21T21:50:48Z", "year": 2022, "mag": 6.1, "mag_type": "Mw", "depth_km": 128.0, "mw": 6.1}}, {"type": "Feature", "geometry": {"type": "Point", "coordinates": [126.74, 8.92]}, "properties": {"id": "PH-3287", "datetime_utc": "2022-06-02T18:54:27Z", "year": 2022, "mag": 5.6, "mag_type": "Mw", "depth_km": 9.0, "mw": 5.6}}, {"type": "Feature", "geometry": {"type": "Point", "coordinates": [127.2, 6.47]}, "properties": {"id": "PH-3288", "datetime_utc": "2022-06-07T20:37:22Z", "year": 2022, "mag": 5.2, "mag_type": "Mw", "depth_km": 68.0, "mw": 5.2}}, {"type": "Feature", "geometry": {"type": "Point", "coordinates": [119.85, 17.24]}, "properties": {"id": "PH-3289", "datetime_utc": "2022-06-16T06:08:52Z", "year": 2022, "mag": 5.1, "mag_type": "Mw", "depth_km": 10.0, "mw": 5.1}}, {"type": "Feature", "geometry": {"type": "Point", "coordinates": [120.36, 21.8]}, "properties": {"id": "PH-3290", "datetime_utc": "2022-06-28T13:43:30Z", "year": 2022, "mag": 5.1, "mag_type": "Ms", "depth_km": 13.0, "ms": 5.1}}, {"type": "Feature", "geometry": {"type": "Point", "coordinates": [121.29, 19.07]}, "properties": {"id": "PH-3291", "datetime_utc": "2022-06-30T18:40:38Z", "year": 2022, "mag": 6.0, "mag_type": "Mw", "depth_km": 21.0, "mw": 6.0}}, {"type": "Feature", "geometry": {"type": "Point", "coordinates": [122.93, 16.25]}, "properties": {"id": "PH-3292", "datetime_utc": "2022-07-27T09:04:21Z", "year": 2022, "mag": 5.0, "mag_type": "Ms", "depth_km": 18.0, "ms": 5.0}}, {"type": "Feature", "geometry": {"type": "Point", "coordinates": [120.63, 17.63]}, "properties": {"id": "PH-3293", "datetime_utc": "2022-07-27T00:43:24Z", "year": 2022, "mag": 7.0, "mag_type": "Mw", "depth_km": 15.0, "mw": 7.0}}, {"type": "Feature", "geometry": {"type": "Point", "coordinates": [120.61, 17.52]}, "properties": {"id": "PH-3294", "datetime_utc": "2022-07-27T20:02:42Z", "year": 2022, "mag": 5.0, "mag_type": "Ms", "depth_km": 13.0, "ms": 5.0}}, {"type": "Feature", "geometry": {"type": "Point", "coordinates": [120.62, 17.43]}, "properties": {"id": "PH-3295", "datetime_utc": "2022-07-31T18:48:11Z", "year": 2022, "mag": 5.1, "mag_type": "Mw", "depth_km": 11.0, "mw": 5.1}}, {"type": "Feature", "geometry": {"type": "Point", "coordinates": [125.48, 11.33]}, "properties": {"id": "PH-3296", "datetime_utc": "2022-08-01T17:10:12Z", "year": 2022, "mag": 5.1, "mag_type": "Mw", "depth_km": 42.0, "mw": 5.1}}, {"type": "Feature", "geometry": {"type": "Point", "coordinates": [123.75, 6.88]}, "properties": {"id": "PH-3297", "datetime_utc": "2022-08-02T05:24:26Z", "year": 2022, "mag": 5.4, "mag_type": "Mw", "depth_km": 1.0, "mw": 5.4}}, {"type": "Feature", "geometry": {"type": "Point", "coordinates": [127.03, 7.11]}, "properties": {"id": "PH-3298", "datetime_utc": "2022-08-02T19:19:32Z", "year": 2022, "mag": 5.6, "mag_type": "Mw", "depth_km": 22.0, "mw": 5.6}}, {"type": "Feature", "geometry": {"type": "Point", "coordinates": [121.83, 10.28]}, "properties": {"id": "PH-3299", "datetime_utc": "2022-08-13T04:25:04Z", "year": 2022, "mag": 5.1, "mag_type": "Mw", "depth_km": 2.0, "mw": 5.1}}, {"type": "Feature", "geometry": {"type": "Point", "coordinates": [123.77, 6.96]}, "properties": {"id": "PH-3300", "datetime_utc": "2022-08-13T06:25:31Z", "year": 2022, "mag": 5.9, "mag_type": "Mw", "depth_km": 11.0, "mw": 5.9}}, {"type": "Feature", "geometry": {"type": "Point", "coordinates": [125.14, 6.71]}, "properties": {"id": "PH-3301", "datetime_utc": "2022-08-15T08:23:09Z", "year": 2022, "mag": 5.5, "mag_type": "Mw", "depth_km": 20.0, "mw": 5.5}}, {"type": "Feature", "geometry": {"type": "Point", "coordinates": [125.92, 9.68]}, "properties": {"id": "PH-3302", "datetime_utc": "2022-08-17T09:35:14Z", "year": 2022, "mag": 5.0, "mag_type": "Mw", "depth_km": 131.0, "mw": 5.0}}, {"type": "Feature", "geometry": {"type": "Point", "coordinates": [123.65, 12.39]}, "properties": {"id": "PH-3303", "datetime_utc": "2022-08-19T19:22:24Z", "year": 2022, "mag": 5.0, "mag_type": "Mw", "depth_km": 15.0, "mw": 5.0}}, {"type": "Feature", "geometry": {"type": "Point", "coordinates": [120.49, 17.43]}, "properties": {"id": "PH-3304", "datetime_utc": "2022-08-27T18:27:36Z", "year": 2022, "mag": 5.2, "mag_type": "Mw", "depth_km": 18.0, "mw": 5.2}}, {"type": "Feature", "geometry": {"type": "Point", "coordinates": [126.72, 3.85]}, "properties": {"id": "PH-3305", "datetime_utc": "2022-09-09T17:20:41Z", "year": 2022, "mag": 5.3, "mag_type": "Mw", "depth_km": 126.0, "mw": 5.3}}, {"type": "Feature", "geometry": {"type": "Point", "coordinates": [127.81, 6.29]}, "properties": {"id": "PH-3306", "datetime_utc": "2022-09-12T08:14:41Z", "year": 2022, "mag": 5.7, "mag_type": "Mw", "depth_km": 31.0, "mw": 5.7}}, {"type": "Feature", "geometry": {"type": "Point", "coordinates": [126.02, 4.56]}, "properties": {"id": "PH-3307", "datetime_utc": "2022-09-25T11:16:33Z", "year": 2022, "mag": 5.1, "mag_type": "Mw", "depth_km": 137.0, "mw": 5.1}}, {"type": "Feature", "geometry": {"type": "Point", "coordinates": [126.83, 9.34]}, "properties": {"id": "PH-3308", "datetime_utc": "2022-09-28T01:12:20Z", "year": 2022, "mag": 5.3, "mag_type": "Mw", "depth_km": 5.0, "mw": 5.3}}, {"type": "Feature", "geometry": {"type": "Point", "coordinates": [126.38, 9.97]}, "properties": {"id": "PH-3309", "datetime_utc": "2022-10-03T08:07:49Z", "year": 2022, "mag": 5.1, "mag_type": "Mw", "depth_km": 13.0, "mw": 5.1}}, {"type": "Feature", "geometry": {"type": "Point", "coordinates": [125.13, 6.7]}, "properties": {"id": "PH-3310", "datetime_utc": "2022-10-19T08:05:39Z", "year": 2022, "mag": 5.4, "mag_type": "Mw", "depth_km": 24.0, "mw": 5.4}}, {"type": "Feature", "geometry": {"type": "Point", "coordinates": [128.48, 3.15]}, "properties": {"id": "PH-3311", "datetime_utc": "2022-10-23T02:15:43Z", "year": 2022, "mag": 5.1, "mag_type": "Mw", "depth_km": 236.0, "mw": 5.1}}, {"type": "Feature", "geometry": {"type": "Point", "coordinates": [125.49, 7.02]}, "properties": {"id": "PH-3312", "datetime_utc": "2022-10-24T02:06:43Z", "year": 2022, "mag": 5.3, "mag_type": "Mw", "depth_km": 238.0, "mw": 5.3}}, {"type": "Feature", "geometry": {"type": "Point", "coordinates": [126.06, 11.22]}, "properties": {"id": "PH-3313", "datetime_utc": "2022-10-24T15:08:31Z", "year": 2022, "mag": 5.3, "mag_type": "Mw", "depth_km": 16.0, "mw": 5.3}}, {"type": "Feature", "geometry": {"type": "Point", "coordinates": [126.72, 8.06]}, "properties": {"id": "PH-3314", "datetime_utc": "2022-10-25T13:20:40Z", "year": 2022, "mag": 5.2, "mag_type": "Mw", "depth_km": 42.0, "mw": 5.2}}, {"type": "Feature", "geometry": {"type": "Point", "coordinates": [120.72, 17.77]}, "properties": {"id": "PH-3315", "datetime_utc": "2022-10-25T14:59:02Z", "year": 2022, "mag": 6.4, "mag_type": "Mw", "depth_km": 16.0, "mw": 6.4}}, {"type": "Feature", "geometry": {"type": "Point", "coordinates": [121.6, 19.67]}, "properties": {"id": "PH-3316", "datetime_utc": "2022-11-02T13:07:43Z", "year": 2022, "mag": 5.2, "mag_type": "Mw", "depth_km": 53.0, "mw": 5.2}}, {"type": "Feature", "geometry": {"type": "Point", "coordinates": [126.21, 4.12]}, "properties": {"id": "PH-3317", "datetime_utc": "2022-11-05T07:42:12Z", "year": 2022, "mag": 5.1, "mag_type": "Ms", "depth_km": 103.0, "ms": 5.1}}, {"type": "Feature", "geometry": {"type": "Point", "coordinates": [125.17, 2.39]}, "properties": {"id": "PH-3318", "datetime_utc": "2022-11-06T00:03:11Z", "year": 2022, "mag": 5.5, "mag_type": "Mw", "depth_km": 269.0, "mw": 5.5}}, {"type": "Feature", "geometry": {"type": "Point", "coordinates": [121.14, 19.09]}, "properties": {"id": "PH-3319", "datetime_utc": "2022-11-07T05:34:05Z", "year": 2022, "mag": 5.0, "mag_type": "Mw", "depth_km": 14.0, "mw": 5.0}}, {"type": "Feature", "geometry": {"type": "Point", "coordinates": [120.57, 15.45]}, "properties": {"id": "PH-3320", "datetime_utc": "2022-11-08T14:30:01Z", "year": 2022, "mag": 5.2, "mag_type": "Mw", "depth_km": 187.0, "mw": 5.2}}, {"type": "Feature", "geometry": {"type": "Point", "coordinates": [120.71, 18.44]}, "properties": {"id": "PH-3321", "datetime_utc": "2022-11-24T15:05:07Z", "year": 2022, "mag": 5.1, "mag_type": "Mw", "depth_km": 21.0, "mw": 5.1}}, {"type": "Feature", "geometry": {"type": "Point", "coordinates": [126.53, 9.36]}, "properties": {"id": "PH-3322", "datetime_utc": "2022-11-27T04:43:22Z", "year": 2022, "mag": 5.0, "mag_type": "Mw", "depth_km": 10.0, "mw": 5.0}}, {"type": "Feature", "geometry": {"type": "Point", "coordinates": [123.15, 14.58]}, "properties": {"id": "PH-3323", "datetime_utc": "2022-12-07T05:05:25Z", "year": 2022, "mag": 5.3, "mag_type": "Mw", "depth_km": 1.0, "mw": 5.3}}, {"type": "Feature", "geometry": {"type": "Point", "coordinates": [125.95, 13.3]}, "properties": {"id": "PH-3324", "datetime_utc": "2022-12-09T06:33:00Z", "year": 2022, "mag": 5.7, "mag_type": "Mw", "depth_km": 32.0, "mw": 5.7}}, {"type": "Feature", "geometry": {"type": "Point", "coordinates": [126.18, 6.36]}, "properties": {"id": "PH-3325", "datetime_utc": "2022-12-09T20:01:55Z", "year": 2022, "mag": 5.6, "mag_type": "Mw", "depth_km": 55.0, "mw": 5.6}}, {"type": "Feature", "geometry": {"type": "Point", "coordinates": [120.56, 13.58]}, "properties": {"id": "PH-3326", "datetime_utc": "2022-12-16T11:00:44Z", "year": 2022, "mag": 5.0, "mag_type": "Mw", "depth_km": 89.0, "mw": 5.0}}, {"type": "Feature", "geometry": {"type": "Point", "coordinates": [119.17, 15.69]}, "properties": {"id": "PH-3327", "datetime_utc": "2022-12-18T13:33:46Z", "year": 2022, "mag": 5.2, "mag_type": "Mw", "depth_km": 13.0, "mw": 5.2}}, {"type": "Feature", "geometry": {"type": "Point", "coordinates": [120.55, 17.42]}, "properties": {"id": "PH-3328", "datetime_utc": "2022-12-19T09:05:58Z", "year": 2022, "mag": 5.1, "mag_type": "Mw", "depth_km": 10.0, "mw": 5.1}}, {"type": "Feature", "geometry": {"type": "Point", "coordinates": [124.74, 7.82]}, "properties": {"id": "PH-3329", "datetime_utc": "2022-12-19T21:44:24Z", "year": 2022, "mag": 5.0, "mag_type": "Mw", "depth_km": 4.0, "mw": 5.0}}, {"type": "Feature", "geometry": {"type": "Point", "coordinates": [126.37, 6.21]}, "properties": {"id": "PH-3330", "datetime_utc": "2022-12-29T13:13:34Z", "year": 2022, "mag": 5.2, "mag_type": "Ms", "depth_km": 131.0, "ms": 5.2}}, {"type": "Feature", "geometry": {"type": "Point", "coordinates": [126.51, 7.49]}, "properties": {"id": "PH-3331", "datetime_utc": "2023-01-07T23:00:33Z", "year": 2023, "mag": 5.0, "mag_type": "Mw", "depth_km": 135.0, "mw": 5.0}}, {"type": "Feature", "geometry": {"type": "Point", "coordinates": [127.04, 2.86]}, "properties": {"id": "PH-3332", "datetime_utc": "2023-01-17T18:06:10Z", "year": 2023, "mag": 7.0, "mag_type": "Mw", "depth_km": 15.0, "mw": 7.0}}, {"type": "Feature", "geometry": {"type": "Point", "coordinates": [127.31, 2.2]}, "properties": {"id": "PH-3333", "datetime_utc": "2023-01-17T20:01:18Z", "year": 2023, "mag": 5.4, "mag_type": "Ms", "depth_km": 62.0, "ms": 5.4}}, {"type": "Feature", "geometry": {"type": "Point", "coordinates": [126.67, 2.95]}, "properties": {"id": "PH-3334", "datetime_utc": "2023-01-21T20:06:56Z", "year": 2023, "mag": 5.2, "mag_type": "Mw", "depth_km": 31.0, "mw": 5.2}}, {"type": "Feature", "geometry": {"type": "Point", "coordinates": [126.74, 2.55]}, "properties": {"id": "PH-3335", "datetime_utc": "2023-01-23T18:17:36Z", "year": 2023, "mag": 5.4, "mag_type": "Mw", "depth_km": 34.0, "mw": 5.4}}, {"type": "Feature", "geometry": {"type": "Point", "coordinates": [126.67, 2.22]}, "properties": {"id": "PH-3336", "datetime_utc": "2023-01-24T01:10:18Z", "year": 2023, "mag": 5.3, "mag_type": "Mw", "depth_km": 36.0, "mw": 5.3}}, {"type": "Feature", "geometry": {"type": "Point", "coordinates": [126.7, 2.96]}, "properties": {"id": "PH-3337", "datetime_utc": "2023-01-24T02:13:19Z", "year": 2023, "mag": 5.9, "mag_type": "Mw", "depth_km": 76.0, "mw": 5.9}}, {"type": "Feature", "geometry": {"type": "Point", "coordinates": [128.63, 3.81]}, "properties": {"id": "PH-3338", "datetime_utc": "2023-01-25T04:10:22Z", "year": 2023, "mag": 5.1, "mag_type": "Mw", "depth_km": 63.0, "mw": 5.1}}, {"type": "Feature", "geometry": {"type": "Point", "coordinates": [127.01, 2.65]}, "properties": {"id": "PH-3339", "datetime_utc": "2023-01-26T04:23:50Z", "year": 2023, "mag": 5.6, "mag_type": "Mw", "depth_km": 95.0, "mw": 5.6}}, {"type": "Feature", "geometry": {"type": "Point", "coordinates": [125.58, 10.74]}, "properties": {"id": "PH-3340", "datetime_utc": "2023-01-27T20:25:28Z", "year": 2023, "mag": 5.5, "mag_type": "Mw", "depth_km": 71.0, "mw": 5.5}}, {"type": "Feature", "geometry": {"type": "Point", "coordinates": [125.21, 5.58]}, "properties": {"id": "PH-3341", "datetime_utc": "2023-01-29T04:23:31Z", "year": 2023, "mag": 5.0, "mag_type": "Mw", "depth_km": 23.0, "mw": 5.0}}, {"type": "Feature", "geometry": {"type": "Point", "coordinates": [126.99, 2.09]}, "properties": {"id": "PH-3342", "datetime_utc": "2023-01-29T19:57:01Z", "year": 2023, "mag": 5.4, "mag_type": "Ms", "depth_km": 2.0, "ms": 5.4}}, {"type": "Feature", "geometry": {"type": "Point", "coordinates": [126.07, 7.66]}, "properties": {"id": "PH-3343", "datetime_utc": "2023-02-01T10:44:46Z", "year": 2023, "mag": 6.0, "mag_type": "Mw", "depth_km": 17.0, "mw": 6.0}}, {"type": "Feature", "geometry": {"type": "Point", "coordinates": [126.53, 3.43]}, "properties": {"id": "PH-3344", "datetime_utc": "2023-02-11T08:55:04Z", "year": 2023, "mag": 6.0, "mag_type": "Mw", "depth_km": 28.0, "mw": 6.0}}, {"type": "Feature", "geometry": {"type": "Point", "coordinates": [123.8, 12.28]}, "properties": {"id": "PH-3345", "datetime_utc": "2023-02-15T09:15:30Z", "year": 2023, "mag": 5.0, "mag_type": "Mw", "depth_km": 7.0, "mw": 5.0}}, {"type": "Feature", "geometry": {"type": "Point", "coordinates": [123.75, 12.32]}, "properties": {"id": "PH-3346", "datetime_utc": "2023-02-15T18:10:08Z", "year": 2023, "mag": 6.0, "mag_type": "Mw", "depth_km": 10.0, "mw": 6.0}}, {"type": "Feature", "geometry": {"type": "Point", "coordinates": [119.79, 15.06]}, "properties": {"id": "PH-3347", "datetime_utc": "2023-02-16T10:33:56Z", "year": 2023, "mag": 5.0, "mag_type": "Mw", "depth_km": 9.0, "mw": 5.0}}, {"type": "Feature", "geometry": {"type": "Point", "coordinates": [126.15, 8.99]}, "properties": {"id": "PH-3348", "datetime_utc": "2023-02-19T04:47:18Z", "year": 2023, "mag": 5.0, "mag_type": "Mw", "depth_km": 34.0, "mw": 5.0}}, {"type": "Feature", "geometry": {"type": "Point", "coordinates": [128.13, 3.18]}, "properties": {"id": "PH-3349", "datetime_utc": "2023-02-23T20:02:47Z", "year": 2023, "mag": 6.4, "mag_type": "Mw", "depth_km": 130.0, "mw": 6.4}}, {"type": "Feature", "geometry": {"type": "Point", "coordinates": [126.05, 2.91]}, "properties": {"id": "PH-3350", "datetime_utc": null, "year": 2023, "mag": 5.0, "mag_type": "Mw", "depth_km": 56.0, "mw": 5.0}}, {"type": "Feature", "geometry": {"type": "Point", "coordinates": [126.24, 7.45]}, "properties": {"id": "PH-3351", "datetime_utc": "2023-03-05T20:43:02Z", "year": 2023, "mag": 5.3, "mag_type": "Mw", "depth_km": 4.0, "mw": 5.3}}, {"type": "Feature", "geometry": {"type": "Point", "coordinates": [126.03, 5.81]}, "properties": {"id": "PH-3352", "datetime_utc": "2023-03-06T15:53:01Z", "year": 2023, "mag": 5.0, "mag_type": "Mw", "depth_km": 148.0, "mw": 5.0}}, {"type": "Feature", "geometry": {"type": "Point", "coordinates": [126.19, 7.47]}, "properties": {"id": "PH-3353", "datetime_utc": "2023-03-07T06:02:29Z", "year": 2023, "mag": 5.9, "mag_type": "Mw", "depth_km": 2.0, "mw": 5.9}}, {"type": "Feature", "geometry": {"type": "Point", "coordinates": [126.24, 7.51]}, "properties": {"id": "PH-3354", "datetime_utc": "2023-03-07T08:47:43Z", "year": 2023, "mag": 5.6, "mag_type": "Mw", "depth_km": 11.0, "mw": 5.6}}, {"type": "Feature", "geometry": {"type": "Point", "coordinates": [127.34, 4.39]}, "properties": {"id": "PH-3355", "datetime_utc": "2023-03-15T21:25:32Z", "year": 2023, "mag": 5.3, "mag_type": "Mw", "depth_km": 22.0, "mw": 5.3}}, {"type": "Feature", "geometry": {"type": "Point", "coordinates": [127.1, 5.85]}, "properties": {"id": "PH-3356", "datetime_utc": "2023-03-17T16:11:36Z", "year": 2023, "mag": 5.0, "mag_type": "Mw", "depth_km": 29.0, "mw": 5.0}}, {"type": "Feature", "geometry": {"type": "Point", "coordinates": [121.12, 19.24]}, "properties": {"id": "PH-3357", "datetime_utc": "2023-03-22T23:31:55Z", "year": 2023, "mag": 5.6, "mag_type": "Mw", "depth_km": 22.0, "mw": 5.6}}, {"type": "Feature", "geometry": {"type": "Point", "coordinates": [120.28, 18.61]}, "properties": {"id": "PH-3358", "datetime_utc": "2023-03-28T05:51:24Z", "year": 2023, "mag": 5.1, "mag_type": "Mw", "depth_km": 1.0, "mw": 5.1}}, {"type": "Feature", "geometry": {"type": "Point", "coordinates": [125.77, 13.9]}, "properties": {"id": "PH-3359", "datetime_utc": "2023-04-04T14:05:30Z", "year": 2023, "mag": 6.2, "mag_type": "Mw", "depth_km": 72.0, "mw": 6.2}}, {"type": "Feature", "geometry": {"type": "Point", "coordinates": [126.89, 5.77]}, "properties": {"id": "PH-3360", "datetime_utc": "2023-04-12T02:02:11Z", "year": 2023, "mag": 5.4, "mag_type": "Mw", "depth_km": 77.0, "mw": 5.4}}, {"type": "Feature", "geometry": {"type": "Point", "coordinates": [125.6, 9.24]}, "properties": {"id": "PH-3361", "datetime_utc": "2023-04-13T16:04:26Z", "year": 2023, "mag": 5.1, "mag_type": "Mw", "depth_km": 11.0, "mw": 5.1}}, {"type": "Feature", "geometry": {"type": "Point", "coordinates": [126.87, 2.78]}, "properties": {"id": "PH-3362", "datetime_utc": "2023-04-21T10:21:16Z", "year": 2023, "mag": 5.8, "mag_type": "Ms", "depth_km": 27.0, "ms": 5.8}}, {"type": "Feature", "geometry": {"type": "Point", "coordinates": [122.28, 17.61]}, "properties": {"id": "PH-3363", "datetime_utc": "2023-04-23T09:19:19Z", "year": 2023, "mag": 5.3, "mag_type": "Mw", "depth_km": 20.0, "mw": 5.3}}, {"type": "Feature", "geometry": {"type": "Point", "coordinates": [118.74, 14.27]}, "properties": {"id": "PH-3364", "datetime_utc": "2023-04-23T16:23:17Z", "year": 2023, "mag": 5.2, "mag_type": "Mw", "depth_km": 33.0, "mw": 5.2}}, {"type": "Feature", "geometry": {"type": "Point", "coordinates": [125.57, 9.25]}, "properties": {"id": "PH-3365", "datetime_utc": "2023-04-24T09:32:07Z", "year": 2023, "mag": 5.1, "mag_type": "Mw", "depth_km": 5.0, "mw": 5.1}}, {"type": "Feature", "geometry": {"type": "Point", "coordinates": [120.4, 13.62]}, "properties": {"id": "PH-3366", "datetime_utc": "2023-04-28T16:00:28Z", "year": 2023, "mag": 5.2, "mag_type": "Mw", "depth_km": 72.0, "mw": 5.2}}, {"type": "Feature", "geometry": {"type": "Point", "coordinates": [122.38, 17.66]}, "properties": {"id": "PH-3367", "datetime_utc": "2023-05-04T00:49:06Z", "year": 2023, "mag": 5.5, "mag_type": "Mw", "depth_km": 30.0, "mw": 5.5}}, {"type": "Feature", "geometry": {"type": "Point", "coordinates": [122.36, 17.6]}, "properties": {"id": "PH-3368", "datetime_utc": "2023-05-07T11:36:21Z", "year": 2023, "mag": 5.3, "mag_type": "Mw", "depth_km": 28.0, "mw": 5.3}}, {"type": "Feature", "geometry": {"type": "Point", "coordinates": [126.22, 10.14]}, "properties": {"id": "PH-3369", "datetime_utc": "2023-05-13T14:37:42Z", "year": 2023, "mag": 5.0, "mag_type": "Mw", "depth_km": 26.0, "mw": 5.0}}, {"type": "Feature", "geometry": {"type": "Point", "coordinates": [124.26, 5.7]}, "properties": {"id": "PH-3370", "datetime_utc": "2023-05-24T00:44:04Z", "year": 2023, "mag": 5.2, "mag_type": "Mw", "depth_km": 1.0, "mw": 5.2}}, {"type": "Feature", "geometry": {"type": "Point", "coordinates": [122.16, 20.96]}, "properties": {"id": "PH-3371", "datetime_utc": "2023-05-25T13:48:32Z", "year": 2023, "mag": 5.6, "mag_type": "Mw", "depth_km": 18.0, "mw": 5.6}}, {"type": "Feature", "geometry": {"type": "Point", "coordinates": [123.82, 12.24]}, "properties": {"id": "PH-3372", "datetime_utc": "2023-05-25T15:26:21Z", "year": 2023, "mag": 5.0, "mag_type": "Mw", "depth_km": 2.0, "mw": 5.0}}, {"type": "Feature", "geometry": {"type": "Point", "coordinates": [120.52, 13.78]}, "properties": {"id": "PH-3373", "datetime_utc": "2023-06-15T02:19:25Z", "year": 2023, "mag": 6.3, "mag_type": "Mw", "depth_km": 107.0, "mw": 6.3}}, {"type": "Feature", "geometry": {"type": "Point", "coordinates": [121.14, 19.31]}, "properties": {"id": "PH-3374", "datetime_utc": "2023-06-17T10:15:18Z", "year": 2023, "mag": 5.5, "mag_type": "Mw", "depth_km": 3.0, "mw": 5.5}}, {"type": "Feature", "geometry": {"type": "Point", "coordinates": [126.48, 10.31]}, "properties": {"id": "PH-3375", "datetime_utc": "2023-06-18T17:33:59Z", "year": 2023, "mag": 5.0, "mag_type": "Mw", "depth_km": 28.0, "mw": 5.0}}, {"type": "Feature", "geometry": {"type": "Point", "coordinates": [127.15, 10.34]}, "properties": {"id": "PH-3376", "datetime_utc": "2023-06-29T11:30:16Z", "year": 2023, "mag": 5.1, "mag_type": "Mw", "depth_km": 26.0, "mw": 5.1}}, {"type": "Feature", "geometry": {"type": "Point", "coordinates": [125.41, 11.38]}, "properties": {"id": "PH-3377", "datetime_utc": "2023-07-10T13:01:10Z", "year": 2023, "mag": 5.0, "mag_type": "Mw", "depth_km": 26.0, "mw": 5.0}}, {"type": "Feature", "geometry": {"type": "Point", "coordinates": [124.18, 5.77]}, "properties": {"id": "PH-3378", "datetime_utc": "2023-07-17T15:35:23Z", "year": 2023, "mag": 5.3, "mag_type": "Mw", "depth_km": 1.0, "mw": 5.3}}, {"type": "Feature", "geometry": {"type": "Point", "coordinates": [128.67, 3.26]}, "properties": {"id": "PH-3379", "datetime_utc": "2023-07-19T23:08:06Z", "year": 2023, "mag": 5.0, "mag_type": "Mw", "depth_km": 176.0, "mw": 5.0}}, {"type": "Feature", "geometry": {"type": "Point", "coordinates": [121.22, 19.33]}, "properties": {"id": "PH-3380", "datetime_utc": "2023-08-01T08:03:20Z", "year": 2023, "mag": 5.3, "mag_type": "Mw", "depth_km": 20.0, "mw": 5.3}}, {"type": "Feature", "geometry": {"type": "Point", "coordinates": [121.46, 21.61]}, "properties": {"id": "PH-3381", "datetime_utc": "2023-08-04T12:22:14Z", "year": 2023, "mag": 5.1, "mag_type": "Mw", "depth_km": 4.0, "mw": 5.1}}, {"type": "Feature", "geometry": {"type": "Point", "coordinates": [121.91, 21.85]}, "properties": {"id": "PH-3382", "datetime_utc": "2023-08-04T12:25:20Z", "year": 2023, "mag": 5.1, "mag_type": "Mw", "depth_km": 23.0, "mw": 5.1}}, {"type": "Feature", "geometry": {"type": "Point", "coordinates": [126.4, 6.45]}, "properties": {"id": "PH-3383", "datetime_utc": "2023-08-09T00:57:16Z", "year": 2023, "mag": 5.2, "mag_type": "Mw", "depth_km": 39.0, "mw": 5.2}}, {"type": "Feature", "geometry": {"type": "Point", "coordinates": [121.54, 20.51]}, "properties": {"id": "PH-3384", "datetime_utc": "2023-08-13T01:43:10Z", "year": 2023, "mag": 5.4, "mag_type": "Mw", "depth_km": 55.0, "mw": 5.4}}, {"type": "Feature", "geometry": {"type": "Point", "coordinates": [121.36, 12.81]}, "properties": {"id": "PH-3385", "datetime_utc": "2023-08-23T17:38:35Z", "year": 2023, "mag": 5.1, "mag_type": "Mw", "depth_km": 1.0, "mw": 5.1}}, {"type": "Feature", "geometry": {"type": "Point", "coordinates": [124.73, 6.29]}, "properties": {"id": "PH-3386", "datetime_utc": "2023-08-25T19:13:41Z", "year": 2023, "mag": 5.0, "mag_type": "Mw", "depth_km": 10.0, "mw": 5.0}}, {"type": "Feature", "geometry": {"type": "Point", "coordinates": [126.73, 3.81]}, "properties": {"id": "PH-3387", "datetime_utc": "2023-08-28T17:59:14Z", "year": 2023, "mag": 5.5, "mag_type": "Mw", "depth_km": 40.0, "mw": 5.5}}, {"type": "Feature", "geometry": {"type": "Point", "coordinates": [127.91, 4.2]}, "properties": {"id": "PH-3388", "datetime_utc": "2023-09-07T19:20:08Z", "year": 2023, "mag": 5.1, "mag_type": "Mw", "depth_km": 130.0, "mw": 5.1}}, {"type": "Feature", "geometry": {"type": "Point", "coordinates": [121.15, 19.27]}, "properties": {"id": "PH-3389", "datetime_utc": "2023-09-12T11:03:18Z", "year": 2023, "mag": 6.3, "mag_type": "Mw", "depth_km": 29.0, "mw": 6.3}}, {"type": "Feature", "geometry": {"type": "Point", "coordinates": [127.61, 4.25]}, "properties": {"id": "PH-3390", "datetime_utc": "2023-09-26T01:39:39Z", "year": 2023, "mag": 6.0, "mag_type": "Mw", "depth_km": 162.0, "mw": 6.0}}, {"type": "Feature", "geometry": {"type": "Point", "coordinates": [121.27, 19.28]}, "properties": {"id": "PH-3391", "datetime_utc": "2023-10-04T03:35:12Z", "year": 2023, "mag": 5.7, "mag_type": "Mw", "depth_km": 21.0, "mw": 5.7}}, {"type": "Feature", "geometry": {"type": "Point", "coordinates": [126.2, 5.26]}, "properties": {"id": "PH-3392", "datetime_utc": "2023-10-04T11:21:45Z", "year": 2023, "mag": 6.4, "mag_type": "Mw", "depth_km": 135.0, "mw": 6.4}}, {"type": "Feature", "geometry": {"type": "Point", "coordinates": [120.82, 13.79]}, "properties": {"id": "PH-3393", "datetime_utc": "2023-10-13T00:24:16Z", "year": 2023, "mag": 5.0, "mag_type": "Mw", "depth_km": 5.0, "mw": 5.0}}, {"type": "Feature", "geometry": {"type": "Point", "coordinates": [126.38, 7.35]}, "properties": {"id": "PH-3394", "datetime_utc": "2023-10-19T18:58:52Z", "year": 2023, "mag": 5.9, "mag_type": "Mw", "depth_km": 11.0, "mw": 5.9}}, {"type": "Feature", "geometry": {"type": "Point", "coordinates": [126.3, 11.54]}, "properties": {"id": "PH-3395", "datetime_utc": "2023-11-02T06:50:23Z", "year": 2023, "mag": 5.6, "mag_type": "Mw", "depth_km": 9.0, "mw": 5.6}}, {"type": "Feature", "geometry": {"type": "Point", "coordinates": [125.24, 5.38]}, "properties": {"id": "PH-3396", "datetime_utc": "2023-11-16T08:14:08Z", "year": 2023, "mag": 6.8, "mag_type": "Mw", "depth_km": 63.0, "mw": 6.8}}, {"type": "Feature", "geometry": {"type": "Point", "coordinates": [125.38, 10.22]}, "properties": {"id": "PH-3397", "datetime_utc": "2023-11-19T01:38:00Z", "year": 2023, "mag": 5.0, "mag_type": "Mw", "depth_km": 200.0, "mw": 5.0}}, {"type": "Feature", "geometry": {"type": "Point", "coordinates": [125.13, 11.55]}, "properties": {"id": "PH-3398", "datetime_utc": "2023-11-20T04:57:47Z", "year": 2023, "mag": 5.2, "mag_type": "Mw", "depth_km": 70.0, "mw": 5.2}}, {"type": "Feature", "geometry": {"type": "Point", "coordinates": [126.97, 2.01]}, "properties": {"id": "PH-3399", "datetime_utc": "2023-11-22T02:48:54Z", "year": 2023, "mag": 6.1, "mag_type": "Mw", "depth_km": 172.0, "mw": 6.1}}, {"type": "Feature", "geometry": {"type": "Point", "coordinates": [120.62, 13.55]}, "properties": {"id": "PH-3400", "datetime_utc": "2023-11-26T08:24:37Z", "year": 2023, "mag": 5.1, "mag_type": "Mw", "depth_km": 112.0, "mw": 5.1}}, {"type": "Feature", "geometry": {"type": "Point", "coordinates": [126.59, 8.44]}, "properties": {"id": "PH-3401", "datetime_utc": "2023-12-02T14:37:04Z", "year": 2023, "mag": 7.4, "mag_type": "Mw", "depth_km": 26.0, "mw": 7.4}}, {"type": "Feature", "geometry": {"type": "Point", "coordinates": [126.95, 8.5]}, "properties": {"id": "PH-3402", "datetime_utc": "2023-12-02T16:03:37Z", "year": 2023, "mag": 6.4, "mag_type": "Mw", "depth_km": 1.0, "mw": 6.4}}, {"type": "Feature", "geometry": {"type": "Point", "coordinates": [127.12, 8.51]}, "properties": {"id": "PH-3403", "datetime_utc": "2023-12-02T16:19:38Z", "year": 2023, "mag": 5.1, "mag_type": "Ms", "depth_km": 1.0, "ms": 5.1}}, {"type": "Feature", "geometry": {"type": "Point", "coordinates": [127.08, 8.28]}, "properties": {"id": "PH-3404", "datetime_utc": "2023-12-02T16:53:03Z", "year": 2023, "mag": 5.5, "mag_type": "Mw", "depth_km": 8.0, "mw": 5.5}}, {"type": "Feature", "geometry": {"type": "Point", "coordinates": [126.9, 8.42]}, "properties": {"id": "PH-3405", "datetime_utc": "2023-12-02T17:40:10Z", "year": 2023, "mag": 6.1, "mag_type": "Mw", "depth_km": 1.0, "mw": 6.1}}, {"type": "Feature", "geometry": {"type": "Point", "coordinates": [126.97, 8.64]}, "properties": {"id": "PH-3406", "datetime_utc": "2023-12-02T17:55:21Z", "year": 2023, "mag": 5.9, "mag_type": "Mw", "depth_km": 3.0, "mw": 5.9}}, {"type": "Feature", "geometry": {"type": "Point", "coordinates": [127.43, 8.51]}, "properties": {"id": "PH-3407", "datetime_utc": "2023-12-02T18:09:16Z", "year": 2023, "mag": 6.3, "mag_type": "Mw", "depth_km": 2.0, "mw": 6.3}}, {"type": "Feature", "geometry": {"type": "Point", "coordinates": [126.93, 8.61]}, "properties": {"id": "PH-3408", "datetime_utc": "2023-12-02T18:20:35Z", "year": 2023, "mag": 5.0, "mag_type": "Ms", "depth_km": 1.0, "ms": 5.0}}, {"type": "Feature", "geometry": {"type": "Point", "coordinates": [127.17, 8.48]}, "properties": {"id": "PH-3409", "datetime_utc": "2023-12-02T19:36:58Z", "year": 2023, "mag": 5.2, "mag_type": "Ms", "depth_km": 45.0, "ms": 5.2}}, {"type": "Feature", "geometry": {"type": "Point", "coordinates": [126.91, 8.96]}, "properties": {"id": "PH-3410", "datetime_utc": "2023-12-02T19:49:36Z", "year": 2023, "mag": 6.8, "mag_type": "Mw", "depth_km": 1.0, "mw": 6.8}}, {"type": "Feature", "geometry": {"type": "Point", "coordinates": [127.05, 8.27]}, "properties": {"id": "PH-3411", "datetime_utc": "2023-12-02T20:39:23Z", "year": 2023, "mag": 5.0, "mag_type": "Mw", "depth_km": 1.0, "mw": 5.0}}, {"type": "Feature", "geometry": {"type": "Point", "coordinates": [127.12, 8.4]}, "properties": {"id": "PH-3412", "datetime_utc": "2023-12-02T20:52:13Z", "year": 2023, "mag": 6.0, "mag_type": "Mw", "depth_km": 1.0, "mw": 6.0}}, {"type": "Feature", "geometry": {"type": "Point", "coordinates": [126.84, 8.4]}, "properties": {"id": "PH-3413", "datetime_utc": "2023-12-02T22:02:07Z", "year": 2023, "mag": 5.0, "mag_type": "Ms", "depth_km": 10.0, "ms": 5.0}}, {"type": "Feature", "geometry": {"type": "Point", "coordinates": [127.4, 8.68]}, "properties": {"id": "PH-3414", "datetime_utc": "2023-12-03T02:02:28Z", "year": 2023, "mag": 5.4, "mag_type": "Mw", "depth_km": 4.0, "mw": 5.4}}, {"type": "Feature", "geometry": {"type": "Point", "coordinates": [127.06, 8.39]}, "properties": {"id": "PH-3415", "datetime_utc": "2023-12-03T03:36:17Z", "year": 2023, "mag": 5.2, "mag_type": "Mw", "depth_km": 3.0, "mw": 5.2}}, {"type": "Feature", "geometry": {"type": "Point", "coordinates": [126.87, 8.66]}, "properties": {"id": "PH-3416", "datetime_utc": "2023-12-03T05:43:38Z", "year": 2023, "mag": 5.4, "mag_type": "Mw", "depth_km": 8.0, "mw": 5.4}}, {"type": "Feature", "geometry": {"type": "Point", "coordinates": [126.95, 8.49]}, "properties": {"id": "PH-3417", "datetime_utc": "2023-12-03T10:35:50Z", "year": 2023, "mag": 6.6, "mag_type": "Mw", "depth_km": 1.0, "mw": 6.6}}, {"type": "Feature", "geometry": {"type": "Point", "coordinates": [126.89, 8.49]}, "properties": {"id": "PH-3418", "datetime_utc": "2023-12-03T10:39:19Z", "year": 2023, "mag": 5.4, "mag_type": "Ms", "depth_km": 1.0, "ms": 5.4}}, {"type": "Feature", "geometry": {"type": "Point", "coordinates": [127.46, 8.76]}, "properties": {"id": "PH-3419", "datetime_utc": "2023-12-03T14:35:51Z", "year": 2023, "mag": 5.9, "mag_type": "Mw", "depth_km": 7.0, "mw": 5.9}}, {"type": "Feature", "geometry": {"type": "Point", "coordinates": [127.0, 8.56]}, "properties": {"id": "PH-3420", "datetime_utc": "2023-12-03T17:01:43Z", "year": 2023, "mag": 5.2, "mag_type": "Ms", "depth_km": 3.0, "ms": 5.2}}, {"type": "Feature", "geometry": {"type": "Point", "coordinates": [127.07, 8.54]}, "properties": {"id": "PH-3421", "datetime_utc": "2023-12-03T18:07:53Z", "year": 2023, "mag": 5.2, "mag_type": "Ms", "depth_km": 10.0, "ms": 5.2}}, {"type": "Feature", "geometry": {"type": "Point", "coordinates": [126.77, 8.89]}, "properties": {"id": "PH-3422", "datetime_utc": "2023-12-03T18:11:15Z", "year": 2023, "mag": 5.1, "mag_type": "Mw", "depth_km": 7.0, "mw": 5.1}}, {"type": "Feature", "geometry": {"type": "Point", "coordinates": [126.91, 8.96]}, "properties": {"id": "PH-3423", "datetime_utc": "2023-12-03T19:49:33Z", "year": 2023, "mag": 6.8, "mag_type": "Ms", "depth_km": 1.0, "ms": 6.8}}, {"type": "Feature", "geometry": {"type": "Point", "coordinates": [127.05, 8.67]}, "properties": {"id": "PH-3424", "datetime_utc": "2023-12-03T21:43:35Z", "year": 2023, "mag": 5.6, "mag_type": "Mw", "depth_km": 1.0, "mw": 5.6}}, {"type": "Feature", "geometry": {"type": "Point", "coordinates": [126.95, 8.49]}, "properties": {"id": "PH-3425", "datetime_utc": "2023-12-04T01:07:44Z", "year": 2023, "mag": 5.5, "mag_type": "Mw", "depth_km": 2.0, "mw": 5.5}}, {"type": "Feature", "geometry": {"type": "Point", "coordinates": [126.92, 8.54]}, "properties": {"id": "PH-3426", "datetime_utc": "2023-12-04T02:10:57Z", "year": 2023, "mag": 5.1, "mag_type": "Mw", "depth_km": 1.0, "mw": 5.1}}, {"type": "Feature", "geometry": {"type": "Point", "coordinates": [126.99, 8.63]}, "properties": {"id": "PH-3427", "datetime_utc": "2023-12-04T02:38:12Z", "year": 2023, "mag": 5.1, "mag_type": "Mw", "depth_km": 1.0, "mw": 5.1}}, {"type": "Feature", "geometry": {"type": "Point", "coordinates": [126.96, 8.84]}, "properties": {"id": "PH-3428", "datetime_utc": "2023-12-04T04:17:18Z", "year": 2023, "mag": 5.3, "mag_type": "Mw", "depth_km": 1.0, "mw": 5.3}}, {"type": "Feature", "geometry": {"type": "Point", "coordinates": [127.37, 8.45]}, "properties": {"id": "PH-3429", "datetime_utc": "2023-12-04T04:43:41Z", "year": 2023, "mag": 5.0, "mag_type": "Mw", "depth_km": 20.0, "mw": 5.0}}, {"type": "Feature", "geometry": {"type": "Point", "coordinates": [126.79, 8.81]}, "properties": {"id": "PH-3430", "datetime_utc": "2023-12-04T04:58:58Z", "year": 2023, "mag": 5.5, "mag_type": "Mw", "depth_km": 9.0, "mw": 5.5}}, {"type": "Feature", "geometry": {"type": "Point", "coordinates": [126.87, 8.86]}, "properties": {"id": "PH-3431", "datetime_utc": "2023-12-04T05:08:33Z", "year": 2023, "mag": 5.8, "mag_type": "Mw", "depth_km": 2.0, "mw": 5.8}}, {"type": "Feature", "geometry": {"type": "Point", "coordinates": [127.01, 8.45]}, "properties": {"id": "PH-3432", "datetime_utc": "2023-12-04T06:08:23Z", "year": 2023, "mag": 5.0, "mag_type": "Mw", "depth_km": 5.0, "mw": 5.0}}, {"type": "Feature", "geometry": {"type": "Point", "coordinates": [126.66, 8.93]}, "properties": {"id": "PH-3433", "datetime_utc": "2023-12-05T00:34:28Z", "year": 2023, "mag": 5.3, "mag_type": "Mw", "depth_km": 13.0, "mw": 5.3}}, {"type": "Feature", "geometry": {"type": "Point", "coordinates": [127.21, 8.45]}, "properties": {"id": "PH-3434", "datetime_utc": "2023-12-05T05:27:08Z", "year": 2023, "mag": 5.0, "mag_type": "Mw", "depth_km": 6.0, "mw": 5.0}}, {"type": "Feature", "geometry": {"type": "Point", "coordinates": [120.29, 13.87]}, "properties": {"id": "PH-3435", "datetime_utc": "2023-12-05T08:23:55Z", "year": 2023, "mag": 5.9, "mag_type": "Mw", "depth_km": 60.0, "mw": 5.9}}, {"type": "Feature", "geometry": {"type": "Point", "coordinates": [126.91, 9.06]}, "properties": {"id": "PH-3436", "datetime_utc": "2023-12-05T09:10:01Z", "year": 2023, "mag": 5.7, "mag_type": "Mw", "depth_km": 3.0, "mw": 5.7}}, {"type": "Feature", "geometry": {"type": "Point", "coordinates": [126.95, 9.15]}, "properties": {"id": "PH-3437", "datetime_utc": "2023-12-05T09:42:48Z", "year": 2023, "mag": 5.6, "mag_type": "Mw", "depth_km": 1.0, "mw": 5.6}}, {"type": "Feature", "geometry": {"type": "Point", "coordinates": [127.82, 2.53]}, "properties": {"id": "PH-3438", "datetime_utc": "2023-12-05T12:36:42Z", "year": 2023, "mag": 5.2, "mag_type": "Mw", "depth_km": 121.0, "mw": 5.2}}, {"type": "Feature", "geometry": {"type": "Point", "coordinates": [127.02, 9.07]}, "properties": {"id": "PH-3439", "datetime_utc": "2023-12-05T13:36:33Z", "year": 2023, "mag": 5.8, "mag_type": "Mw", "depth_km": 1.0, "mw": 5.8}}, {"type": "Feature", "geometry": {"type": "Point", "coordinates": [121.03, 19.2]}, "properties": {"id": "PH-3440", "datetime_utc": "2023-12-06T06:19:10Z", "year": 2023, "mag": 5.0, "mag_type": "Mw", "depth_km": 9.0, "mw": 5.0}}, {"type": "Feature", "geometry": {"type": "Point", "coordinates": [126.74, 8.84]}, "properties": {"id": "PH-3441", "datetime_utc": "2023-12-06T08:33:01Z", "year": 2023, "mag": 5.1, "mag_type": "Ms", "depth_km": 10.0, "ms": 5.1}}, {"type": "Feature", "geometry": {"type": "Point", "coordinates": [127.09, 8.81]}, "properties": {"id": "PH-3442", "datetime_utc": "2023-12-08T10:32:33Z", "year": 2023, "mag": 5.2, "mag_type": "Mw", "depth_km": 1.0, "mw": 5.2}}, {"type": "Feature", "geometry": {"type": "Point", "coordinates": [127.01, 8.89]}, "properties": {"id": "PH-3443", "datetime_utc": "2023-12-08T11:32:10Z", "year": 2023, "mag": 5.1, "mag_type": "Mw", "depth_km": 9.0, "mw": 5.1}}, {"type": "Feature", "geometry": {"type": "Point", "coordinates": [127.48, 8.8]}, "properties": {"id": "PH-3444", "datetime_utc": "2023-12-10T22:52:55Z", "year": 2023, "mag": 5.2, "mag_type": "Mw", "depth_km": 26.0, "mw": 5.2}}, {"type": "Feature", "geometry": {"type": "Point", "coordinates": [126.72, 8.58]}, "properties": {"id": "PH-3445", "datetime_utc": "2023-12-12T13:58:22Z", "year": 2023, "mag": 5.1, "mag_type": "Mw", "depth_km": 14.0, "mw": 5.1}}, {"type": "Feature", "geometry": {"type": "Point", "coordinates": [127.43, 8.92]}, "properties": {"id": "PH-3446", "datetime_utc": "2023-12-15T16:05:27Z", "year": 2023, "mag": 5.0, "mag_type": "Mw", "depth_km": 17.0, "mw": 5.0}}, {"type": "Feature", "geometry": {"type": "Point", "coordinates": [127.01, 8.13]}, "properties": {"id": "PH-3447", "datetime_utc": "2023-12-23T14:22:22Z", "year": 2023, "mag": 5.2, "mag_type": "Mw", "depth_km": 12.0, "mw": 5.2}}, {"type": "Feature", "geometry": {"type": "Point", "coordinates": [127.03, 8.95]}, "properties": {"id": "PH-3448", "datetime_utc": "2023-12-23T16:38:30Z", "year": 2023, "mag": 5.3, "mag_type": "Mw", "depth_km": 2.0, "mw": 5.3}}, {"type": "Feature", "geometry": {"type": "Point", "coordinates": [126.56, 8.29]}, "properties": {"id": "PH-3449", "datetime_utc": "2024-01-03T01:11:30Z", "year": 2024, "mag": 5.1, "mag_type": "Mw", "depth_km": 32.0, "mw": 5.1}}, {"type": "Feature", "geometry": {"type": "Point", "coordinates": [126.42, 4.45]}, "properties": {"id": "PH-3450", "datetime_utc": "2024-01-08T20:48:38Z", "year": 2024, "mag": 6.7, "mag_type": "Mw", "depth_km": 72.0, "mw": 6.7}}, {"type": "Feature", "geometry": {"type": "Point", "coordinates": [126.61, 8.38]}, "properties": {"id": "PH-3451", "datetime_utc": "2024-01-15T11:31:22Z", "year": 2024, "mag": 5.0, "mag_type": "Mw", "depth_km": 27.0, "mw": 5.0}}, {"type": "Feature", "geometry": {"type": "Point", "coordinates": [126.61, 8.4]}, "properties": {"id": "PH-3452", "datetime_utc": "2024-01-17T12:32:01Z", "year": 2024, "mag": 5.7, "mag_type": "Mw", "depth_km": 26.0, "mw": 5.7}}, {"type": "Feature", "geometry": {"type": "Point", "coordinates": [127.58, 8.62]}, "properties": {"id": "PH-3453", "datetime_utc": "2024-01-29T07:37:21Z", "year": 2024, "mag": 5.1, "mag_type": "Mw", "depth_km": 13.0, "mw": 5.1}}, {"type": "Feature", "geometry": {"type": "Point", "coordinates": [127.18, 8.18]}, "properties": {"id": "PH-3454", "datetime_utc": "2024-02-01T21:35:33Z", "year": 2024, "mag": 5.3, "mag_type": "Mw", "depth_km": 1.0, "mw": 5.3}}, {"type": "Feature", "geometry": {"type": "Point", "coordinates": [127.2, 2.2]}, "properties": {"id": "PH-3455", "datetime_utc": "2024-02-03T08:25:07Z", "year": 2024, "mag": 5.3, "mag_type": "Ms", "depth_km": 98.0, "ms": 5.3}}, {"type": "Feature", "geometry": {"type": "Point", "coordinates": [126.47, 8.89]}, "properties": {"id": "PH-3456", "datetime_utc": "2024-02-06T14:37:56Z", "year": 2024, "mag": 5.2, "mag_type": "Mw", "depth_km": 36.0, "mw": 5.2}}, {"type": "Feature", "geometry": {"type": "Point", "coordinates": [127.19, 8.83]}, "properties": {"id": "PH-3457", "datetime_utc": "2024-02-07T02:44:48Z", "year": 2024, "mag": 5.0, "mag_type": "Mw", "depth_km": 3.0, "mw": 5.0}}, {"type": "Feature", "geometry": {"type": "Point", "coordinates": [127.16, 8.86]}, "properties": {"id": "PH-3458", "datetime_utc": "2024-02-07T02:56:53Z", "year": 2024, "mag": 5.1, "mag_type": "Mw", "depth_km": 1.0, "mw": 5.1}}, {"type": "Feature", "geometry": {"type": "Point", "coordinates": [120.73, 18.7]}, "properties": {"id": "PH-3459", "datetime_utc": "2024-02-07T04:05:04Z", "year": 2024, "mag": 5.4, "mag_type": "Mw", "depth_km": 31.0, "mw": 5.4}}, {"type": "Feature", "geometry": {"type": "Point", "coordinates": [125.55, 8.69]}, "properties": {"id": "PH-3460", "datetime_utc": "2024-02-10T03:22:07Z", "year": 2024, "mag": 5.8, "mag_type": "Mw", "depth_km": 24.0, "mw": 5.8}}, {"type": "Feature", "geometry": {"type": "Point", "coordinates": [125.63, 8.66]}, "properties": {"id": "PH-3461", "datetime_utc": "2024-02-10T05:21:35Z", "year": 2024, "mag": 5.2, "mag_type": "Mw", "depth_km": 41.0, "mw": 5.2}}, {"type": "Feature", "geometry": {"type": "Point", "coordinates": [126.93, 9.94]}, "properties": {"id": "PH-3462", "datetime_utc": "2024-02-12T02:03:03Z", "year": 2024, "mag": 5.3, "mag_type": "Mw", "depth_km": 17.0, "mw": 5.3}}, {"type": "Feature", "geometry": {"type": "Point", "coordinates": [125.08, 12.12]}, "properties": {"id": "PH-3463", "datetime_utc": "2024-02-24T18:47:40Z", "year": 2024, "mag": 5.0, "mag_type": "Mw", "depth_km": 26.0, "mw": 5.0}}, {"type": "Feature", "geometry": {"type": "Point", "coordinates": [126.88, 8.76]}, "properties": {"id": "PH-3464", "datetime_utc": "2024-02-29T00:10:12Z", "year": 2024, "mag": 5.3, "mag_type": "Mw", "depth_km": 3.0, "mw": 5.3}}, {"type": "Feature", "geometry": {"type": "Point", "coordinates": [126.97, 8.81]}, "properties": {"id": "PH-3465", "datetime_utc": "2024-02-29T00:23:57Z", "year": 2024, "mag": 5.4, "mag_type": "Mw", "depth_km": 12.0, "mw": 5.4}}, {"type": "Feature", "geometry": {"type": "Point", "coordinates": [127.07, 8.84]}, "properties": {"id": "PH-3466", "datetime_utc": "2024-03-01T09:28:58Z", "year": 2024, "mag": 5.4, "mag_type": "Mw", "depth_km": 18.0, "mw": 5.4}}, {"type": "Feature", "geometry": {"type": "Point", "coordinates": [127.14, 7.88]}, "properties": {"id": "PH-3467", "datetime_utc": "2024-03-06T20:19:39Z", "year": 2024, "mag": 5.0, "mag_type": "Mw", "depth_km": 7.0, "mw": 5.0}}, {"type": "Feature", "geometry": {"type": "Point", "coordinates": [127.05, 5.88]}, "properties": {"id": "PH-3468", "datetime_utc": "2024-03-08T09:11:45Z", "year": 2024, "mag": 6.0, "mag_type": "Mw", "depth_km": 133.0, "mw": 6.0}}, {"type": "Feature", "geometry": {"type": "Point", "coordinates": [126.84, 2.29]}, "properties": {"id": "PH-3469", "datetime_utc": "2024-03-29T18:06:56Z", "year": 2024, "mag": 5.4, "mag_type": "Ms", "depth_km": 81.0, "ms": 5.4}}, {"type": "Feature", "geometry": {"type": "Point", "coordinates": [126.61, 8.14]}, "properties": {"id": "PH-3470", "datetime_utc": "2024-03-31T21:16:44Z", "year": 2024, "mag": 5.0, "mag_type": "Mw", "depth_km": 28.0, "mw": 5.0}}, {"type": "Feature", "geometry": {"type": "Point", "coordinates": [126.9, 8.56]}, "properties": {"id": "PH-3471", "datetime_utc": "2024-04-03T04:51:15Z", "year": 2024, "mag": 5.1, "mag_type": "Ms", "depth_km": 1.0, "ms": 5.1}}, {"type": "Feature", "geometry": {"type": "Point", "coordinates": [127.19, 2.52]}, "properties": {"id": "PH-3472", "datetime_utc": "2024-04-09T09:47:59Z", "year": 2024, "mag": 6.5, "mag_type": "Mw", "depth_km": 35.0, "mw": 6.5}}, {"type": "Feature", "geometry": {"type": "Point", "coordinates": [126.1, 11.95]}, "properties": {"id": "PH-3473", "datetime_utc": "2024-04-10T16:20:17Z", "year": 2024, "mag": 5.1, "mag_type": "Mw", "depth_km": 14.0, "mw": 5.1}}, {"type": "Feature", "geometry": {"type": "Point", "coordinates": [126.14, 7.52]}, "properties": {"id": "PH-3474", "datetime_utc": "2024-04-11T03:33:58Z", "year": 2024, "mag": 5.3, "mag_type": "Mw", "depth_km": 11.0, "mw": 5.3}}, {"type": "Feature", "geometry": {"type": "Point", "coordinates": [126.62, 2.39]}, "properties": {"id": "PH-3475", "datetime_utc": "2024-04-13T06:26:37Z", "year": 2024, "mag": 5.3, "mag_type": "Ms", "depth_km": 73.0, "ms": 5.3}}, {"type": "Feature", "geometry": {"type": "Point", "coordinates": [126.36, 9.73]}, "properties": {"id": "PH-3476", "datetime_utc": "2024-04-16T16:06:13Z", "year": 2024, "mag": 5.0, "mag_type": "Mw", "depth_km": 17.0, "mw": 5.0}}, {"type": "Feature", "geometry": {"type": "Point", "coordinates": [121.27, 20.29]}, "properties": {"id": "PH-3477", "datetime_utc": "2024-04-23T12:55:10Z", "year": 2024, "mag": 5.3, "mag_type": "Mw", "depth_km": 15.0, "mw": 5.3}}, {"type": "Feature", "geometry": {"type": "Point", "coordinates": [127.37, 7.69]}, "properties": {"id": "PH-3478", "datetime_utc": "2024-04-25T04:20:14Z", "year": 2024, "mag": 5.0, "mag_type": "Mw", "depth_km": 18.0, "mw": 5.0}}, {"type": "Feature", "geometry": {"type": "Point", "coordinates": [125.37, 10.81]}, "properties": {"id": "PH-3479", "datetime_utc": "2024-05-03T10:16:23Z", "year": 2024, "mag": 5.8, "mag_type": "Mw", "depth_km": 10.0, "mw": 5.8}}, {"type": "Feature", "geometry": {"type": "Point", "coordinates": [125.81, 11.37]}, "properties": {"id": "PH-3480", "datetime_utc": "2024-05-07T08:02:58Z", "year": 2024, "mag": 5.1, "mag_type": "Mw", "depth_km": 6.0, "mw": 5.1}}, {"type": "Feature", "geometry": {"type": "Point", "coordinates": [124.64, 5.83]}, "properties": {"id": "PH-3481", "datetime_utc": "2024-05-07T13:12:53Z", "year": 2024, "mag": 5.0, "mag_type": "Mw", "depth_km": 10.0, "mw": 5.0}}, {"type": "Feature", "geometry": {"type": "Point", "coordinates": [123.09, 3.75]}, "properties": {"id": "PH-3482", "datetime_utc": "2024-05-18T06:26:07Z", "year": 2024, "mag": 5.5, "mag_type": "Mw", "depth_km": 539.0, "mw": 5.5}}, {"type": "Feature", "geometry": {"type": "Point", "coordinates": [119.63, 9.49]}, "properties": {"id": "PH-3483", "datetime_utc": "2024-06-11T06:58:37Z", "year": 2024, "mag": 5.1, "mag_type": "Mw", "depth_km": 31.0, "mw": 5.1}}, {"type": "Feature", "geometry": {"type": "Point", "coordinates": [126.65, 4.1]}, "properties": {"id": "PH-3484", "datetime_utc": "2024-06-12T17:01:20Z", "year": 2024, "mag": 5.7, "mag_type": "Mw", "depth_km": 55.0, "mw": 5.7}}, {"type": "Feature", "geometry": {"type": "Point", "coordinates": [126.99, 3.1]}, "properties": {"id": "PH-3485", "datetime_utc": "2024-06-15T13:08:17Z", "year": 2024, "mag": 5.7, "mag_type": "Mw", "depth_km": 95.0, "mw": 5.7}}, {"type": "Feature", "geometry": {"type": "Point", "coordinates": [125.18, 4.83]}, "properties": {"id": "PH-3486", "datetime_utc": "2024-06-16T11:49:01Z", "year": 2024, "mag": 5.1, "mag_type": "Ms", "depth_km": 18.0, "ms": 5.1}}, {"type": "Feature", "geometry": {"type": "Point", "coordinates": [127.27, 8.48]}, "properties": {"id": "PH-3487", "datetime_utc": "2024-06-21T19:03:03Z", "year": 2024, "mag": 5.1, "mag_type": "Ms", "depth_km": 29.0, "ms": 5.1}}, {"type": "Feature", "geometry": {"type": "Point", "coordinates": [125.13, 14.05]}, "properties": {"id": "PH-3488", "datetime_utc": "2024-06-22T00:41:54Z", "year": 2024, "mag": 5.1, "mag_type": "Mw", "depth_km": 53.0, "mw": 5.1}}, {"type": "Feature", "geometry": {"type": "Point", "coordinates": [121.24, 19.13]}, "properties": {"id": "PH-3489", "datetime_utc": "2024-07-06T10:29:34Z", "year": 2024, "mag": 5.4, "mag_type": "Ms", "depth_km": 6.0, "ms": 5.4}}, {"type": "Feature", "geometry": {"type": "Point", "coordinates": [124.63, 12.38]}, "properties": {"id": "PH-3490", "datetime_utc": "2024-07-06T16:01:06Z", "year": 2024, "mag": 5.0, "mag_type": "Mw", "depth_km": 85.0, "mw": 5.0}}, {"type": "Feature", "geometry": {"type": "Point", "coordinates": [123.34, 5.93]}, "properties": {"id": "PH-3491", "datetime_utc": "2024-07-11T02:13:13Z", "year": 2024, "mag": 7.1, "mag_type": "Mw", "depth_km": 686.0, "mw": 7.1}}, {"type": "Feature", "geometry": {"type": "Point", "coordinates": [126.84, 8.12]}, "properties": {"id": "PH-3492", "datetime_utc": "2024-08-02T22:22:57Z", "year": 2024, "mag": 6.8, "mag_type": "Mw", "depth_km": 11.0, "mw": 6.8}}, {"type": "Feature", "geometry": {"type": "Point", "coordinates": [127.09, 8.03]}, "properties": {"id": "PH-3493", "datetime_utc": "2024-08-02T23:36:06Z", "year": 2024, "mag": 5.0, "mag_type": "Mw", "depth_km": 4.0, "mw": 5.0}}, {"type": "Feature", "geometry": {"type": "Point", "coordinates": [127.07, 7.95]}, "properties": {"id": "PH-3494", "datetime_utc": "2024-08-03T01:38:13Z", "year": 2024, "mag": 5.4, "mag_type": "Mw", "depth_km": 1.0, "mw": 5.4}}, {"type": "Feature", "geometry": {"type": "Point", "coordinates": [126.99, 7.98]}, "properties": {"id": "PH-3495", "datetime_utc": "2024-08-03T03:17:11Z", "year": 2024, "mag": 5.0, "mag_type": "Mw", "depth_km": 6.0, "mw": 5.0}}, {"type": "Feature", "geometry": {"type": "Point", "coordinates": [127.18, 8.14]}, "properties": {"id": "PH-3496", "datetime_utc": "2024-08-03T04:20:23Z", "year": 2024, "mag": 6.2, "mag_type": "Mw", "depth_km": 1.0, "mw": 6.2}}, {"type": "Feature", "geometry": {"type": "Point", "coordinates": [127.32, 7.81]}, "properties": {"id": "PH-3497", "datetime_utc": "2024-08-06T05:39:21Z", "year": 2024, "mag": 5.2, "mag_type": "Mw", "depth_km": 7.0, "mw": 5.2}}, {"type": "Feature", "geometry": {"type": "Point", "coordinates": [124.88, 12.87]}, "properties": {"id": "PH-3498", "datetime_utc": "2024-08-19T03:39:00Z", "year": 2024, "mag": 5.7, "mag_type": "Mw", "depth_km": 59.0, "mw": 5.7}}, {"type": "Feature", "geometry": {"type": "Point", "coordinates": [123.61, 12.52]}, "properties": {"id": "PH-3499", "datetime_utc": "2024-08-27T13:01:31Z", "year": 2024, "mag": 5.0, "mag_type": "Mw", "depth_km": 8.0, "mw": 5.0}}, {"type": "Feature", "geometry": {"type": "Point", "coordinates": [126.61, 3.55]}, "properties": {"id": "PH-3500", "datetime_utc": "2024-09-01T19:59:20Z", "year": 2024, "mag": 5.0, "mag_type": "Mw", "depth_km": 8.0, "mw": 5.0}}, {"type": "Feature", "geometry": {"type": "Point", "coordinates": [122.63, 14.95]}, "properties": {"id": "PH-3501", "datetime_utc": "2024-09-03T23:16:44Z", "year": 2024, "mag": 5.3, "mag_type": "Mw", "depth_km": 3.0, "mw": 5.3}}, {"type": "Feature", "geometry": {"type": "Point", "coordinates": [125.93, 10.99]}, "properties": {"id": "PH-3502", "datetime_utc": "2024-09-08T19:28:01Z", "year": 2024, "mag": 5.0, "mag_type": "Mw", "depth_km": 44.0, "mw": 5.0}}, {"type": "Feature", "geometry": {"type": "Point", "coordinates": [126.78, 4.28]}, "properties": {"id": "PH-3503", "datetime_utc": "2024-09-09T21:01:31Z", "year": 2024, "mag": 5.2, "mag_type": "Mw", "depth_km": 101.0, "mw": 5.2}}, {"type": "Feature", "geometry": {"type": "Point", "coordinates": [126.88, 4.11]}, "properties": {"id": "PH-3504", "datetime_utc": "2024-09-13T06:33:39Z", "year": 2024, "mag": 5.1, "mag_type": "Mw", "depth_km": 18.0, "mw": 5.1}}, {"type": "Feature", "geometry": {"type": "Point", "coordinates": [124.37, 10.49]}, "properties": {"id": "PH-3505", "datetime_utc": "2024-09-29T06:53:34Z", "year": 2024, "mag": 5.1, "mag_type": "Mw", "depth_km": 7.0, "mw": 5.1}}, {"type": "Feature", "geometry": {"type": "Point", "coordinates": [126.48, 2.57]}, "properties": {"id": "PH-3506", "datetime_utc": "2024-09-29T11:09:14Z", "year": 2024, "mag": 5.3, "mag_type": "Mw", "depth_km": 1.0, "mw": 5.3}}, {"type": "Feature", "geometry": {"type": "Point", "coordinates": [124.93, 14.31]}, "properties": {"id": "PH-3507", "datetime_utc": "2024-10-01T21:19:50Z", "year": 2024, "mag": 6.1, "mag_type": "Mw", "depth_km": 35.0, "mw": 6.1}}, {"type": "Feature", "geometry": {"type": "Point", "coordinates": [126.2, 6.08]}, "properties": {"id": "PH-3508", "datetime_utc": "2024-11-19T08:34:00Z", "year": 2024, "mag": 5.2, "mag_type": "Ms", "depth_km": 69.0, "ms": 5.2}}, {"type": "Feature", "geometry": {"type": "Point", "coordinates": [126.5, 9.0]}, "properties": {"id": "PH-3509", "datetime_utc": "2024-11-27T08:59:09Z", "year": 2024, "mag": 5.0, "mag_type": "Mw", "depth_km": 19.0, "mw": 5.0}}, {"type": "Feature", "geometry": {"type": "Point", "coordinates": [120.61, 15.51]}, "properties": {"id": "PH-3510", "datetime_utc": "2024-11-27T21:58:44Z", "year": 2024, "mag": 5.7, "mag_type": "Mw", "depth_km": 191.0, "mw": 5.7}}, {"type": "Feature", "geometry": {"type": "Point", "coordinates": [126.56, 4.48]}, "properties": {"id": "PH-3511", "datetime_utc": "2024-12-03T16:09:08Z", "year": 2024, "mag": 5.3, "mag_type": "Mw", "depth_km": 39.0, "mw": 5.3}}, {"type": "Feature", "geometry": {"type": "Point", "coordinates": [120.73, 18.52]}, "properties": {"id": "PH-3512", "datetime_utc": "2024-12-03T18:54:42Z", "year": 2024, "mag": 5.7, "mag_type": "Mw", "depth_km": 23.0, "mw": 5.7}}, {"type": "Feature", "geometry": {"type": "Point", "coordinates": [119.42, 17.66]}, "properties": {"id": "PH-3513", "datetime_utc": "2024-12-19T01:09:52Z", "year": 2024, "mag": 5.0, "mag_type": "Mw", "depth_km": 27.0, "mw": 5.0}}, {"type": "Feature", "geometry": {"type": "Point", "coordinates": [126.83, 12.13]}, "properties": {"id": "PH-3514", "datetime_utc": "2024-12-19T19:22:17Z", "year": 2024, "mag": 5.3, "mag_type": "Mw", "depth_km": 17.0, "mw": 5.3}}, {"type": "Feature", "geometry": {"type": "Point", "coordinates": [125.86, 8.47]}, "properties": {"id": "PH-3515", "datetime_utc": "2024-12-26T10:26:19Z", "year": 2024, "mag": 5.3, "mag_type": "Mw", "depth_km": 14.0, "mw": 5.3}}, {"type": "Feature", "geometry": {"type": "Point", "coordinates": [126.42, 9.56]}, "properties": {"id": "PH-3516", "datetime_utc": "2024-12-27T18:42:59Z", "year": 2024, "mag": 5.6, "mag_type": "Mw", "depth_km": 51.0, "mw": 5.6}}, {"type": "Feature", "geometry": {"type": "Point", "coordinates": [120.63, 18.6]}, "properties": {"id": "PH-3517", "datetime_utc": "2024-12-30T02:56:16Z", "year": 2024, "mag": 5.6, "mag_type": "Mw", "depth_km": 22.0, "mw": 5.6}}, {"type": "Feature", "geometry": {"type": "Point", "coordinates": [126.69, 6.5]}, "properties": {"id": "PH-3518", "datetime_utc": "2025-01-05T09:16:39Z", "year": 2025, "mag": 5.2, "mag_type": "Mw", "depth_km": 120.0, "mw": 5.2}}, {"type": "Feature", "geometry": {"type": "Point", "coordinates": [124.05, 6.48]}, "properties": {"id": "PH-3519", "datetime_utc": "2025-01-13T00:19:41Z", "year": 2025, "mag": 5.5, "mag_type": "Mw", "depth_km": 596.0, "ms": 5.1, "mw": 5.5}}, {"type": "Feature", "geometry": {"type": "Point", "coordinates": [120.44, 13.93]}, "properties": {"id": "PH-3520", "datetime_utc": "2025-01-20T10:42:59Z", "year": 2025, "mag": 5.5, "mag_type": "Mw", "depth_km": 90.0, "mw": 5.5}}, {"type": "Feature", "geometry": {"type": "Point", "coordinates": [121.12, 21.11]}, "properties": {"id": "PH-3521", "datetime_utc": "2025-01-21T18:48:24Z", "year": 2025, "mag": 5.0, "mag_type": "Mw", "depth_km": 14.0, "mw": 5.0}}, {"type": "Feature", "geometry": {"type": "Point", "coordinates": [125.18, 10.01]}, "properties": {"id": "PH-3522", "datetime_utc": "2025-01-22T23:39:47Z", "year": 2025, "mag": 5.8, "mag_type": "Mw", "depth_km": 11.0, "mw": 5.8}}, {"type": "Feature", "geometry": {"type": "Point", "coordinates": [122.12, 7.69]}, "properties": {"id": "PH-3523", "datetime_utc": "2025-01-23T03:41:13Z", "year": 2025, "mag": 5.4, "mag_type": "Mw", "depth_km": 39.0, "mw": 5.4}}, {"type": "Feature", "geometry": {"type": "Point", "coordinates": [125.61, 10.22]}, "properties": {"id": "PH-3524", "datetime_utc": "2025-02-02T15:43:10Z", "year": 2025, "mag": 5.0, "mag_type": "Mw", "depth_km": 105.0, "mw": 5.0}}, {"type": "Feature", "geometry": {"type": "Point", "coordinates": [128.45, 2.98]}, "properties": {"id": "PH-3525", "datetime_utc": "2025-02-03T21:35:49Z", "year": 2025, "mag": 5.9, "mag_type": "Mw", "depth_km": 132.0, "mw": 5.9}}, {"type": "Feature", "geometry": {"type": "Point", "coordinates": [126.93, 3.67]}, "properties": {"id": "PH-3526", "datetime_utc": "2025-02-06T13:16:19Z", "year": 2025, "mag": 5.0, "mag_type": "Mw", "depth_km": 85.0, "mw": 5.0}}, {"type": "Feature", "geometry": {"type": "Point", "coordinates": [125.96, 11.56]}, "properties": {"id": "PH-3527", "datetime_utc": "2025-02-14T12:50:03Z", "year": 2025, "mag": 5.3, "mag_type": "Mw", "depth_km": 10.0, "mw": 5.3}}, {"type": "Feature", "geometry": {"type": "Point", "coordinates": [125.95, 11.54]}, "properties": {"id": "PH-3528", "datetime_utc": "2025-02-15T01:18:49Z", "year": 2025, "mag": 5.2, "mag_type": "Mw", "depth_km": 12.0, "mw": 5.2}}, {"type": "Feature", "geometry": {"type": "Point", "coordinates": [125.21, 6.71]}, "properties": {"id": "PH-3529", "datetime_utc": "2025-03-04T01:42:22Z", "year": 2025, "mag": 5.0, "mag_type": "Mw", "depth_km": 17.0, "mw": 5.0}}, {"type": "Feature", "geometry": {"type": "Point", "coordinates": [127.54, 8.4]}, "properties": {"id": "PH-3530", "datetime_utc": "2025-03-12T15:09:42Z", "year": 2025, "mag": 5.6, "mag_type": "Mw", "depth_km": 10.0, "mw": 5.6}}, {"type": "Feature", "geometry": {"type": "Point", "coordinates": [126.7, 7.9]}, "properties": {"id": "PH-3531", "datetime_utc": "2025-03-17T15:41:53Z", "year": 2025, "mag": 5.0, "mag_type": "Mw", "depth_km": 33.0, "mw": 5.0}}, {"type": "Feature", "geometry": {"type": "Point", "coordinates": [120.55, 13.63]}, "properties": {"id": "PH-3532", "datetime_utc": "2025-04-01T09:25:52Z", "year": 2025, "mag": 5.0, "mag_type": "Mw", "depth_km": 136.0, "mw": 5.0}}, {"type": "Feature", "geometry": {"type": "Point", "coordinates": [125.25, 4.25]}, "properties": {"id": "PH-3533", "datetime_utc": "2025-04-08T19:25:51Z", "year": 2025, "mag": 5.2, "mag_type": "Mw", "depth_km": 33.0, "mw": 5.2}}, {"type": "Feature", "geometry": {"type": "Point", "coordinates": [124.15, 5.73]}, "properties": {"id": "PH-3534", "datetime_utc": "2025-04-15T21:42:41Z", "year": 2025, "mag": 5.7, "mag_type": "Mw", "depth_km": 2.0, "mw": 5.7}}, {"type": "Feature", "geometry": {"type": "Point", "coordinates": [124.1, 5.94]}, "properties": {"id": "PH-3535", "datetime_utc": "2025-04-19T16:11:16Z", "year": 2025, "mag": 5.9, "mag_type": "Mw", "depth_km": 13.0, "mw": 5.9}}, {"type": "Feature", "geometry": {"type": "Point", "coordinates": [124.09, 5.84]}, "properties": {"id": "PH-3536", "datetime_utc": "2025-04-19T16:50:46Z", "year": 2025, "mag": 5.1, "mag_type": "Mw", "depth_km": 10.0, "mw": 5.1}}, {"type": "Feature", "geometry": {"type": "Point", "coordinates": [124.06, 5.82]}, "properties": {"id": "PH-3537", "datetime_utc": "2025-04-19T17:37:09Z", "year": 2025, "mag": 5.4, "mag_type": "Mw", "depth_km": 12.0, "mw": 5.4}}, {"type": "Feature", "geometry": {"type": "Point", "coordinates": [127.87, 4.49]}, "properties": {"id": "PH-3538", "datetime_utc": "2025-04-22T10:17:11Z", "year": 2025, "mag": 6.3, "mag_type": "Mw", "depth_km": 134.0, "mw": 6.3}}, {"type": "Feature", "geometry": {"type": "Point", "coordinates": [121.16, 19.43]}, "properties": {"id": "PH-3539", "datetime_utc": "2025-04-27T16:54:25Z", "year": 2025, "mag": 5.5, "mag_type": "Ms", "depth_km": 41.0, "ms": 5.5}}, {"type": "Feature", "geometry": {"type": "Point", "coordinates": [120.96, 19.74]}, "properties": {"id": "PH-3540", "datetime_utc": "2025-04-27T17:18:23Z", "year": 2025, "mag": 5.7, "mag_type": "Mw", "depth_km": 66.0, "mw": 5.7}}, {"type": "Feature", "geometry": {"type": "Point", "coordinates": [121.98, 9.87]}, "properties": {"id": "PH-3541", "datetime_utc": "2025-05-17T00:32:57Z", "year": 2025, "mag": 5.1, "mag_type": "Mw", "depth_km": 5.0, "mw": 5.1}}, {"type": "Feature", "geometry": {"type": "Point", "coordinates": [120.08, 16.88]}, "properties": {"id": "PH-3542", "datetime_utc": "2025-05-24T02:36:10Z", "year": 2025, "mag": 5.2, "mag_type": "Mw", "depth_km": 16.0, "mw": 5.2}}, {"type": "Feature", "geometry": {"type": "Point", "coordinates": [122.34, 20.89]}, "properties": {"id": "PH-3543", "datetime_utc": "2025-05-27T13:35:01Z", "year": 2025, "mag": 5.0, "mag_type": "Mw", "depth_km": 5.0, "mw": 5.0}}, {"type": "Feature", "geometry": {"type": "Point", "coordinates": [120.52, 13.67]}, "properties": {"id": "PH-3544", "datetime_utc": "2025-06-09T16:04:59Z", "year": 2025, "mag": 5.1, "mag_type": "Mw", "depth_km": 159.0, "mw": 5.1}}, {"type": "Feature", "geometry": {"type": "Point", "coordinates": [126.35, 2.17]}, "properties": {"id": "PH-3545", "datetime_utc": "2025-06-17T06:25:34Z", "year": 2025, "mag": 5.1, "mag_type": "Mw", "depth_km": 28.0, "mw": 5.1}}, {"type": "Feature", "geometry": {"type": "Point", "coordinates": [126.73, 8.09]}, "properties": {"id": "PH-3546", "datetime_utc": "2025-06-17T08:36:23Z", "year": 2025, "mag": 5.4, "mag_type": "Mw", "depth_km": 26.0, "mw": 5.4}}, {"type": "Feature", "geometry": {"type": "Point", "coordinates": [129.77, 8.15]}, "properties": {"id": "PH-3547", "datetime_utc": "2025-06-24T01:58:09Z", "year": 2025, "mag": 6.3, "mag_type": "Mw", "depth_km": 34.0, "mw": 6.3}}, {"type": "Feature", "geometry": {"type": "Point", "coordinates": [126.22, 5.09]}, "properties": {"id": "PH-3548", "datetime_utc": "2025-06-27T23:07:07Z", "year": 2025, "mag": 6.1, "mag_type": "Mw", "depth_km": 85.0, "mw": 6.1}}, {"type": "Feature", "geometry": {"type": "Point", "coordinates": [126.01, 5.28]}, "properties": {"id": "PH-3549", "datetime_utc": "2025-06-27T23:41:42Z", "year": 2025, "mag": 4.8, "mag_type": "Mw", "depth_km": 77.0, "mw": 4.8}}, {"type": "Feature", "geometry": {"type": "Point", "coordinates": [126.77, 2.68]}, "properties": {"id": "PH-3550", "datetime_utc": "2025-06-28T12:40:45Z", "year": 2025, "mag": 5.1, "mag_type": "Ms", "depth_km": 126.0, "ms": 5.1}}, {"type": "Feature", "geometry": {"type": "Point", "coordinates": [127.46, 7.23]}, "properties": {"id": "PH-3551", "datetime_utc": "2025-07-13T17:08:33Z", "year": 2025, "mag": 5.1, "mag_type": "Mw", "depth_km": 23.0, "mw": 5.1}}, {"type": "Feature", "geometry": {"type": "Point", "coordinates": [120.25, 18.49]}, "properties": {"id": "PH-3552", "datetime_utc": "2025-07-15T02:38:18Z", "year": 2025, "mag": 5.5, "mag_type": "Mw", "depth_km": 44.0, "mw": 5.5}}, {"type": "Feature", "geometry": {"type": "Point", "coordinates": [121.21, 19.97]}, "properties": {"id": "PH-3553", "datetime_utc": "2025-07-19T01:34:45Z", "year": 2025, "mag": 5.2, "mag_type": "Mw", "depth_km": 21.0, "mw": 5.2}}, {"type": "Feature", "geometry": {"type": "Point", "coordinates": [127.6, 8.32]}, "properties": {"id": "PH-3554", "datetime_utc": "2025-07-19T16:25:20Z", "year": 2025, "mag": 5.5, "mag_type": "Mw", "depth_km": 19.0, "mw": 5.5}}, {"type": "Feature", "geometry": {"type": "Point", "coordinates": [121.4, 19.73]}, "properties": {"id": "PH-3555", "datetime_utc": "2025-07-20T05:45:33Z", "year": 2025, "mag": 5.5, "mag_type": "Mw", "depth_km": 33.0, "mw": 5.5}}, {"type": "Feature", "geometry": {"type": "Point", "coordinates": [126.72, 6.08]}, "properties": {"id": "PH-3556", "datetime_utc": "2025-08-09T11:33:02Z", "year": 2025, "mag": 5.3, "mag_type": "Mw", "depth_km": 86.0, "mw": 5.3}}, {"type": "Feature", "geometry": {"type": "Point", "coordinates": [126.2, 5.4]}, "properties": {"id": "PH-3557", "datetime_utc": "2025-08-12T05:08:28Z", "year": 2025, "mag": 5.3, "mag_type": "Mw", "depth_km": 136.0, "mw": 5.3}}, {"type": "Feature", "geometry": {"type": "Point", "coordinates": [120.5, 19.09]}, "properties": {"id": "PH-3558", "datetime_utc": "2025-09-02T02:29:29Z", "year": 2025, "mag": 5.1, "mag_type": "Mw", "depth_km": 3.0, "mw": 5.1}}, {"type": "Feature", "geometry": {"type": "Point", "coordinates": [127.13, 9.26]}, "properties": {"id": "PH-3559", "datetime_utc": "2025-09-07T07:29:06Z", "year": 2025, "mag": 5.1, "mag_type": "Mw", "depth_km": 3.0, "mw": 5.1}}, {"type": "Feature", "geometry": {"type": "Point", "coordinates": [125.57, 9.93]}, "properties": {"id": "PH-3560", "datetime_utc": "2025-09-08T18:52:09Z", "year": 2025, "mag": 5.3, "mag_type": "Mw", "depth_km": 123.0, "mw": 5.3}}, {"type": "Feature", "geometry": {"type": "Point", "coordinates": [119.9, 16.95]}, "properties": {"id": "PH-3561", "datetime_utc": "2025-09-18T19:52:10Z", "year": 2025, "mag": 5.5, "mag_type": "Ms", "depth_km": 20.0, "ms": 5.5}}, {"type": "Feature", "geometry": {"type": "Point", "coordinates": [124.14, 11.1]}, "properties": {"id": "PH-3562", "datetime_utc": "2025-09-30T13:59:44Z", "year": 2025, "mag": 6.9, "mag_type": "Mw", "depth_km": 5.0, "mw": 6.9}}, {"type": "Feature", "geometry": {"type": "Point", "coordinates": [124.17, 11.15]}, "properties": {"id": "PH-3563", "datetime_utc": "2025-10-01T14:46:57Z", "year": 2025, "mag": 5.0, "mag_type": "Mw", "depth_km": 7.0, "mw": 5.0}}, {"type": "Feature", "geometry": {"type": "Point", "coordinates": [124.14, 11.11]}, "properties": {"id": "PH-3564", "datetime_utc": "2025-10-02T21:39:54Z", "year": 2025, "mag": 5.1, "mag_type": "Mw", "depth_km": 10.0, "mw": 5.1}}, {"type": "Feature", "geometry": {"type": "Point", "coordinates": [121.99, 9.92]}, "properties": {"id": "PH-3565", "datetime_utc": "2025-10-07T00:03:59Z", "year": 2025, "mag": 5.1, "mag_type": "Mw", "depth_km": 9.0, "mw": 5.1}}, {"type": "Feature", "geometry": {"type": "Point", "coordinates": [126.97, 7.22]}, "properties": {"id": "PH-3566", "datetime_utc": "2025-10-10T01:43:55Z", "year": 2025, "mag": 7.4, "mag_type": "Mw", "depth_km": 23.0, "mw": 7.4}}, {"type": "Feature", "geometry": {"type": "Point", "coordinates": [126.99, 7.03]}, "properties": {"id": "PH-3567", "datetime_utc": "2025-10-10T03:32:00Z", "year": 2025, "mag": 5.8, "mag_type": "Ms", "depth_km": 19.0, "ms": 5.8}}, {"type": "Feature", "geometry": {"type": "Point", "coordinates": [127.28, 7.06]}, "properties": {"id": "PH-3568", "datetime_utc": "2025-10-10T07:24:03Z", "year": 2025, "mag": 5.5, "mag_type": "Mw", "depth_km": 14.0, "ms": 5.0, "mw": 5.5}}, {"type": "Feature", "geometry": {"type": "Point", "coordinates": [127.12, 7.07]}, "properties": {"id": "PH-3569", "datetime_utc": "2025-10-10T07:38:39Z", "year": 2025, "mag": 5.2, "mag_type": "Ms", "depth_km": 10.0, "ms": 5.2}}, {"type": "Feature", "geometry": {"type": "Point", "coordinates": [126.9, 7.07]}, "properties": {"id": "PH-3570", "datetime_utc": "2025-10-10T11:12:05Z", "year": 2025, "mag": 6.8, "mag_type": "Mw", "depth_km": 37.0, "mw": 6.8}}, {"type": "Feature", "geometry": {"type": "Point", "coordinates": [120.23, 15.24]}, "properties": {"id": "PH-3571", "datetime_utc": "2025-10-11T09:32:11Z", "year": 2025, "mag": 5.1, "mag_type": "Mw", "depth_km": 112.0, "mw": 5.1}}, {"type": "Feature", "geometry": {"type": "Point", "coordinates": [126.91, 7.23]}, "properties": {"id": "PH-3572", "datetime_utc": "2025-10-11T10:27:21Z", "year": 2025, "mag": 5.5, "mag_type": "Mw", "depth_km": 18.0, "mw": 5.5}}, {"type": "Feature", "geometry": {"type": "Point", "coordinates": [126.55, 8.94]}, "properties": {"id": "PH-3573", "datetime_utc": "2025-10-11T14:32:56Z", "year": 2025, "mag": 6.0, "mag_type": "Mw", "depth_km": 24.0, "mw": 6.0}}, {"type": "Feature", "geometry": {"type": "Point", "coordinates": [123.94, 10.96]}, "properties": {"id": "PH-3574", "datetime_utc": "2025-10-12T17:06:00Z", "year": 2025, "mag": 5.8, "mag_type": "Mw", "depth_km": 5.0, "mw": 5.8}}, {"type": "Feature", "geometry": {"type": "Point", "coordinates": [127.05, 7.47]}, "properties": {"id": "PH-3575", "datetime_utc": "2025-10-14T02:00:11Z", "year": 2025, "mag": 5.6, "mag_type": "Mw", "depth_km": 18.0, "mw": 5.6}}, {"type": "Feature", "geometry": {"type": "Point", "coordinates": [127.2, 7.36]}, "properties": {"id": "PH-3576", "datetime_utc": "2025-10-14T19:26:00Z", "year": 2025, "mag": 5.0, "mag_type": "Mw", "depth_km": 17.0, "mw": 5.0}}, {"type": "Feature", "geometry": {"type": "Point", "coordinates": [126.22, 9.69]}, "properties": {"id": "PH-3577", "datetime_utc": "2025-10-16T23:03:13Z", "year": 2025, "mag": 6.0, "mag_type": "Mw", "depth_km": 28.0, "mw": 6.0}}]}